Mã,Tên,C?p,Ngh? quy?t,Mã TP,T?nh / Thành Ph?
00004,Ph??ng Ba ?ình,Ph??ng,S?: 1656/NQ-UBTVQH15; Ngày: 16/06/2025,01,Thành ph? Hà N?i
00008,Ph??ng Ng?c Hà,Ph??ng,S?: 1656/NQ-UBTVQH15; Ngày: 16/06/2025,01,Thành ph? Hà N?i
00025,Ph??ng Gi?ng Võ,Ph??ng,S?: 1656/NQ-UBTVQH15; Ngày: 16/06/2025,01,Thành ph? Hà N?i
00070,"Ph??ng 
Hoàn Ki?m",Ph??ng,S?: 1656/NQ-UBTVQH15; Ngày: 16/06/2025,01,Thành ph? Hà N?i
00082,Ph??ng C?a Nam,Ph??ng,S?: 1656/NQ-UBTVQH15; Ngày: 16/06/2025,01,Thành ph? Hà N?i
00091,Ph??ng Phú Th??ng,Ph??ng,S?: 1656/NQ-UBTVQH15; Ngày: 16/06/2025,01,Thành ph? Hà N?i
00097,Ph??ng H?ng Hà,Ph??ng,S?: 1656/NQ-UBTVQH15; Ngày: 16/06/2025,01,Thành ph? Hà N?i
00103,Ph??ng Tây H?,Ph??ng,S?: 1656/NQ-UBTVQH15; Ngày: 16/06/2025,01,Thành ph? Hà N?i
00118,Ph??ng B? ??,Ph??ng,S?: 1656/NQ-UBTVQH15; Ngày: 16/06/2025,01,Thành ph? Hà N?i
00127,Ph??ng Vi?t H?ng,Ph??ng,S?: 1656/NQ-UBTVQH15; Ngày: 16/06/2025,01,Thành ph? Hà N?i
00136,Ph??ng Phúc L?i,Ph??ng,S?: 1656/NQ-UBTVQH15; Ngày: 16/06/2025,01,Thành ph? Hà N?i
00145,Ph??ng Long Biên,Ph??ng,S?: 1656/NQ-UBTVQH15; Ngày: 16/06/2025,01,Thành ph? Hà N?i
00160,Ph??ng Ngh?a ?ô,Ph??ng,S?: 1656/NQ-UBTVQH15; Ngày: 16/06/2025,01,Thành ph? Hà N?i
00166,Ph??ng C?u Gi?y,Ph??ng,S?: 1656/NQ-UBTVQH15; Ngày: 16/06/2025,01,Thành ph? Hà N?i
00175,Ph??ng Yên Hòa,Ph??ng,S?: 1656/NQ-UBTVQH15; Ngày: 16/06/2025,01,Thành ph? Hà N?i
00190,Ph??ng Ô Ch? D?a,Ph??ng,S?: 1656/NQ-UBTVQH15; Ngày: 16/06/2025,01,Thành ph? Hà N?i
00199,Ph??ng Láng,Ph??ng,S?: 1656/NQ-UBTVQH15; Ngày: 16/06/2025,01,Thành ph? Hà N?i
00226,Ph??ng V?n Mi?u - Qu?c T? Giám,Ph??ng,S?: 1656/NQ-UBTVQH15; Ngày: 16/06/2025,01,Thành ph? Hà N?i
00229,Ph??ng Kim Liên,Ph??ng,S?: 1656/NQ-UBTVQH15; Ngày: 16/06/2025,01,Thành ph? Hà N?i
00235,Ph??ng ??ng ?a,Ph??ng,S?: 1656/NQ-UBTVQH15; Ngày: 16/06/2025,01,Thành ph? Hà N?i
00256,Ph??ng Hai Bà Tr?ng,Ph??ng,S?: 1656/NQ-UBTVQH15; Ngày: 16/06/2025,01,Thành ph? Hà N?i
00283,Ph??ng V?nh Tuy,Ph??ng,S?: 1656/NQ-UBTVQH15; Ngày: 16/06/2025,01,Thành ph? Hà N?i
00292,Ph??ng B?ch Mai,Ph??ng,S?: 1656/NQ-UBTVQH15; Ngày: 16/06/2025,01,Thành ph? Hà N?i
00301,Ph??ng V?nh H?ng,Ph??ng,S?: 1656/NQ-UBTVQH15; Ngày: 16/06/2025,01,Thành ph? Hà N?i
00316,Ph??ng ??nh Công,Ph??ng,S?: 1656/NQ-UBTVQH15; Ngày: 16/06/2025,01,Thành ph? Hà N?i
00322,Ph??ng T??ng Mai,Ph??ng,S?: 1656/NQ-UBTVQH15; Ngày: 16/06/2025,01,Thành ph? Hà N?i
00328,Ph??ng L?nh Nam,Ph??ng,S?: 1656/NQ-UBTVQH15; Ngày: 16/06/2025,01,Thành ph? Hà N?i
00331,Ph??ng Hoàng Mai,Ph??ng,S?: 1656/NQ-UBTVQH15; Ngày: 16/06/2025,01,Thành ph? Hà N?i
00337,Ph??ng Hoàng Li?t,Ph??ng,S?: 1656/NQ-UBTVQH15; Ngày: 16/06/2025,01,Thành ph? Hà N?i
00340,Ph??ng Yên S?,Ph??ng,S?: 1656/NQ-UBTVQH15; Ngày: 16/06/2025,01,Thành ph? Hà N?i
00352,Ph??ng Ph??ng Li?t,Ph??ng,S?: 1656/NQ-UBTVQH15; Ngày: 16/06/2025,01,Thành ph? Hà N?i
00364,Ph??ng Kh??ng ?ình,Ph??ng,S?: 1656/NQ-UBTVQH15; Ngày: 16/06/2025,01,Thành ph? Hà N?i
00367,Ph??ng Thanh Xuân,Ph??ng,S?: 1656/NQ-UBTVQH15; Ngày: 16/06/2025,01,Thành ph? Hà N?i
00376,Xã Sóc S?n,Xã,S?: 1656/NQ-UBTVQH15; Ngày: 16/06/2025,01,Thành ph? Hà N?i
00382,Xã Kim Anh,Xã,S?: 1656/NQ-UBTVQH15; Ngày: 16/06/2025,01,Thành ph? Hà N?i
00385,Xa? Trung Giã ,Xã,S?: 1656/NQ-UBTVQH15; Ngày: 16/06/2025,01,Thành ph? Hà N?i
00430,Xã ?a Phúc,Xã,S?: 1656/NQ-UBTVQH15; Ngày: 16/06/2025,01,Thành ph? Hà N?i
00433,Xã N?i Bài,Xã,S?: 1656/NQ-UBTVQH15; Ngày: 16/06/2025,01,Thành ph? Hà N?i
00454,Xã ?ông Anh,Xã,S?: 1656/NQ-UBTVQH15; Ngày: 16/06/2025,01,Thành ph? Hà N?i
00466,Xã Phúc Th?nh,Xã,S?: 1656/NQ-UBTVQH15; Ngày: 16/06/2025,01,Thành ph? Hà N?i
00475,Xã Th? Lâm,Xã,S?: 1656/NQ-UBTVQH15; Ngày: 16/06/2025,01,Thành ph? Hà N?i
00493,Xã Thiên L?c,Xã,S?: 1656/NQ-UBTVQH15; Ngày: 16/06/2025,01,Thành ph? Hà N?i
00508,Xã V?nh Thanh,Xã,S?: 1656/NQ-UBTVQH15; Ngày: 16/06/2025,01,Thành ph? Hà N?i
00541,Xã Phù ??ng,Xã,S?: 1656/NQ-UBTVQH15; Ngày: 16/06/2025,01,Thành ph? Hà N?i
00562,Xã Thu?n An,Xã,S?: 1656/NQ-UBTVQH15; Ngày: 16/06/2025,01,Thành ph? Hà N?i
00565,Xã Gia Lâm,Xã,S?: 1656/NQ-UBTVQH15; Ngày: 16/06/2025,01,Thành ph? Hà N?i
00577,Xã Bát Tràng,Xã,S?: 1656/NQ-UBTVQH15; Ngày: 16/06/2025,01,Thành ph? Hà N?i
00592,Ph??ng T? Liêm,Ph??ng,S?: 1656/NQ-UBTVQH15; Ngày: 16/06/2025,01,Thành ph? Hà N?i
00598,Ph??ng Th??ng Cát,Ph??ng,S?: 1656/NQ-UBTVQH15; Ngày: 16/06/2025,01,Thành ph? Hà N?i
00602,Ph??ng ?ông Ng?c,Ph??ng,S?: 1656/NQ-UBTVQH15; Ngày: 16/06/2025,01,Thành ph? Hà N?i
00611,Ph??ng Xuân ??nh,Ph??ng,S?: 1656/NQ-UBTVQH15; Ngày: 16/06/2025,01,Thành ph? Hà N?i
00613,Ph??ng Tây T?u,Ph??ng,S?: 1656/NQ-UBTVQH15; Ngày: 16/06/2025,01,Thành ph? Hà N?i
00619,Ph??ng Phú Di?n,Ph??ng,S?: 1656/NQ-UBTVQH15; Ngày: 16/06/2025,01,Thành ph? Hà N?i
00622,Ph??ng Xuân Ph??ng ,Ph??ng,S?: 1656/NQ-UBTVQH15; Ngày: 16/06/2025,01,Thành ph? Hà N?i
00634,Ph??ng Tây M?,Ph??ng,S?: 1656/NQ-UBTVQH15; Ngày: 16/06/2025,01,Thành ph? Hà N?i
00637,Ph??ng ??i M?,Ph??ng,S?: 1656/NQ-UBTVQH15; Ngày: 16/06/2025,01,Thành ph? Hà N?i
00640,Xã Thanh Trì,Xã,S?: 1656/NQ-UBTVQH15; Ngày: 16/06/2025,01,Thành ph? Hà N?i
00643,Ph??ng Thanh Li?t,Ph??ng,S?: 1656/NQ-UBTVQH15; Ngày: 16/06/2025,01,Thành ph? Hà N?i
00664,Xã ??i Thanh,Xã,S?: 1656/NQ-UBTVQH15; Ngày: 16/06/2025,01,Thành ph? Hà N?i
00679,Xã Ng?c H?i,Xã,S?: 1656/NQ-UBTVQH15; Ngày: 16/06/2025,01,Thành ph? Hà N?i
00685,Xã Nam Phù,Xã,S?: 1656/NQ-UBTVQH15; Ngày: 16/06/2025,01,Thành ph? Hà N?i
04930,Xã Yên Xuân,Xã,S?: 1656/NQ-UBTVQH15; Ngày: 16/06/2025,01,Thành ph? Hà N?i
08974,Xã Quang Minh,Xã,S?: 1656/NQ-UBTVQH15; Ngày: 16/06/2025,01,Thành ph? Hà N?i
08980,Xã Yên Lãng,Xã,S?: 1656/NQ-UBTVQH15; Ngày: 16/06/2025,01,Thành ph? Hà N?i
08995,Xã Ti?n Th?ng,Xã,S?: 1656/NQ-UBTVQH15; Ngày: 16/06/2025,01,Thành ph? Hà N?i
09022,Xã Mê Linh,Xã,S?: 1656/NQ-UBTVQH15; Ngày: 16/06/2025,01,Thành ph? Hà N?i
09552,Ph??ng Ki?n H?ng ,Ph??ng,S?: 1656/NQ-UBTVQH15; Ngày: 16/06/2025,01,Thành ph? Hà N?i
09556,Ph??ng Hà ?ông,Ph??ng,S?: 1656/NQ-UBTVQH15; Ngày: 16/06/2025,01,Thành ph? Hà N?i
09562,Ph??ng Yên Ngh?a,Ph??ng,S?: 1656/NQ-UBTVQH15; Ngày: 16/06/2025,01,Thành ph? Hà N?i
09568,Ph??ng Phú L??ng,Ph??ng,S?: 1656/NQ-UBTVQH15; Ngày: 16/06/2025,01,Thành ph? Hà N?i
09574,Ph??ng S?n Tây,Ph??ng,S?: 1656/NQ-UBTVQH15; Ngày: 16/06/2025,01,Thành ph? Hà N?i
09604,Ph??ng Tùng Thi?n,Ph??ng,S?: 1656/NQ-UBTVQH15; Ngày: 16/06/2025,01,Thành ph? Hà N?i
09616,Xã ?oài Ph??ng,Xã,S?: 1656/NQ-UBTVQH15; Ngày: 16/06/2025,01,Thành ph? Hà N?i
09619,Xã Qu?ng Oai,Xã,S?: 1656/NQ-UBTVQH15; Ngày: 16/06/2025,01,Thành ph? Hà N?i
09634,Xã C? ?ô,Xã,S?: 1656/NQ-UBTVQH15; Ngày: 16/06/2025,01,Thành ph? Hà N?i
09661,Xã Minh Châu,Xã,S?: 1656/NQ-UBTVQH15; Ngày: 16/06/2025,01,Thành ph? Hà N?i
09664,Xã V?t L?i,Xã,S?: 1656/NQ-UBTVQH15; Ngày: 16/06/2025,01,Thành ph? Hà N?i
09676,Xã B?t B?t,Xã,S?: 1656/NQ-UBTVQH15; Ngày: 16/06/2025,01,Thành ph? Hà N?i
09694,Xã Su?i Hai,Xã,S?: 1656/NQ-UBTVQH15; Ngày: 16/06/2025,01,Thành ph? Hà N?i
09700,Xã Ba Vì,Xã,S?: 1656/NQ-UBTVQH15; Ngày: 16/06/2025,01,Thành ph? Hà N?i
09706,Xã Yên Bài ,Xã,S?: 1656/NQ-UBTVQH15; Ngày: 16/06/2025,01,Thành ph? Hà N?i
09715,Xã Phúc Th?,Xã,S?: 1656/NQ-UBTVQH15; Ngày: 16/06/2025,01,Thành ph? Hà N?i
09739,Xã Phúc L?c,Xã,S?: 1656/NQ-UBTVQH15; Ngày: 16/06/2025,01,Thành ph? Hà N?i
09772,Xã Hát Môn,Xã,S?: 1656/NQ-UBTVQH15; Ngày: 16/06/2025,01,Thành ph? Hà N?i
09784,Xa? ?an Ph??ng,Xã,S?: 1656/NQ-UBTVQH15; Ngày: 16/06/2025,01,Thành ph? Hà N?i
09787,Xã Liên Minh,Xã,S?: 1656/NQ-UBTVQH15; Ngày: 16/06/2025,01,Thành ph? Hà N?i
09817,Xã Ô Diên,Xã,S?: 1656/NQ-UBTVQH15; Ngày: 16/06/2025,01,Thành ph? Hà N?i
09832,Xã Hoài ??c,Xã,S?: 1656/NQ-UBTVQH15; Ngày: 16/06/2025,01,Thành ph? Hà N?i
09856,Xã D??ng Hòa,Xã,S?: 1656/NQ-UBTVQH15; Ngày: 16/06/2025,01,Thành ph? Hà N?i
09871,Xã S?n ??ng,Xã,S?: 1656/NQ-UBTVQH15; Ngày: 16/06/2025,01,Thành ph? Hà N?i
09877,Xã An Khánh,Xã,S?: 1656/NQ-UBTVQH15; Ngày: 16/06/2025,01,Thành ph? Hà N?i
09886,Ph??ng D??ng N?i,Ph??ng,S?: 1656/NQ-UBTVQH15; Ngày: 16/06/2025,01,Thành ph? Hà N?i
09895,Xã Qu?c Oai,Xã,S?: 1656/NQ-UBTVQH15; Ngày: 16/06/2025,01,Thành ph? Hà N?i
09910,Xã Ki?u Phú,Xã,S?: 1656/NQ-UBTVQH15; Ngày: 16/06/2025,01,Thành ph? Hà N?i
09931,Xa? H?ng ??o ,Xã,S?: 1656/NQ-UBTVQH15; Ngày: 16/06/2025,01,Thành ph? Hà N?i
09952,Xã Phú Cát ,Xã,S?: 1656/NQ-UBTVQH15; Ngày: 16/06/2025,01,Thành ph? Hà N?i
09955,Xã Th?ch Th?t,Xã,S?: 1656/NQ-UBTVQH15; Ngày: 16/06/2025,01,Thành ph? Hà N?i
09982,Xã H? B?ng,Xã,S?: 1656/NQ-UBTVQH15; Ngày: 16/06/2025,01,Thành ph? Hà N?i
09988,Xã Hòa L?c,Xã,S?: 1656/NQ-UBTVQH15; Ngày: 16/06/2025,01,Thành ph? Hà N?i
10003,Xã Tây Ph??ng,Xã,S?: 1656/NQ-UBTVQH15; Ngày: 16/06/2025,01,Thành ph? Hà N?i
10015,Ph??ng Ch??ng M?,Ph??ng,S?: 1656/NQ-UBTVQH15; Ngày: 16/06/2025,01,Thành ph? Hà N?i
10030,Xã Phú Ngh?a,Xã,S?: 1656/NQ-UBTVQH15; Ngày: 16/06/2025,01,Thành ph? Hà N?i
10045,Xã Xuân Mai,Xã,S?: 1656/NQ-UBTVQH15; Ngày: 16/06/2025,01,Thành ph? Hà N?i
10072,Xã Qu?ng B?,Xã,S?: 1656/NQ-UBTVQH15; Ngày: 16/06/2025,01,Thành ph? Hà N?i
10081,Xã Tr?n Phú ,Xã,S?: 1656/NQ-UBTVQH15; Ngày: 16/06/2025,01,Thành ph? Hà N?i
10096,Xã Hòa Phú ,Xã,S?: 1656/NQ-UBTVQH15; Ngày: 16/06/2025,01,Thành ph? Hà N?i
10114,Xã Thanh Oai,Xã,S?: 1656/NQ-UBTVQH15; Ngày: 16/06/2025,01,Thành ph? Hà N?i
10126,Xã Bình Minh ,Xã,S?: 1656/NQ-UBTVQH15; Ngày: 16/06/2025,01,Thành ph? Hà N?i
10144,Xã Tam H?ng,Xã,S?: 1656/NQ-UBTVQH15; Ngày: 16/06/2025,01,Thành ph? Hà N?i
10180,Xã Dân Hòa ,Xã,S?: 1656/NQ-UBTVQH15; Ngày: 16/06/2025,01,Thành ph? Hà N?i
10183,Xã Th??ng Tín,Xã,S?: 1656/NQ-UBTVQH15; Ngày: 16/06/2025,01,Thành ph? Hà N?i
10210,Xã H?ng Vân,Xã,S?: 1656/NQ-UBTVQH15; Ngày: 16/06/2025,01,Thành ph? Hà N?i
10231,Xã Th??ng Phúc,Xã,S?: 1656/NQ-UBTVQH15; Ngày: 16/06/2025,01,Thành ph? Hà N?i
10237,Xã Ch??ng D??ng,Xã,S?: 1656/NQ-UBTVQH15; Ngày: 16/06/2025,01,Thành ph? Hà N?i
10273,Xã Phú Xuyên,Xã,S?: 1656/NQ-UBTVQH15; Ngày: 16/06/2025,01,Thành ph? Hà N?i
10279,Xã Ph??ng D?c,Xã,S?: 1656/NQ-UBTVQH15; Ngày: 16/06/2025,01,Thành ph? Hà N?i
10330,Xã Chuyên M?,Xã,S?: 1656/NQ-UBTVQH15; Ngày: 16/06/2025,01,Thành ph? Hà N?i
10342,Xã ??i Xuyên,Xã,S?: 1656/NQ-UBTVQH15; Ngày: 16/06/2025,01,Thành ph? Hà N?i
10354,Xã Vân ?ình,Xã,S?: 1656/NQ-UBTVQH15; Ngày: 16/06/2025,01,Thành ph? Hà N?i
10369,Xã ?ng Thiên,Xã,S?: 1656/NQ-UBTVQH15; Ngày: 16/06/2025,01,Thành ph? Hà N?i
10402,Xã ?ng Hòa,Xã,S?: 1656/NQ-UBTVQH15; Ngày: 16/06/2025,01,Thành ph? Hà N?i
10417,Xã Hòa Xá,Xã,S?: 1656/NQ-UBTVQH15; Ngày: 16/06/2025,01,Thành ph? Hà N?i
10441,Xã M? ??c,Xã,S?: 1656/NQ-UBTVQH15; Ngày: 16/06/2025,01,Thành ph? Hà N?i
10459,Xã Phúc S?n,Xã,S?: 1656/NQ-UBTVQH15; Ngày: 16/06/2025,01,Thành ph? Hà N?i
10465,Xã H?ng S?n,Xã,S?: 1656/NQ-UBTVQH15; Ngày: 16/06/2025,01,Thành ph? Hà N?i
10489,Xã H??ng S?n,Xã,S?: 1656/NQ-UBTVQH15; Ngày: 16/06/2025,01,Thành ph? Hà N?i
01273,Ph??ng Th?c Phán,Ph??ng,S?: 1657/NQ-UBTVQH15; Ngày: 16/06/2025,04,T?nh Cao B?ng
01279,Ph??ng Nùng Trí Cao,Ph??ng,S?: 1657/NQ-UBTVQH15; Ngày: 16/06/2025,04,T?nh Cao B?ng
01288,Ph??ng Tân Giang,Ph??ng,S?: 1657/NQ-UBTVQH15; Ngày: 16/06/2025,04,T?nh Cao B?ng
01290,Xã B?o Lâm,Xã,S?: 1657/NQ-UBTVQH15; Ngày: 16/06/2025,04,T?nh Cao B?ng
01294,Xã Lý Bôn,Xã,S?: 1657/NQ-UBTVQH15; Ngày: 16/06/2025,04,T?nh Cao B?ng
01297,Xã Nam Quang,Xã,S?: 1657/NQ-UBTVQH15; Ngày: 16/06/2025,04,T?nh Cao B?ng
01304,Xã Qu?ng Lâm,Xã,S?: 1657/NQ-UBTVQH15; Ngày: 16/06/2025,04,T?nh Cao B?ng
01318,Xã Yên Th?,Xã,S?: 1657/NQ-UBTVQH15; Ngày: 16/06/2025,04,T?nh Cao B?ng
01321,Xã B?o L?c,Xã,S?: 1657/NQ-UBTVQH15; Ngày: 16/06/2025,04,T?nh Cao B?ng
01324,Xã C?c Pàng,Xã,S?: 1657/NQ-UBTVQH15; Ngày: 16/06/2025,04,T?nh Cao B?ng
01327,Xã Cô Ba,Xã,S?: 1657/NQ-UBTVQH15; Ngày: 16/06/2025,04,T?nh Cao B?ng
01336,Xã Khánh Xuân,Xã,S?: 1657/NQ-UBTVQH15; Ngày: 16/06/2025,04,T?nh Cao B?ng
01339,Xã Xuân Tr??ng,Xã,S?: 1657/NQ-UBTVQH15; Ngày: 16/06/2025,04,T?nh Cao B?ng
01351,Xã H?ng ??o,Xã,S?: 1657/NQ-UBTVQH15; Ngày: 16/06/2025,04,T?nh Cao B?ng
01354,Xã Huy Giáp,Xã,S?: 1657/NQ-UBTVQH15; Ngày: 16/06/2025,04,T?nh Cao B?ng
01360,Xã S?n L?,Xã,S?: 1657/NQ-UBTVQH15; Ngày: 16/06/2025,04,T?nh Cao B?ng
01363,Xã Thông Nông,Xã,S?: 1657/NQ-UBTVQH15; Ngày: 16/06/2025,04,T?nh Cao B?ng
01366,Xã C?n Yên,Xã,S?: 1657/NQ-UBTVQH15; Ngày: 16/06/2025,04,T?nh Cao B?ng
01387,Xã Thanh Long,Xã,S?: 1657/NQ-UBTVQH15; Ngày: 16/06/2025,04,T?nh Cao B?ng
01392,Xã Tr??ng Hà,Xã,S?: 1657/NQ-UBTVQH15; Ngày: 16/06/2025,04,T?nh Cao B?ng
01393,Xã L?ng N?m,Xã,S?: 1657/NQ-UBTVQH15; Ngày: 16/06/2025,04,T?nh Cao B?ng
01414,Xã T?ng C?t,Xã,S?: 1657/NQ-UBTVQH15; Ngày: 16/06/2025,04,T?nh Cao B?ng
01438,Xã Hà Qu?ng,Xã,S?: 1657/NQ-UBTVQH15; Ngày: 16/06/2025,04,T?nh Cao B?ng
01447,Xã Trà L?nh,Xã,S?: 1657/NQ-UBTVQH15; Ngày: 16/06/2025,04,T?nh Cao B?ng
01456,Xã Quang Hán,Xã,S?: 1657/NQ-UBTVQH15; Ngày: 16/06/2025,04,T?nh Cao B?ng
01465,Xã Quang Trung,Xã,S?: 1657/NQ-UBTVQH15; Ngày: 16/06/2025,04,T?nh Cao B?ng
01477,Xã Trùng Khánh,Xã,S?: 1657/NQ-UBTVQH15; Ngày: 16/06/2025,04,T?nh Cao B?ng
01489,Xã ?ình Phong,Xã,S?: 1657/NQ-UBTVQH15; Ngày: 16/06/2025,04,T?nh Cao B?ng
01501,Xã ?àm Th?y,Xã,S?: 1657/NQ-UBTVQH15; Ngày: 16/06/2025,04,T?nh Cao B?ng
01525,Xã ?oài D??ng,Xã,S?: 1657/NQ-UBTVQH15; Ngày: 16/06/2025,04,T?nh Cao B?ng
01537,Xã Lý Qu?c,Xã,S?: 1657/NQ-UBTVQH15; Ngày: 16/06/2025,04,T?nh Cao B?ng
01552,Xã Quang Long,Xã,S?: 1657/NQ-UBTVQH15; Ngày: 16/06/2025,04,T?nh Cao B?ng
01558,Xã H? Lang,Xã,S?: 1657/NQ-UBTVQH15; Ngày: 16/06/2025,04,T?nh Cao B?ng
01561,Xã Vinh Quý,Xã,S?: 1657/NQ-UBTVQH15; Ngày: 16/06/2025,04,T?nh Cao B?ng
01576,Xã Qu?ng Uyên,Xã,S?: 1657/NQ-UBTVQH15; Ngày: 16/06/2025,04,T?nh Cao B?ng
01594,Xã ??c L?p,Xã,S?: 1657/NQ-UBTVQH15; Ngày: 16/06/2025,04,T?nh Cao B?ng
01618,Xã H?nh Phúc,Xã,S?: 1657/NQ-UBTVQH15; Ngày: 16/06/2025,04,T?nh Cao B?ng
01636,Xã B? V?n ?àn,Xã,S?: 1657/NQ-UBTVQH15; Ngày: 16/06/2025,04,T?nh Cao B?ng
01648,Xã Ph?c Hòa,Xã,S?: 1657/NQ-UBTVQH15; Ngày: 16/06/2025,04,T?nh Cao B?ng
01654,Xã Hòa An,Xã,S?: 1657/NQ-UBTVQH15; Ngày: 16/06/2025,04,T?nh Cao B?ng
01660,Xã Nam Tu?n,Xã,S?: 1657/NQ-UBTVQH15; Ngày: 16/06/2025,04,T?nh Cao B?ng
01699,Xã Nguy?n Hu?,Xã,S?: 1657/NQ-UBTVQH15; Ngày: 16/06/2025,04,T?nh Cao B?ng
01708,Xã B?ch ??ng,Xã,S?: 1657/NQ-UBTVQH15; Ngày: 16/06/2025,04,T?nh Cao B?ng
01726,Xã Nguyên Bình,Xã,S?: 1657/NQ-UBTVQH15; Ngày: 16/06/2025,04,T?nh Cao B?ng
01729,Xã T?nh Túc,Xã,S?: 1657/NQ-UBTVQH15; Ngày: 16/06/2025,04,T?nh Cao B?ng
01738,Xã Ca Thành,Xã,S?: 1657/NQ-UBTVQH15; Ngày: 16/06/2025,04,T?nh Cao B?ng
01747,Xã Minh Tâm,Xã,S?: 1657/NQ-UBTVQH15; Ngày: 16/06/2025,04,T?nh Cao B?ng
01768,Xã Phan Thanh,Xã,S?: 1657/NQ-UBTVQH15; Ngày: 16/06/2025,04,T?nh Cao B?ng
01774,Xã Tam Kim,Xã,S?: 1657/NQ-UBTVQH15; Ngày: 16/06/2025,04,T?nh Cao B?ng
01777,Xã Thành Công,Xã,S?: 1657/NQ-UBTVQH15; Ngày: 16/06/2025,04,T?nh Cao B?ng
01786,Xã ?ông Khê,Xã,S?: 1657/NQ-UBTVQH15; Ngày: 16/06/2025,04,T?nh Cao B?ng
01789,Xã Canh Tân,Xã,S?: 1657/NQ-UBTVQH15; Ngày: 16/06/2025,04,T?nh Cao B?ng
01792,Xã Kim ??ng,Xã,S?: 1657/NQ-UBTVQH15; Ngày: 16/06/2025,04,T?nh Cao B?ng
01795,Xã Minh Khai,Xã,S?: 1657/NQ-UBTVQH15; Ngày: 16/06/2025,04,T?nh Cao B?ng
01807,Xã Th?ch An,Xã,S?: 1657/NQ-UBTVQH15; Ngày: 16/06/2025,04,T?nh Cao B?ng
01822,Xã ??c Long,Xã,S?: 1657/NQ-UBTVQH15; Ngày: 16/06/2025,04,T?nh Cao B?ng
00691,Ph??ng Hà Giang 2,Ph??ng,S?: 1684/NQ-UBTVQH15; Ngày: 16/06/2025,08,T?nh Tuyên Quang
00694,Ph??ng Hà Giang 1,Ph??ng,S?: 1684/NQ-UBTVQH15; Ngày: 16/06/2025,08,T?nh Tuyên Quang
00700,Xã Ng?c ???ng,Xã,S?: 1684/NQ-UBTVQH15; Ngày: 16/06/2025,08,T?nh Tuyên Quang
00706,Xã Phú Linh,Xã,S?: 1684/NQ-UBTVQH15; Ngày: 16/06/2025,08,T?nh Tuyên Quang
00715,Xã L?ng Cú,Xã,S?: 1684/NQ-UBTVQH15; Ngày: 16/06/2025,08,T?nh Tuyên Quang
00721,Xã ??ng V?n,Xã,S?: 1684/NQ-UBTVQH15; Ngày: 16/06/2025,08,T?nh Tuyên Quang
00733,Xã Sà Phìn ,Xã,S?: 1684/NQ-UBTVQH15; Ngày: 16/06/2025,08,T?nh Tuyên Quang
00745,Xã Ph? B?ng,Xã,S?: 1684/NQ-UBTVQH15; Ngày: 16/06/2025,08,T?nh Tuyên Quang
00763,Xã L?ng Phìn,Xã,S?: 1684/NQ-UBTVQH15; Ngày: 16/06/2025,08,T?nh Tuyên Quang
00769,Xã Mèo V?c,Xã,S?: 1684/NQ-UBTVQH15; Ngày: 16/06/2025,08,T?nh Tuyên Quang
00778,Xã S?n V?,Xã,S?: 1684/NQ-UBTVQH15; Ngày: 16/06/2025,08,T?nh Tuyên Quang
00787,Xã S?ng Máng,Xã,S?: 1684/NQ-UBTVQH15; Ngày: 16/06/2025,08,T?nh Tuyên Quang
00802,Xã Khâu Vai,Xã,S?: 1684/NQ-UBTVQH15; Ngày: 16/06/2025,08,T?nh Tuyên Quang
00808,Xã Tát Ngà,Xã,S?: 1684/NQ-UBTVQH15; Ngày: 16/06/2025,08,T?nh Tuyên Quang
00817,Xã Niêm S?n,Xã,S?: 1684/NQ-UBTVQH15; Ngày: 16/06/2025,08,T?nh Tuyên Quang
00820,Xã Yên Minh,Xã,S?: 1684/NQ-UBTVQH15; Ngày: 16/06/2025,08,T?nh Tuyên Quang
00829,Xã Th?ng M?,Xã,S?: 1684/NQ-UBTVQH15; Ngày: 16/06/2025,08,T?nh Tuyên Quang
00832,Xã B?ch ?ích,Xã,S?: 1684/NQ-UBTVQH15; Ngày: 16/06/2025,08,T?nh Tuyên Quang
00847,Xã M?u Du?,Xã,S?: 1684/NQ-UBTVQH15; Ngày: 16/06/2025,08,T?nh Tuyên Quang
00859,Xã Ng?c Long,Xã,S?: 1684/NQ-UBTVQH15; Ngày: 16/06/2025,08,T?nh Tuyên Quang
00865,Xã ???ng Th??ng,Xã,S?: 1684/NQ-UBTVQH15; Ngày: 16/06/2025,08,T?nh Tuyên Quang
00871,Xã Du Già,Xã,S?: 1684/NQ-UBTVQH15; Ngày: 16/06/2025,08,T?nh Tuyên Quang
00874,Xã Qu?n B?,Xã,S?: 1684/NQ-UBTVQH15; Ngày: 16/06/2025,08,T?nh Tuyên Quang
00883,Xã Cán T?,Xã,S?: 1684/NQ-UBTVQH15; Ngày: 16/06/2025,08,T?nh Tuyên Quang
00889,Xã Ngh?a Thu?n,Xã,S?: 1684/NQ-UBTVQH15; Ngày: 16/06/2025,08,T?nh Tuyên Quang
00892,Xã Tùng Vài,Xã,S?: 1684/NQ-UBTVQH15; Ngày: 16/06/2025,08,T?nh Tuyên Quang
00901,Xã Lùng Tám,Xã,S?: 1684/NQ-UBTVQH15; Ngày: 16/06/2025,08,T?nh Tuyên Quang
00913,Xã V? Xuyên,Xã,S?: 1684/NQ-UBTVQH15; Ngày: 16/06/2025,08,T?nh Tuyên Quang
00919,Xã Minh Tân,Xã,S?: 1684/NQ-UBTVQH15; Ngày: 16/06/2025,08,T?nh Tuyên Quang
00922,Xã Thu?n Hoà,Xã,S?: 1684/NQ-UBTVQH15; Ngày: 16/06/2025,08,T?nh Tuyên Quang
00925,Xã Tùng Bá,Xã,S?: 1684/NQ-UBTVQH15; Ngày: 16/06/2025,08,T?nh Tuyên Quang
00928,Xã Thanh Th?y,Xã,S?: 1684/NQ-UBTVQH15; Ngày: 16/06/2025,08,T?nh Tuyên Quang
00937,Xã Lao Ch?i,Xã,S?: 1684/NQ-UBTVQH15; Ngày: 16/06/2025,08,T?nh Tuyên Quang
00952,Xã Cao B?,Xã,S?: 1684/NQ-UBTVQH15; Ngày: 16/06/2025,08,T?nh Tuyên Quang
00958,Xã Th??ng S?n,Xã,S?: 1684/NQ-UBTVQH15; Ngày: 16/06/2025,08,T?nh Tuyên Quang
00967,Xã Vi?t Lâm,Xã,S?: 1684/NQ-UBTVQH15; Ngày: 16/06/2025,08,T?nh Tuyên Quang
00970,Xã Linh H?,Xã,S?: 1684/NQ-UBTVQH15; Ngày: 16/06/2025,08,T?nh Tuyên Quang
00976,Xã B?ch Ng?c,Xã,S?: 1684/NQ-UBTVQH15; Ngày: 16/06/2025,08,T?nh Tuyên Quang
00982,Xã Minh S?n,Xã,S?: 1684/NQ-UBTVQH15; Ngày: 16/06/2025,08,T?nh Tuyên Quang
00985,Xã Giáp Trung,Xã,S?: 1684/NQ-UBTVQH15; Ngày: 16/06/2025,08,T?nh Tuyên Quang
00991,Xã B?c Mê,Xã,S?: 1684/NQ-UBTVQH15; Ngày: 16/06/2025,08,T?nh Tuyên Quang
00994,Xã Minh Ng?c,Xã,S?: 1684/NQ-UBTVQH15; Ngày: 16/06/2025,08,T?nh Tuyên Quang
01006,Xã Yên C??ng,Xã,S?: 1684/NQ-UBTVQH15; Ngày: 16/06/2025,08,T?nh Tuyên Quang
01012,Xã ???ng H?ng,Xã,S?: 1684/NQ-UBTVQH15; Ngày: 16/06/2025,08,T?nh Tuyên Quang
01021,Xã Hoàng Su Phì,Xã,S?: 1684/NQ-UBTVQH15; Ngày: 16/06/2025,08,T?nh Tuyên Quang
01024,Xã B?n Máy,Xã,S?: 1684/NQ-UBTVQH15; Ngày: 16/06/2025,08,T?nh Tuyên Quang
01033,Xã Thàng Tín,Xã,S?: 1684/NQ-UBTVQH15; Ngày: 16/06/2025,08,T?nh Tuyên Quang
01051,Xã Tân Ti?n,Xã,S?: 1684/NQ-UBTVQH15; Ngày: 16/06/2025,08,T?nh Tuyên Quang
01057,Xã P? Ly Ngài,Xã,S?: 1684/NQ-UBTVQH15; Ngày: 16/06/2025,08,T?nh Tuyên Quang
01075,Xã N?m D?ch,Xã,S?: 1684/NQ-UBTVQH15; Ngày: 16/06/2025,08,T?nh Tuyên Quang
01084,Xã H? Th?u,Xã,S?: 1684/NQ-UBTVQH15; Ngày: 16/06/2025,08,T?nh Tuyên Quang
01090,Xã Thông Nguyên,Xã,S?: 1684/NQ-UBTVQH15; Ngày: 16/06/2025,08,T?nh Tuyên Quang
01096,Xã Pà V?y S?,Xã,S?: 1684/NQ-UBTVQH15; Ngày: 16/06/2025,08,T?nh Tuyên Quang
01108,Xã Xín M?n,Xã,S?: 1684/NQ-UBTVQH15; Ngày: 16/06/2025,08,T?nh Tuyên Quang
01117,Xã Trung Th?nh,Xã,S?: 1684/NQ-UBTVQH15; Ngày: 16/06/2025,08,T?nh Tuyên Quang
01141,Xã N?m D?n,Xã,S?: 1684/NQ-UBTVQH15; Ngày: 16/06/2025,08,T?nh Tuyên Quang
01144,Xã Qu?ng Nguyên,Xã,S?: 1684/NQ-UBTVQH15; Ngày: 16/06/2025,08,T?nh Tuyên Quang
01147,Xã Khuôn Lùng,Xã,S?: 1684/NQ-UBTVQH15; Ngày: 16/06/2025,08,T?nh Tuyên Quang
01153,Xã B?c Quang,Xã,S?: 1684/NQ-UBTVQH15; Ngày: 16/06/2025,08,T?nh Tuyên Quang
01156,Xã V?nh Tuy,Xã,S?: 1684/NQ-UBTVQH15; Ngày: 16/06/2025,08,T?nh Tuyên Quang
01165,Xã ??ng Tâm,Xã,S?: 1684/NQ-UBTVQH15; Ngày: 16/06/2025,08,T?nh Tuyên Quang
01171,Xã Tân Quang,Xã,S?: 1684/NQ-UBTVQH15; Ngày: 16/06/2025,08,T?nh Tuyên Quang
01180,Xã B?ng Hành,Xã,S?: 1684/NQ-UBTVQH15; Ngày: 16/06/2025,08,T?nh Tuyên Quang
01192,Xã Liên Hi?p,Xã,S?: 1684/NQ-UBTVQH15; Ngày: 16/06/2025,08,T?nh Tuyên Quang
01201,Xã Hùng An,Xã,S?: 1684/NQ-UBTVQH15; Ngày: 16/06/2025,08,T?nh Tuyên Quang
01216,Xã ??ng Yên,Xã,S?: 1684/NQ-UBTVQH15; Ngày: 16/06/2025,08,T?nh Tuyên Quang
01225,Xã Tiên Nguyên,Xã,S?: 1684/NQ-UBTVQH15; Ngày: 16/06/2025,08,T?nh Tuyên Quang
01234,Xã Yên Thành,Xã,S?: 1684/NQ-UBTVQH15; Ngày: 16/06/2025,08,T?nh Tuyên Quang
01237,Xã Quang Bình,Xã,S?: 1684/NQ-UBTVQH15; Ngày: 16/06/2025,08,T?nh Tuyên Quang
01243,Xã Tân Tr?nh,Xã,S?: 1684/NQ-UBTVQH15; Ngày: 16/06/2025,08,T?nh Tuyên Quang
01246,Xã B?ng Lang,Xã,S?: 1684/NQ-UBTVQH15; Ngày: 16/06/2025,08,T?nh Tuyên Quang
01255,Xã Xuân Giang,Xã,S?: 1684/NQ-UBTVQH15; Ngày: 16/06/2025,08,T?nh Tuyên Quang
01261,Xã Tiên Yên,Xã,S?: 1684/NQ-UBTVQH15; Ngày: 16/06/2025,08,T?nh Tuyên Quang
02212,Ph??ng Nông Ti?n ,Ph??ng,S?: 1684/NQ-UBTVQH15; Ngày: 16/06/2025,08,T?nh Tuyên Quang
02215,Ph??ng Minh Xuân,Ph??ng,S?: 1684/NQ-UBTVQH15; Ngày: 16/06/2025,08,T?nh Tuyên Quang
02221,Xã Nà Hang,Xã,S?: 1684/NQ-UBTVQH15; Ngày: 16/06/2025,08,T?nh Tuyên Quang
02239,Xã Th??ng Nông,Xã,S?: 1684/NQ-UBTVQH15; Ngày: 16/06/2025,08,T?nh Tuyên Quang
02245,Xã Côn Lôn,Xã,S?: 1684/NQ-UBTVQH15; Ngày: 16/06/2025,08,T?nh Tuyên Quang
02248,Xã Yên Hoa,Xã,S?: 1684/NQ-UBTVQH15; Ngày: 16/06/2025,08,T?nh Tuyên Quang
02260,Xã H?ng Thái ,Xã,S?: 1684/NQ-UBTVQH15; Ngày: 16/06/2025,08,T?nh Tuyên Quang
02266,Xã Lâm Bình ,Xã,S?: 1684/NQ-UBTVQH15; Ngày: 16/06/2025,08,T?nh Tuyên Quang
02269,Xã Th??ng Lâm,Xã,S?: 1684/NQ-UBTVQH15; Ngày: 16/06/2025,08,T?nh Tuyên Quang
02287,Xã Chiêm Hoá,Xã,S?: 1684/NQ-UBTVQH15; Ngày: 16/06/2025,08,T?nh Tuyên Quang
02296,Xã Bình An,Xã,S?: 1684/NQ-UBTVQH15; Ngày: 16/06/2025,08,T?nh Tuyên Quang
02302,Xã Minh Quang,Xã,S?: 1684/NQ-UBTVQH15; Ngày: 16/06/2025,08,T?nh Tuyên Quang
02305,Xã Trung Hà,Xã,S?: 1684/NQ-UBTVQH15; Ngày: 16/06/2025,08,T?nh Tuyên Quang
02308,Xã Tân M?,Xã,S?: 1684/NQ-UBTVQH15; Ngày: 16/06/2025,08,T?nh Tuyên Quang
02317,Xã Yên L?p,Xã,S?: 1684/NQ-UBTVQH15; Ngày: 16/06/2025,08,T?nh Tuyên Quang
02320,Xã Tân An,Xã,S?: 1684/NQ-UBTVQH15; Ngày: 16/06/2025,08,T?nh Tuyên Quang
02332,Xã Kiên ?ài,Xã,S?: 1684/NQ-UBTVQH15; Ngày: 16/06/2025,08,T?nh Tuyên Quang
02350,Xã Kim Bình,Xã,S?: 1684/NQ-UBTVQH15; Ngày: 16/06/2025,08,T?nh Tuyên Quang
02353,Xã Hoà An,Xã,S?: 1684/NQ-UBTVQH15; Ngày: 16/06/2025,08,T?nh Tuyên Quang
02359,Xã Tri Phú ,Xã,S?: 1684/NQ-UBTVQH15; Ngày: 16/06/2025,08,T?nh Tuyên Quang
02365,Xã Yên Nguyên,Xã,S?: 1684/NQ-UBTVQH15; Ngày: 16/06/2025,08,T?nh Tuyên Quang
02374,Xã Hàm Yên,Xã,S?: 1684/NQ-UBTVQH15; Ngày: 16/06/2025,08,T?nh Tuyên Quang
02380,Xã B?ch Xa,Xã,S?: 1684/NQ-UBTVQH15; Ngày: 16/06/2025,08,T?nh Tuyên Quang
02392,Xã Phù L?u,Xã,S?: 1684/NQ-UBTVQH15; Ngày: 16/06/2025,08,T?nh Tuyên Quang
02398,Xã Yên Phú,Xã,S?: 1684/NQ-UBTVQH15; Ngày: 16/06/2025,08,T?nh Tuyên Quang
02404,Xã Bình Xa,Xã,S?: 1684/NQ-UBTVQH15; Ngày: 16/06/2025,08,T?nh Tuyên Quang
02407,Xã Thái S?n,Xã,S?: 1684/NQ-UBTVQH15; Ngày: 16/06/2025,08,T?nh Tuyên Quang
02419,Xã Thái Hoà,Xã,S?: 1684/NQ-UBTVQH15; Ngày: 16/06/2025,08,T?nh Tuyên Quang
02425,Xã Hùng ??c,Xã,S?: 1684/NQ-UBTVQH15; Ngày: 16/06/2025,08,T?nh Tuyên Quang
02434,Xã L?c Hành,Xã,S?: 1684/NQ-UBTVQH15; Ngày: 16/06/2025,08,T?nh Tuyên Quang
02437,Xã Ki?n Thi?t,Xã,S?: 1684/NQ-UBTVQH15; Ngày: 16/06/2025,08,T?nh Tuyên Quang
02449,Xã Xuân Vân,Xã,S?: 1684/NQ-UBTVQH15; Ngày: 16/06/2025,08,T?nh Tuyên Quang
02455,Xã Hùng L?i,Xã,S?: 1684/NQ-UBTVQH15; Ngày: 16/06/2025,08,T?nh Tuyên Quang
02458,Xã Trung S?n,Xã,S?: 1684/NQ-UBTVQH15; Ngày: 16/06/2025,08,T?nh Tuyên Quang
02470,Xã Tân Long,Xã,S?: 1684/NQ-UBTVQH15; Ngày: 16/06/2025,08,T?nh Tuyên Quang
02473,Xã Yên S?n,Xã,S?: 1684/NQ-UBTVQH15; Ngày: 16/06/2025,08,T?nh Tuyên Quang
02494,Xã Thái Bình,Xã,S?: 1684/NQ-UBTVQH15; Ngày: 16/06/2025,08,T?nh Tuyên Quang
02509,Ph??ng M? Lâm,Ph??ng,S?: 1684/NQ-UBTVQH15; Ngày: 16/06/2025,08,T?nh Tuyên Quang
02512,Ph??ng An T??ng,Ph??ng,S?: 1684/NQ-UBTVQH15; Ngày: 16/06/2025,08,T?nh Tuyên Quang
02524,Ph??ng Bình Thu?n ,Ph??ng,S?: 1684/NQ-UBTVQH15; Ngày: 16/06/2025,08,T?nh Tuyên Quang
02530,Xã Nh? Khê,Xã,S?: 1684/NQ-UBTVQH15; Ngày: 16/06/2025,08,T?nh Tuyên Quang
02536,Xã S?n D??ng,Xã,S?: 1684/NQ-UBTVQH15; Ngày: 16/06/2025,08,T?nh Tuyên Quang
02545,Xã Tân Trào,Xã,S?: 1684/NQ-UBTVQH15; Ngày: 16/06/2025,08,T?nh Tuyên Quang
02548,Xã Bình Ca,Xã,S?: 1684/NQ-UBTVQH15; Ngày: 16/06/2025,08,T?nh Tuyên Quang
02554,Xã Minh Thanh,Xã,S?: 1684/NQ-UBTVQH15; Ngày: 16/06/2025,08,T?nh Tuyên Quang
02572,Xã ?ông Th?,Xã,S?: 1684/NQ-UBTVQH15; Ngày: 16/06/2025,08,T?nh Tuyên Quang
02578,Xã Tân Thanh,Xã,S?: 1684/NQ-UBTVQH15; Ngày: 16/06/2025,08,T?nh Tuyên Quang
02608,Xã H?ng S?n,Xã,S?: 1684/NQ-UBTVQH15; Ngày: 16/06/2025,08,T?nh Tuyên Quang
02611,Xã Phú L??ng,Xã,S?: 1684/NQ-UBTVQH15; Ngày: 16/06/2025,08,T?nh Tuyên Quang
02620,Xã S?n Thu?,Xã,S?: 1684/NQ-UBTVQH15; Ngày: 16/06/2025,08,T?nh Tuyên Quang
02623,Xã Tr??ng Sinh,Xã,S?: 1684/NQ-UBTVQH15; Ngày: 16/06/2025,08,T?nh Tuyên Quang
03127,Ph??ng ?i?n Biên Ph?,Ph??ng,S?: 1661/NQ-UBTVQH15; Ngày: 16/06/2025,11,T?nh ?i?n Biên
03151,Ph??ng M??ng Lay,Ph??ng,S?: 1661/NQ-UBTVQH15; Ngày: 16/06/2025,11,T?nh ?i?n Biên
03158,Xã Sín Th?u,Xã,S?: 1661/NQ-UBTVQH15; Ngày: 16/06/2025,11,T?nh ?i?n Biên
03160,Xã M??ng Nhé,Xã,S?: 1661/NQ-UBTVQH15; Ngày: 16/06/2025,11,T?nh ?i?n Biên
03162,Xã N?m Kè,Xã,S?: 1661/NQ-UBTVQH15; Ngày: 16/06/2025,11,T?nh ?i?n Biên
03163,Xã M??ng Toong,Xã,S?: 1661/NQ-UBTVQH15; Ngày: 16/06/2025,11,T?nh ?i?n Biên
03164,Xã Qu?ng Lâm,Xã,S?: 1661/NQ-UBTVQH15; Ngày: 16/06/2025,11,T?nh ?i?n Biên
03166,Xã M??ng Chà,Xã,S?: 1661/NQ-UBTVQH15; Ngày: 16/06/2025,11,T?nh ?i?n Biên
03169,Xã Nà H?,Xã,S?: 1661/NQ-UBTVQH15; Ngày: 16/06/2025,11,T?nh ?i?n Biên
03172,Xã Na Sang,Xã,S?: 1661/NQ-UBTVQH15; Ngày: 16/06/2025,11,T?nh ?i?n Biên
03175,Xã Chà T?,Xã,S?: 1661/NQ-UBTVQH15; Ngày: 16/06/2025,11,T?nh ?i?n Biên
03176,Xã Nà B?ng,Xã,S?: 1661/NQ-UBTVQH15; Ngày: 16/06/2025,11,T?nh ?i?n Biên
03181,Xã M??ng Tùng,Xã,S?: 1661/NQ-UBTVQH15; Ngày: 16/06/2025,11,T?nh ?i?n Biên
03193,Xã Pa Ham,Xã,S?: 1661/NQ-UBTVQH15; Ngày: 16/06/2025,11,T?nh ?i?n Biên
03194,Xã N?m Nèn,Xã,S?: 1661/NQ-UBTVQH15; Ngày: 16/06/2025,11,T?nh ?i?n Biên
03199,Xã Si Pa Phìn,Xã,S?: 1661/NQ-UBTVQH15; Ngày: 16/06/2025,11,T?nh ?i?n Biên
03202,Xã M??ng P?n,Xã,S?: 1661/NQ-UBTVQH15; Ngày: 16/06/2025,11,T?nh ?i?n Biên
03203,Xã Na Son,Xã,S?: 1661/NQ-UBTVQH15; Ngày: 16/06/2025,11,T?nh ?i?n Biên
03208,Xã Xa Dung,Xã,S?: 1661/NQ-UBTVQH15; Ngày: 16/06/2025,11,T?nh ?i?n Biên
03214,Xã M??ng Luân,Xã,S?: 1661/NQ-UBTVQH15; Ngày: 16/06/2025,11,T?nh ?i?n Biên
03217,Xã T?a Chùa,Xã,S?: 1661/NQ-UBTVQH15; Ngày: 16/06/2025,11,T?nh ?i?n Biên
03220,Xã T?a Thàng,Xã,S?: 1661/NQ-UBTVQH15; Ngày: 16/06/2025,11,T?nh ?i?n Biên
03226,Xã Sín Ch?i,Xã,S?: 1661/NQ-UBTVQH15; Ngày: 16/06/2025,11,T?nh ?i?n Biên
03241,Xã Sính Phình,Xã,S?: 1661/NQ-UBTVQH15; Ngày: 16/06/2025,11,T?nh ?i?n Biên
03244,Xã Sáng Nhè,Xã,S?: 1661/NQ-UBTVQH15; Ngày: 16/06/2025,11,T?nh ?i?n Biên
03253,Xã Tu?n Giáo,Xã,S?: 1661/NQ-UBTVQH15; Ngày: 16/06/2025,11,T?nh ?i?n Biên
03256,Xã M??ng ?ng,Xã,S?: 1661/NQ-UBTVQH15; Ngày: 16/06/2025,11,T?nh ?i?n Biên
03260,Xã Pú Nhung,Xã,S?: 1661/NQ-UBTVQH15; Ngày: 16/06/2025,11,T?nh ?i?n Biên
03268,Xã M??ng Mùn,Xã,S?: 1661/NQ-UBTVQH15; Ngày: 16/06/2025,11,T?nh ?i?n Biên
03283,Xã Chi?ng Sinh,Xã,S?: 1661/NQ-UBTVQH15; Ngày: 16/06/2025,11,T?nh ?i?n Biên
03295,Xã Quài T?,Xã,S?: 1661/NQ-UBTVQH15; Ngày: 16/06/2025,11,T?nh ?i?n Biên
03301,Xã Búng Lao,Xã,S?: 1661/NQ-UBTVQH15; Ngày: 16/06/2025,11,T?nh ?i?n Biên
03313,Xã M??ng L?n,Xã,S?: 1661/NQ-UBTVQH15; Ngày: 16/06/2025,11,T?nh ?i?n Biên
03316,Xã Nà T?u,Xã,S?: 1661/NQ-UBTVQH15; Ngày: 16/06/2025,11,T?nh ?i?n Biên
03325,Xã M??ng Ph?ng,Xã,S?: 1661/NQ-UBTVQH15; Ngày: 16/06/2025,11,T?nh ?i?n Biên
03328,Xã Thanh N?a,Xã,S?: 1661/NQ-UBTVQH15; Ngày: 16/06/2025,11,T?nh ?i?n Biên
03334,Ph??ng M??ng Thanh,Ph??ng,S?: 1661/NQ-UBTVQH15; Ngày: 16/06/2025,11,T?nh ?i?n Biên
03349,Xã Thanh Yên,Xã,S?: 1661/NQ-UBTVQH15; Ngày: 16/06/2025,11,T?nh ?i?n Biên
03352,Xã Thanh An,Xã,S?: 1661/NQ-UBTVQH15; Ngày: 16/06/2025,11,T?nh ?i?n Biên
03356,Xã Sam M?n,Xã,S?: 1661/NQ-UBTVQH15; Ngày: 16/06/2025,11,T?nh ?i?n Biên
03358,Xã Núa Ngam,Xã,S?: 1661/NQ-UBTVQH15; Ngày: 16/06/2025,11,T?nh ?i?n Biên
03368,Xã M??ng Nhà,Xã,S?: 1661/NQ-UBTVQH15; Ngày: 16/06/2025,11,T?nh ?i?n Biên
03370,Xã Pu Nhi,Xã,S?: 1661/NQ-UBTVQH15; Ngày: 16/06/2025,11,T?nh ?i?n Biên
03382,Xã Phình Giàng,Xã,S?: 1661/NQ-UBTVQH15; Ngày: 16/06/2025,11,T?nh ?i?n Biên
03385,Xã Tìa Dình,Xã,S?: 1661/NQ-UBTVQH15; Ngày: 16/06/2025,11,T?nh ?i?n Biên
03388,Ph??ng ?oàn K?t,Ph??ng,S?: 1670/NQ-UBTVQH15; Ngày: 16/06/2025,12,T?nh Lai Châu
03390,Xã Bình L?,Xã,S?: 1670/NQ-UBTVQH15; Ngày: 16/06/2025,12,T?nh Lai Châu
03394,Xã Sin Su?i H?,Xã,S?: 1670/NQ-UBTVQH15; Ngày: 16/06/2025,12,T?nh Lai Châu
03405,Xã T? Lèng,Xã,S?: 1670/NQ-UBTVQH15; Ngày: 16/06/2025,12,T?nh Lai Châu
03408,Ph??ng Tân Phong,Ph??ng,S?: 1670/NQ-UBTVQH15; Ngày: 16/06/2025,12,T?nh Lai Châu
03424,Xã B?n Bo,Xã,S?: 1670/NQ-UBTVQH15; Ngày: 16/06/2025,12,T?nh Lai Châu
03430,Xã Khun Há,Xã,S?: 1670/NQ-UBTVQH15; Ngày: 16/06/2025,12,T?nh Lai Châu
03433,Xã Bum T?,Xã,S?: 1670/NQ-UBTVQH15; Ngày: 16/06/2025,12,T?nh Lai Châu
03434,Xã N?m Hàng,Xã,S?: 1670/NQ-UBTVQH15; Ngày: 16/06/2025,12,T?nh Lai Châu
03439,Xã Thu L?m,Xã,S?: 1670/NQ-UBTVQH15; Ngày: 16/06/2025,12,T?nh Lai Châu
03442,Xã Pa ?,Xã,S?: 1670/NQ-UBTVQH15; Ngày: 16/06/2025,12,T?nh Lai Châu
03445,Xã M??ng Tè,Xã,S?: 1670/NQ-UBTVQH15; Ngày: 16/06/2025,12,T?nh Lai Châu
03451,Xã Mù C?,Xã,S?: 1670/NQ-UBTVQH15; Ngày: 16/06/2025,12,T?nh Lai Châu
03460,Xã Hua Bum,Xã,S?: 1670/NQ-UBTVQH15; Ngày: 16/06/2025,12,T?nh Lai Châu
03463,Xã Tà T?ng,Xã,S?: 1670/NQ-UBTVQH15; Ngày: 16/06/2025,12,T?nh Lai Châu
03466,Xã Bum N?a,Xã,S?: 1670/NQ-UBTVQH15; Ngày: 16/06/2025,12,T?nh Lai Châu
03472,Xã M??ng Mô,Xã,S?: 1670/NQ-UBTVQH15; Ngày: 16/06/2025,12,T?nh Lai Châu
03478,Xã Sìn H?,Xã,S?: 1670/NQ-UBTVQH15; Ngày: 16/06/2025,12,T?nh Lai Châu
03487,Xã Lê L?i,Xã,S?: 1670/NQ-UBTVQH15; Ngày: 16/06/2025,12,T?nh Lai Châu
03503,Xã Pa T?n,Xã,S?: 1670/NQ-UBTVQH15; Ngày: 16/06/2025,12,T?nh Lai Châu
03508,Xã H?ng Thu,Xã,S?: 1670/NQ-UBTVQH15; Ngày: 16/06/2025,12,T?nh Lai Châu
03517,Xã N?m T?m,Xã,S?: 1670/NQ-UBTVQH15; Ngày: 16/06/2025,12,T?nh Lai Châu
03529,Xã T?a Sín Ch?i,Xã,S?: 1670/NQ-UBTVQH15; Ngày: 16/06/2025,12,T?nh Lai Châu
03532,Xã Pu Sam Cáp,Xã,S?: 1670/NQ-UBTVQH15; Ngày: 16/06/2025,12,T?nh Lai Châu
03538,Xã N?m M?,Xã,S?: 1670/NQ-UBTVQH15; Ngày: 16/06/2025,12,T?nh Lai Châu
03544,Xã N?m Cu?i,Xã,S?: 1670/NQ-UBTVQH15; Ngày: 16/06/2025,12,T?nh Lai Châu
03549,Xã Phong Th?,Xã,S?: 1670/NQ-UBTVQH15; Ngày: 16/06/2025,12,T?nh Lai Châu
03562,Xã Sì L? L?u,Xã,S?: 1670/NQ-UBTVQH15; Ngày: 16/06/2025,12,T?nh Lai Châu
03571,Xã Dào San,Xã,S?: 1670/NQ-UBTVQH15; Ngày: 16/06/2025,12,T?nh Lai Châu
03583,Xã Kh?ng Lào,Xã,S?: 1670/NQ-UBTVQH15; Ngày: 16/06/2025,12,T?nh Lai Châu
03595,Xã Than Uyên,Xã,S?: 1670/NQ-UBTVQH15; Ngày: 16/06/2025,12,T?nh Lai Châu
03598,Xã Tân Uyên,Xã,S?: 1670/NQ-UBTVQH15; Ngày: 16/06/2025,12,T?nh Lai Châu
03601,Xã M??ng Khoa,Xã,S?: 1670/NQ-UBTVQH15; Ngày: 16/06/2025,12,T?nh Lai Châu
03613,Xã N?m S?,Xã,S?: 1670/NQ-UBTVQH15; Ngày: 16/06/2025,12,T?nh Lai Châu
03616,Xã P?c Ta,Xã,S?: 1670/NQ-UBTVQH15; Ngày: 16/06/2025,12,T?nh Lai Châu
03618,Xã M??ng Than,Xã,S?: 1670/NQ-UBTVQH15; Ngày: 16/06/2025,12,T?nh Lai Châu
03637,Xã M??ng Kim,Xã,S?: 1670/NQ-UBTVQH15; Ngày: 16/06/2025,12,T?nh Lai Châu
03640,Xã Khoen On,Xã,S?: 1670/NQ-UBTVQH15; Ngày: 16/06/2025,12,T?nh Lai Châu
03646,Ph??ng Tô Hi?u,Ph??ng,S?: 1681/NQ-UBTVQH15; Ngày: 16/06/2025,14,T?nh S?n La
03664,Ph??ng Chi?ng An,Ph??ng,S?: 1681/NQ-UBTVQH15; Ngày: 16/06/2025,14,T?nh S?n La
03670,Ph??ng Chi?ng C?i,Ph??ng,S?: 1681/NQ-UBTVQH15; Ngày: 16/06/2025,14,T?nh S?n La
03679,Ph??ng Chi?ng Sinh,Ph??ng,S?: 1681/NQ-UBTVQH15; Ngày: 16/06/2025,14,T?nh S?n La
03688,Xã M??ng Chiên,Xã,S?: 1681/NQ-UBTVQH15; Ngày: 16/06/2025,14,T?nh S?n La
03694,Xã M??ng Giôn,Xã,S?: 1681/NQ-UBTVQH15; Ngày: 16/06/2025,14,T?nh S?n La
03703,Xã Qu?nh Nhai,Xã,S?: 1681/NQ-UBTVQH15; Ngày: 16/06/2025,14,T?nh S?n La
03712,Xã M??ng S?i,Xã,S?: 1681/NQ-UBTVQH15; Ngày: 16/06/2025,14,T?nh S?n La
03721,Xã Thu?n Châu,Xã,S?: 1681/NQ-UBTVQH15; Ngày: 16/06/2025,14,T?nh S?n La
03724,Xã Bình Thu?n,Xã,S?: 1681/NQ-UBTVQH15; Ngày: 16/06/2025,14,T?nh S?n La
03727,Xã M??ng É,Xã,S?: 1681/NQ-UBTVQH15; Ngày: 16/06/2025,14,T?nh S?n La
03754,Xã Chi?ng La,Xã,S?: 1681/NQ-UBTVQH15; Ngày: 16/06/2025,14,T?nh S?n La
03757,Xã M??ng Khiêng,Xã,S?: 1681/NQ-UBTVQH15; Ngày: 16/06/2025,14,T?nh S?n La
03760,Xã M??ng Bám,Xã,S?: 1681/NQ-UBTVQH15; Ngày: 16/06/2025,14,T?nh S?n La
03763,Xã Long H?,Xã,S?: 1681/NQ-UBTVQH15; Ngày: 16/06/2025,14,T?nh S?n La
03781,Xã Co M?,Xã,S?: 1681/NQ-UBTVQH15; Ngày: 16/06/2025,14,T?nh S?n La
03784,Xã N?m L?u,Xã,S?: 1681/NQ-UBTVQH15; Ngày: 16/06/2025,14,T?nh S?n La
03799,Xã Mu?i N?i,Xã,S?: 1681/NQ-UBTVQH15; Ngày: 16/06/2025,14,T?nh S?n La
03808,Xã M??ng La,Xã,S?: 1681/NQ-UBTVQH15; Ngày: 16/06/2025,14,T?nh S?n La
03814,Xã Chi?ng Lao,Xã,S?: 1681/NQ-UBTVQH15; Ngày: 16/06/2025,14,T?nh S?n La
03820,Xã Ng?c Chi?n,Xã,S?: 1681/NQ-UBTVQH15; Ngày: 16/06/2025,14,T?nh S?n La
03847,Xã M??ng Bú,Xã,S?: 1681/NQ-UBTVQH15; Ngày: 16/06/2025,14,T?nh S?n La
03850,Xã Chi?ng Hoa,Xã,S?: 1681/NQ-UBTVQH15; Ngày: 16/06/2025,14,T?nh S?n La
03856,Xã B?c Yên,Xã,S?: 1681/NQ-UBTVQH15; Ngày: 16/06/2025,14,T?nh S?n La
03862,Xã Xím Vàng,Xã,S?: 1681/NQ-UBTVQH15; Ngày: 16/06/2025,14,T?nh S?n La
03868,Xã Tà Xùa,Xã,S?: 1681/NQ-UBTVQH15; Ngày: 16/06/2025,14,T?nh S?n La
03871,Xã P?c Ngà,Xã,S?: 1681/NQ-UBTVQH15; Ngày: 16/06/2025,14,T?nh S?n La
03880,Xã T? Khoa,Xã,S?: 1681/NQ-UBTVQH15; Ngày: 16/06/2025,14,T?nh S?n La
03892,Xã Chi?ng S?i,Xã,S?: 1681/NQ-UBTVQH15; Ngày: 16/06/2025,14,T?nh S?n La
03901,Xã Su?i T?,Xã,S?: 1681/NQ-UBTVQH15; Ngày: 16/06/2025,14,T?nh S?n La
03907,Xã M??ng C?i,Xã,S?: 1681/NQ-UBTVQH15; Ngày: 16/06/2025,14,T?nh S?n La
03910,Xã Phù Yên,Xã,S?: 1681/NQ-UBTVQH15; Ngày: 16/06/2025,14,T?nh S?n La
03922,Xã Gia Phù,Xã,S?: 1681/NQ-UBTVQH15; Ngày: 16/06/2025,14,T?nh S?n La
03943,Xã M??ng Bang,Xã,S?: 1681/NQ-UBTVQH15; Ngày: 16/06/2025,14,T?nh S?n La
03958,Xã T??ng H?,Xã,S?: 1681/NQ-UBTVQH15; Ngày: 16/06/2025,14,T?nh S?n La
03961,Xã Kim Bon,Xã,S?: 1681/NQ-UBTVQH15; Ngày: 16/06/2025,14,T?nh S?n La
03970,Xã Tân Phong,Xã,S?: 1681/NQ-UBTVQH15; Ngày: 16/06/2025,14,T?nh S?n La
03979,Ph??ng M?c S?n,Ph??ng,S?: 1681/NQ-UBTVQH15; Ngày: 16/06/2025,14,T?nh S?n La
03980,Ph??ng M?c Châu,Ph??ng,S?: 1681/NQ-UBTVQH15; Ngày: 16/06/2025,14,T?nh S?n La
03982,Ph??ng Th?o Nguyên,Ph??ng,S?: 1681/NQ-UBTVQH15; Ngày: 16/06/2025,14,T?nh S?n La
03985,Xã Chi?ng S?n,Xã,S?: 1681/NQ-UBTVQH15; Ngày: 16/06/2025,14,T?nh S?n La
03997,Xã Tân Yên,Xã,S?: 1681/NQ-UBTVQH15; Ngày: 16/06/2025,14,T?nh S?n La
04000,Xã ?oàn K?t,Xã,S?: 1681/NQ-UBTVQH15; Ngày: 16/06/2025,14,T?nh S?n La
04006,Xã Song Kh?a,Xã,S?: 1681/NQ-UBTVQH15; Ngày: 16/06/2025,14,T?nh S?n La
04018,Xã Tô Múa,Xã,S?: 1681/NQ-UBTVQH15; Ngày: 16/06/2025,14,T?nh S?n La
04033,Ph??ng Vân S?n,Ph??ng,S?: 1681/NQ-UBTVQH15; Ngày: 16/06/2025,14,T?nh S?n La
04045,Xã Lóng S?p,Xã,S?: 1681/NQ-UBTVQH15; Ngày: 16/06/2025,14,T?nh S?n La
04048,Xã Vân H?,Xã,S?: 1681/NQ-UBTVQH15; Ngày: 16/06/2025,14,T?nh S?n La
04057,Xã Xuân Nha,Xã,S?: 1681/NQ-UBTVQH15; Ngày: 16/06/2025,14,T?nh S?n La
04075,Xã Yên Châu,Xã,S?: 1681/NQ-UBTVQH15; Ngày: 16/06/2025,14,T?nh S?n La
04078,Xã Chi?ng H?c,Xã,S?: 1681/NQ-UBTVQH15; Ngày: 16/06/2025,14,T?nh S?n La
04087,Xã Yên S?n,Xã,S?: 1681/NQ-UBTVQH15; Ngày: 16/06/2025,14,T?nh S?n La
04096,Xã Lóng Phiêng,Xã,S?: 1681/NQ-UBTVQH15; Ngày: 16/06/2025,14,T?nh S?n La
04099,Xã Phiêng Khoài,Xã,S?: 1681/NQ-UBTVQH15; Ngày: 16/06/2025,14,T?nh S?n La
04105,Xã Mai S?n,Xã,S?: 1681/NQ-UBTVQH15; Ngày: 16/06/2025,14,T?nh S?n La
04108,Xã Chi?ng Sung,Xã,S?: 1681/NQ-UBTVQH15; Ngày: 16/06/2025,14,T?nh S?n La
04117,Xã M??ng Chanh,Xã,S?: 1681/NQ-UBTVQH15; Ngày: 16/06/2025,14,T?nh S?n La
04123,Xã Chi?ng Mung,Xã,S?: 1681/NQ-UBTVQH15; Ngày: 16/06/2025,14,T?nh S?n La
04132,Xã Chi?ng Mai,Xã,S?: 1681/NQ-UBTVQH15; Ngày: 16/06/2025,14,T?nh S?n La
04136,Xã Tà H?c,Xã,S?: 1681/NQ-UBTVQH15; Ngày: 16/06/2025,14,T?nh S?n La
04144,Xã Phiêng C?m,Xã,S?: 1681/NQ-UBTVQH15; Ngày: 16/06/2025,14,T?nh S?n La
04159,Xã Phiêng P?n,Xã,S?: 1681/NQ-UBTVQH15; Ngày: 16/06/2025,14,T?nh S?n La
04168,Xã Sông Mã,Xã,S?: 1681/NQ-UBTVQH15; Ngày: 16/06/2025,14,T?nh S?n La
04171,Xã Bó Sinh,Xã,S?: 1681/NQ-UBTVQH15; Ngày: 16/06/2025,14,T?nh S?n La
04183,Xã M??ng L?m,Xã,S?: 1681/NQ-UBTVQH15; Ngày: 16/06/2025,14,T?nh S?n La
04186,Xã N?m Ty,Xã,S?: 1681/NQ-UBTVQH15; Ngày: 16/06/2025,14,T?nh S?n La
04195,Xã Chi?ng S?,Xã,S?: 1681/NQ-UBTVQH15; Ngày: 16/06/2025,14,T?nh S?n La
04204,Xã Chi?ng Khoong,Xã,S?: 1681/NQ-UBTVQH15; Ngày: 16/06/2025,14,T?nh S?n La
04210,Xã Hu?i M?t,Xã,S?: 1681/NQ-UBTVQH15; Ngày: 16/06/2025,14,T?nh S?n La
04219,Xã M??ng Hung,Xã,S?: 1681/NQ-UBTVQH15; Ngày: 16/06/2025,14,T?nh S?n La
04222,Xã Chi?ng Kh??ng,Xã,S?: 1681/NQ-UBTVQH15; Ngày: 16/06/2025,14,T?nh S?n La
04228,Xã Púng Bánh,Xã,S?: 1681/NQ-UBTVQH15; Ngày: 16/06/2025,14,T?nh S?n La
04231,Xã S?p C?p,Xã,S?: 1681/NQ-UBTVQH15; Ngày: 16/06/2025,14,T?nh S?n La
04240,Xã M??ng Lèo,Xã,S?: 1681/NQ-UBTVQH15; Ngày: 16/06/2025,14,T?nh S?n La
04246,Xã M??ng L?n,Xã,S?: 1681/NQ-UBTVQH15; Ngày: 16/06/2025,14,T?nh S?n La
02647,Ph??ng Lào Cai,Ph??ng,S?: 1673/NQ-UBTVQH15; Ngày: 16/06/2025,15,T?nh Lào Cai
02671,Ph??ng Cam ???ng,Ph??ng,S?: 1673/NQ-UBTVQH15; Ngày: 16/06/2025,15,T?nh Lào Cai
02680,Xã H?p Thành,Xã,S?: 1673/NQ-UBTVQH15; Ngày: 16/06/2025,15,T?nh Lào Cai
02683,Xã Bát Xát,Xã,S?: 1673/NQ-UBTVQH15; Ngày: 16/06/2025,15,T?nh Lào Cai
02686,Xã A Mú Sung,Xã,S?: 1673/NQ-UBTVQH15; Ngày: 16/06/2025,15,T?nh Lào Cai
02695,Xã Tr?nh T??ng,Xã,S?: 1673/NQ-UBTVQH15; Ngày: 16/06/2025,15,T?nh Lào Cai
02701,Xã Y Tý,Xã,S?: 1673/NQ-UBTVQH15; Ngày: 16/06/2025,15,T?nh Lào Cai
02707,Xã D?n Sáng,Xã,S?: 1673/NQ-UBTVQH15; Ngày: 16/06/2025,15,T?nh Lào Cai
02725,Xã B?n Xèo,Xã,S?: 1673/NQ-UBTVQH15; Ngày: 16/06/2025,15,T?nh Lào Cai
02728,Xã M??ng Hum,Xã,S?: 1673/NQ-UBTVQH15; Ngày: 16/06/2025,15,T?nh Lào Cai
02746,Xã C?c San,Xã,S?: 1673/NQ-UBTVQH15; Ngày: 16/06/2025,15,T?nh Lào Cai
02752,Xã Pha Long ,Xã,S?: 1673/NQ-UBTVQH15; Ngày: 16/06/2025,15,T?nh Lào Cai
02761,Xã M??ng Kh??ng,Xã,S?: 1673/NQ-UBTVQH15; Ngày: 16/06/2025,15,T?nh Lào Cai
02782,Xã Cao S?n,Xã,S?: 1673/NQ-UBTVQH15; Ngày: 16/06/2025,15,T?nh Lào Cai
02788,Xã B?n L?u,Xã,S?: 1673/NQ-UBTVQH15; Ngày: 16/06/2025,15,T?nh Lào Cai
02809,Xã Si Ma Cai,Xã,S?: 1673/NQ-UBTVQH15; Ngày: 16/06/2025,15,T?nh Lào Cai
02824,Xã Sín Chéng,Xã,S?: 1673/NQ-UBTVQH15; Ngày: 16/06/2025,15,T?nh Lào Cai
02839,Xã B?c Hà,Xã,S?: 1673/NQ-UBTVQH15; Ngày: 16/06/2025,15,T?nh Lào Cai
02842,Xã T? C? T?,Xã,S?: 1673/NQ-UBTVQH15; Ngày: 16/06/2025,15,T?nh Lào Cai
02848,Xã Lùng Phình,Xã,S?: 1673/NQ-UBTVQH15; Ngày: 16/06/2025,15,T?nh Lào Cai
02869,Xã B?n Li?n,Xã,S?: 1673/NQ-UBTVQH15; Ngày: 16/06/2025,15,T?nh Lào Cai
02890,Xã B?o Nhai,Xã,S?: 1673/NQ-UBTVQH15; Ngày: 16/06/2025,15,T?nh Lào Cai
02896,Xã C?c L?u,Xã,S?: 1673/NQ-UBTVQH15; Ngày: 16/06/2025,15,T?nh Lào Cai
02902,Xã Phong H?i,Xã,S?: 1673/NQ-UBTVQH15; Ngày: 16/06/2025,15,T?nh Lào Cai
02905,Xã B?o Th?ng,Xã,S?: 1673/NQ-UBTVQH15; Ngày: 16/06/2025,15,T?nh Lào Cai
02908,Xã T?ng Lo?ng,Xã,S?: 1673/NQ-UBTVQH15; Ngày: 16/06/2025,15,T?nh Lào Cai
02923,Xã Gia Phú,Xã,S?: 1673/NQ-UBTVQH15; Ngày: 16/06/2025,15,T?nh Lào Cai
02926,Xã Xuân Quang,Xã,S?: 1673/NQ-UBTVQH15; Ngày: 16/06/2025,15,T?nh Lào Cai
02947,Xã B?o Yên,Xã,S?: 1673/NQ-UBTVQH15; Ngày: 16/06/2025,15,T?nh Lào Cai
02953,Xã Ngh?a ?ô,Xã,S?: 1673/NQ-UBTVQH15; Ngày: 16/06/2025,15,T?nh Lào Cai
02962,Xã Xuân Hòa,Xã,S?: 1673/NQ-UBTVQH15; Ngày: 16/06/2025,15,T?nh Lào Cai
02968,Xã Th??ng Hà,Xã,S?: 1673/NQ-UBTVQH15; Ngày: 16/06/2025,15,T?nh Lào Cai
02989,Xã B?o Hà,Xã,S?: 1673/NQ-UBTVQH15; Ngày: 16/06/2025,15,T?nh Lào Cai
02998,Xã Phúc Khánh,Xã,S?: 1673/NQ-UBTVQH15; Ngày: 16/06/2025,15,T?nh Lào Cai
03004,Xã Ng? Ch? S?n,Xã,S?: 1673/NQ-UBTVQH15; Ngày: 16/06/2025,15,T?nh Lào Cai
03006,Ph??ng Sa Pa,Ph??ng,S?: 1673/NQ-UBTVQH15; Ngày: 16/06/2025,15,T?nh Lào Cai
03013,Xã T? Phìn,Xã,S?: 1673/NQ-UBTVQH15; Ngày: 16/06/2025,15,T?nh Lào Cai
03037,Xã T? Van,Xã,S?: 1673/NQ-UBTVQH15; Ngày: 16/06/2025,15,T?nh Lào Cai
03043,Xã M??ng Bo,Xã,S?: 1673/NQ-UBTVQH15; Ngày: 16/06/2025,15,T?nh Lào Cai
03046,Xã B?n H?,Xã,S?: 1673/NQ-UBTVQH15; Ngày: 16/06/2025,15,T?nh Lào Cai
03061,Xã Võ Lao,Xã,S?: 1673/NQ-UBTVQH15; Ngày: 16/06/2025,15,T?nh Lào Cai
03076,Xã N?m Chày,Xã,S?: 1673/NQ-UBTVQH15; Ngày: 16/06/2025,15,T?nh Lào Cai
03082,Xã V?n Bàn,Xã,S?: 1673/NQ-UBTVQH15; Ngày: 16/06/2025,15,T?nh Lào Cai
03085,Xã N?m Xé,Xã,S?: 1673/NQ-UBTVQH15; Ngày: 16/06/2025,15,T?nh Lào Cai
03091,Xã Chi?ng Ken ,Xã,S?: 1673/NQ-UBTVQH15; Ngày: 16/06/2025,15,T?nh Lào Cai
03103,Xã Khánh Yên,Xã,S?: 1673/NQ-UBTVQH15; Ngày: 16/06/2025,15,T?nh Lào Cai
03106,Xã D??ng Qu?,Xã,S?: 1673/NQ-UBTVQH15; Ngày: 16/06/2025,15,T?nh Lào Cai
03121,Xã Minh L??ng,Xã,S?: 1673/NQ-UBTVQH15; Ngày: 16/06/2025,15,T?nh Lào Cai
04252,Ph??ng Yên Bái,Ph??ng,S?: 1673/NQ-UBTVQH15; Ngày: 16/06/2025,15,T?nh Lào Cai
04273,Ph??ng Nam C??ng,Ph??ng,S?: 1673/NQ-UBTVQH15; Ngày: 16/06/2025,15,T?nh Lào Cai
04279,Ph??ng V?n Phú,Ph??ng,S?: 1673/NQ-UBTVQH15; Ngày: 16/06/2025,15,T?nh Lào Cai
04288,Ph??ng Ngh?a L?,Ph??ng,S?: 1673/NQ-UBTVQH15; Ngày: 16/06/2025,15,T?nh Lào Cai
04303,Xã L?c Yên,Xã,S?: 1673/NQ-UBTVQH15; Ngày: 16/06/2025,15,T?nh Lào Cai
04309,Xã Lâm Th??ng,Xã,S?: 1673/NQ-UBTVQH15; Ngày: 16/06/2025,15,T?nh Lào Cai
04336,Xã Tân L?nh,Xã,S?: 1673/NQ-UBTVQH15; Ngày: 16/06/2025,15,T?nh Lào Cai
04342,Xã Khánh Hòa,Xã,S?: 1673/NQ-UBTVQH15; Ngày: 16/06/2025,15,T?nh Lào Cai
04345,Xã M??ng Lai,Xã,S?: 1673/NQ-UBTVQH15; Ngày: 16/06/2025,15,T?nh Lào Cai
04363,Xã Phúc L?i,Xã,S?: 1673/NQ-UBTVQH15; Ngày: 16/06/2025,15,T?nh Lào Cai
04375,Xã M?u A,Xã,S?: 1673/NQ-UBTVQH15; Ngày: 16/06/2025,15,T?nh Lào Cai
04381,Xã Lâm Giang,Xã,S?: 1673/NQ-UBTVQH15; Ngày: 16/06/2025,15,T?nh Lào Cai
04387,Xã Châu Qu?,Xã,S?: 1673/NQ-UBTVQH15; Ngày: 16/06/2025,15,T?nh Lào Cai
04399,Xã ?ông Cuông,Xã,S?: 1673/NQ-UBTVQH15; Ngày: 16/06/2025,15,T?nh Lào Cai
04402,Xã Phong D? H?,Xã,S?: 1673/NQ-UBTVQH15; Ngày: 16/06/2025,15,T?nh Lào Cai
04423,Xã Phong D? Th??ng,Xã,S?: 1673/NQ-UBTVQH15; Ngày: 16/06/2025,15,T?nh Lào Cai
04429,Xã Tân H?p,Xã,S?: 1673/NQ-UBTVQH15; Ngày: 16/06/2025,15,T?nh Lào Cai
04441,Xã Xuân Ái,Xã,S?: 1673/NQ-UBTVQH15; Ngày: 16/06/2025,15,T?nh Lào Cai
04450,Xã M? Vàng,Xã,S?: 1673/NQ-UBTVQH15; Ngày: 16/06/2025,15,T?nh Lào Cai
04456,Xã Mù Cang Ch?i,Xã,S?: 1673/NQ-UBTVQH15; Ngày: 16/06/2025,15,T?nh Lào Cai
04462,Xã N?m Có,Xã,S?: 1673/NQ-UBTVQH15; Ngày: 16/06/2025,15,T?nh Lào Cai
04465,Xã Khao Mang,Xã,S?: 1673/NQ-UBTVQH15; Ngày: 16/06/2025,15,T?nh Lào Cai
04474,Xã Lao Ch?i,Xã,S?: 1673/NQ-UBTVQH15; Ngày: 16/06/2025,15,T?nh Lào Cai
04489,Xã Ch? T?o,Xã,S?: 1673/NQ-UBTVQH15; Ngày: 16/06/2025,15,T?nh Lào Cai
04492,Xã Púng Luông,Xã,S?: 1673/NQ-UBTVQH15; Ngày: 16/06/2025,15,T?nh Lào Cai
04498,Xã Tr?n Yên,Xã,S?: 1673/NQ-UBTVQH15; Ngày: 16/06/2025,15,T?nh Lào Cai
04531,Xã Quy Mông,Xã,S?: 1673/NQ-UBTVQH15; Ngày: 16/06/2025,15,T?nh Lào Cai
04537,Xã L??ng Th?nh,Xã,S?: 1673/NQ-UBTVQH15; Ngày: 16/06/2025,15,T?nh Lào Cai
04543,Ph??ng Âu Lâu,Ph??ng,S?: 1673/NQ-UBTVQH15; Ngày: 16/06/2025,15,T?nh Lào Cai
04564,Xã Vi?t H?ng,Xã,S?: 1673/NQ-UBTVQH15; Ngày: 16/06/2025,15,T?nh Lào Cai
04576,Xã H?ng Khánh,Xã,S?: 1673/NQ-UBTVQH15; Ngày: 16/06/2025,15,T?nh Lào Cai
04585,Xã H?nh Phúc,Xã,S?: 1673/NQ-UBTVQH15; Ngày: 16/06/2025,15,T?nh Lào Cai
04603,Xã Tà Xi Láng,Xã,S?: 1673/NQ-UBTVQH15; Ngày: 16/06/2025,15,T?nh Lào Cai
04606,Xã Tr?m T?u,Xã,S?: 1673/NQ-UBTVQH15; Ngày: 16/06/2025,15,T?nh Lào Cai
04609,Xã Phình H?,Xã,S?: 1673/NQ-UBTVQH15; Ngày: 16/06/2025,15,T?nh Lào Cai
04630,Xã Tú L?,Xã,S?: 1673/NQ-UBTVQH15; Ngày: 16/06/2025,15,T?nh Lào Cai
04636,Xã Gia H?i,Xã,S?: 1673/NQ-UBTVQH15; Ngày: 16/06/2025,15,T?nh Lào Cai
04651,Xã S?n L??ng,Xã,S?: 1673/NQ-UBTVQH15; Ngày: 16/06/2025,15,T?nh Lào Cai
04660,Xã Liên S?n,Xã,S?: 1673/NQ-UBTVQH15; Ngày: 16/06/2025,15,T?nh Lào Cai
04663,Ph??ng Trung Tâm,Ph??ng,S?: 1673/NQ-UBTVQH15; Ngày: 16/06/2025,15,T?nh Lào Cai
04672,Xã V?n Ch?n,Xã,S?: 1673/NQ-UBTVQH15; Ngày: 16/06/2025,15,T?nh Lào Cai
04681,Ph??ng C?u Thia,Ph??ng,S?: 1673/NQ-UBTVQH15; Ngày: 16/06/2025,15,T?nh Lào Cai
04693,Xã Cát Th?nh,Xã,S?: 1673/NQ-UBTVQH15; Ngày: 16/06/2025,15,T?nh Lào Cai
04699,Xã Ch?n Th?nh,Xã,S?: 1673/NQ-UBTVQH15; Ngày: 16/06/2025,15,T?nh Lào Cai
04705,Xã Th??ng B?ng La,Xã,S?: 1673/NQ-UBTVQH15; Ngày: 16/06/2025,15,T?nh Lào Cai
04711,Xã Ngh?a Tâm,Xã,S?: 1673/NQ-UBTVQH15; Ngày: 16/06/2025,15,T?nh Lào Cai
04714,Xã Yên Bình,Xã,S?: 1673/NQ-UBTVQH15; Ngày: 16/06/2025,15,T?nh Lào Cai
04717,Xã Thác Bà,Xã,S?: 1673/NQ-UBTVQH15; Ngày: 16/06/2025,15,T?nh Lào Cai
04726,Xã C?m Nhân,Xã,S?: 1673/NQ-UBTVQH15; Ngày: 16/06/2025,15,T?nh Lào Cai
04744,Xã Yên Thành,Xã,S?: 1673/NQ-UBTVQH15; Ngày: 16/06/2025,15,T?nh Lào Cai
04750,Xã B?o Ái ,Xã,S?: 1673/NQ-UBTVQH15; Ngày: 16/06/2025,15,T?nh Lào Cai
01840,Ph??ng ??c Xuân,Ph??ng,S?: 1683/NQ-UBTVQH15; Ngày: 16/06/2025,19,T?nh Thái Nguyên
01843,Ph??ng B?c K?n,Ph??ng,S?: 1683/NQ-UBTVQH15; Ngày: 16/06/2025,19,T?nh Thái Nguyên
01849,Xã Phong Quang,Xã,S?: 1683/NQ-UBTVQH15; Ngày: 16/06/2025,19,T?nh Thái Nguyên
01864,Xã B?ng Thành,Xã,S?: 1683/NQ-UBTVQH15; Ngày: 16/06/2025,19,T?nh Thái Nguyên
01879,Xã Cao Minh,Xã,S?: 1683/NQ-UBTVQH15; Ngày: 16/06/2025,19,T?nh Thái Nguyên
01882,Xã Nghiên Loan,Xã,S?: 1683/NQ-UBTVQH15; Ngày: 16/06/2025,19,T?nh Thái Nguyên
01894,Xã Phúc L?c,Xã,S?: 1683/NQ-UBTVQH15; Ngày: 16/06/2025,19,T?nh Thái Nguyên
01906,Xã Ba B?,Xã,S?: 1683/NQ-UBTVQH15; Ngày: 16/06/2025,19,T?nh Thái Nguyên
01912,Xã Ch? Rã,Xã,S?: 1683/NQ-UBTVQH15; Ngày: 16/06/2025,19,T?nh Thái Nguyên
01921,Xã Th??ng Minh,Xã,S?: 1683/NQ-UBTVQH15; Ngày: 16/06/2025,19,T?nh Thái Nguyên
01933,Xã ??ng Phúc,Xã,S?: 1683/NQ-UBTVQH15; Ngày: 16/06/2025,19,T?nh Thái Nguyên
01936,Xã Nà Ph?c,Xã,S?: 1683/NQ-UBTVQH15; Ngày: 16/06/2025,19,T?nh Thái Nguyên
01942,Xã B?ng Vân,Xã,S?: 1683/NQ-UBTVQH15; Ngày: 16/06/2025,19,T?nh Thái Nguyên
01954,Xã Ngân S?n,Xã,S?: 1683/NQ-UBTVQH15; Ngày: 16/06/2025,19,T?nh Thái Nguyên
01957,Xã Th??ng Quan,Xã,S?: 1683/NQ-UBTVQH15; Ngày: 16/06/2025,19,T?nh Thái Nguyên
01960,Xã Hi?p L?c,Xã,S?: 1683/NQ-UBTVQH15; Ngày: 16/06/2025,19,T?nh Thái Nguyên
01969,Xã Ph? Thông,Xã,S?: 1683/NQ-UBTVQH15; Ngày: 16/06/2025,19,T?nh Thái Nguyên
01981,Xã V?nh Thông,Xã,S?: 1683/NQ-UBTVQH15; Ngày: 16/06/2025,19,T?nh Thái Nguyên
02008,Xã C?m Giàng,Xã,S?: 1683/NQ-UBTVQH15; Ngày: 16/06/2025,19,T?nh Thái Nguyên
02014,Xã B?ch Thông,Xã,S?: 1683/NQ-UBTVQH15; Ngày: 16/06/2025,19,T?nh Thái Nguyên
02020,Xã Ch? ??n,Xã,S?: 1683/NQ-UBTVQH15; Ngày: 16/06/2025,19,T?nh Thái Nguyên
02026,Xã Nam C??ng,Xã,S?: 1683/NQ-UBTVQH15; Ngày: 16/06/2025,19,T?nh Thái Nguyên
02038,Xã Qu?ng B?ch,Xã,S?: 1683/NQ-UBTVQH15; Ngày: 16/06/2025,19,T?nh Thái Nguyên
02044,Xã Yên Th?nh,Xã,S?: 1683/NQ-UBTVQH15; Ngày: 16/06/2025,19,T?nh Thái Nguyên
02071,Xã Ngh?a Tá,Xã,S?: 1683/NQ-UBTVQH15; Ngày: 16/06/2025,19,T?nh Thái Nguyên
02083,Xã Yên Phong,Xã,S?: 1683/NQ-UBTVQH15; Ngày: 16/06/2025,19,T?nh Thái Nguyên
02086,Xã Ch? M?i,Xã,S?: 1683/NQ-UBTVQH15; Ngày: 16/06/2025,19,T?nh Thái Nguyên
02101,Xã Thanh Mai,Xã,S?: 1683/NQ-UBTVQH15; Ngày: 16/06/2025,19,T?nh Thái Nguyên
02104,Xã Tân K?,Xã,S?: 1683/NQ-UBTVQH15; Ngày: 16/06/2025,19,T?nh Thái Nguyên
02107,Xã Thanh Th?nh,Xã,S?: 1683/NQ-UBTVQH15; Ngày: 16/06/2025,19,T?nh Thái Nguyên
02116,Xã Yên Bình,Xã,S?: 1683/NQ-UBTVQH15; Ngày: 16/06/2025,19,T?nh Thái Nguyên
02143,Xã V?n Lang,Xã,S?: 1683/NQ-UBTVQH15; Ngày: 16/06/2025,19,T?nh Thái Nguyên
02152,Xã C??ng L?i,Xã,S?: 1683/NQ-UBTVQH15; Ngày: 16/06/2025,19,T?nh Thái Nguyên
02155,Xã Na Rì,Xã,S?: 1683/NQ-UBTVQH15; Ngày: 16/06/2025,19,T?nh Thái Nguyên
02176,Xã Tr?n Phú,Xã,S?: 1683/NQ-UBTVQH15; Ngày: 16/06/2025,19,T?nh Thái Nguyên
02185,Xã Côn Minh,Xã,S?: 1683/NQ-UBTVQH15; Ngày: 16/06/2025,19,T?nh Thái Nguyên
02191,Xã Xuân D??ng,Xã,S?: 1683/NQ-UBTVQH15; Ngày: 16/06/2025,19,T?nh Thái Nguyên
05443,Ph??ng Phan ?ình Phùng,Ph??ng,S?: 1683/NQ-UBTVQH15; Ngày: 16/06/2025,19,T?nh Thái Nguyên
05455,Ph??ng Quy?t Th?ng,Ph??ng,S?: 1683/NQ-UBTVQH15; Ngày: 16/06/2025,19,T?nh Thái Nguyên
05467,Ph??ng Gia Sàng,Ph??ng,S?: 1683/NQ-UBTVQH15; Ngày: 16/06/2025,19,T?nh Thái Nguyên
05482,Ph??ng Quan Tri?u,Ph??ng,S?: 1683/NQ-UBTVQH15; Ngày: 16/06/2025,19,T?nh Thái Nguyên
05488,Xã ??i Phúc,Xã,S?: 1683/NQ-UBTVQH15; Ngày: 16/06/2025,19,T?nh Thái Nguyên
05500,Ph??ng Tích L??ng,Ph??ng,S?: 1683/NQ-UBTVQH15; Ngày: 16/06/2025,19,T?nh Thái Nguyên
05503,Xã Tân C??ng,Xã,S?: 1683/NQ-UBTVQH15; Ngày: 16/06/2025,19,T?nh Thái Nguyên
05518,Ph??ng Sông Công,Ph??ng,S?: 1683/NQ-UBTVQH15; Ngày: 16/06/2025,19,T?nh Thái Nguyên
05528,Ph??ng Bách Quang,Ph??ng,S?: 1683/NQ-UBTVQH15; Ngày: 16/06/2025,19,T?nh Thái Nguyên
05533,Ph??ng Bá Xuyên,Ph??ng,S?: 1683/NQ-UBTVQH15; Ngày: 16/06/2025,19,T?nh Thái Nguyên
05542,Xã Lam V?,Xã,S?: 1683/NQ-UBTVQH15; Ngày: 16/06/2025,19,T?nh Thái Nguyên
05551,Xã Kim Ph??ng,Xã,S?: 1683/NQ-UBTVQH15; Ngày: 16/06/2025,19,T?nh Thái Nguyên
05563,Xã Ph??ng Ti?n,Xã,S?: 1683/NQ-UBTVQH15; Ngày: 16/06/2025,19,T?nh Thái Nguyên
05569,Xã ??nh Hóa,Xã,S?: 1683/NQ-UBTVQH15; Ngày: 16/06/2025,19,T?nh Thái Nguyên
05581,Xã Trung H?i,Xã,S?: 1683/NQ-UBTVQH15; Ngày: 16/06/2025,19,T?nh Thái Nguyên
05587,Xã Bình Yên,Xã,S?: 1683/NQ-UBTVQH15; Ngày: 16/06/2025,19,T?nh Thái Nguyên
05602,Xã Phú ?ình,Xã,S?: 1683/NQ-UBTVQH15; Ngày: 16/06/2025,19,T?nh Thái Nguyên
05605,Xã Bình Thành,Xã,S?: 1683/NQ-UBTVQH15; Ngày: 16/06/2025,19,T?nh Thái Nguyên
05611,Xã Phú L??ng,Xã,S?: 1683/NQ-UBTVQH15; Ngày: 16/06/2025,19,T?nh Thái Nguyên
05620,Xã Yên Tr?ch,Xã,S?: 1683/NQ-UBTVQH15; Ngày: 16/06/2025,19,T?nh Thái Nguyên
05632,Xã H?p Thành,Xã,S?: 1683/NQ-UBTVQH15; Ngày: 16/06/2025,19,T?nh Thái Nguyên
05641,Xã Vô Tranh,Xã,S?: 1683/NQ-UBTVQH15; Ngày: 16/06/2025,19,T?nh Thái Nguyên
05662,Xã Tr?i Cau,Xã,S?: 1683/NQ-UBTVQH15; Ngày: 16/06/2025,19,T?nh Thái Nguyên
05665,Xã V?n L?ng,Xã,S?: 1683/NQ-UBTVQH15; Ngày: 16/06/2025,19,T?nh Thái Nguyên
05674,Xã Quang S?n,Xã,S?: 1683/NQ-UBTVQH15; Ngày: 16/06/2025,19,T?nh Thái Nguyên
05680,Xã V?n Hán,Xã,S?: 1683/NQ-UBTVQH15; Ngày: 16/06/2025,19,T?nh Thái Nguyên
05692,Xã ??ng H?,Xã,S?: 1683/NQ-UBTVQH15; Ngày: 16/06/2025,19,T?nh Thái Nguyên
05707,Xã Nam Hòa,Xã,S?: 1683/NQ-UBTVQH15; Ngày: 16/06/2025,19,T?nh Thái Nguyên
05710,Ph??ng Linh S?n,Ph??ng,S?: 1683/NQ-UBTVQH15; Ngày: 16/06/2025,19,T?nh Thái Nguyên
05716,Xã Võ Nhai,Xã,S?: 1683/NQ-UBTVQH15; Ngày: 16/06/2025,19,T?nh Thái Nguyên
05719,Xã S?ng M?c,Xã,S?: 1683/NQ-UBTVQH15; Ngày: 16/06/2025,19,T?nh Thái Nguyên
05722,Xã Nghinh T??ng,Xã,S?: 1683/NQ-UBTVQH15; Ngày: 16/06/2025,19,T?nh Thái Nguyên
05725,Xã Th?n Sa,Xã,S?: 1683/NQ-UBTVQH15; Ngày: 16/06/2025,19,T?nh Thái Nguyên
05740,Xã La Hiên,Xã,S?: 1683/NQ-UBTVQH15; Ngày: 16/06/2025,19,T?nh Thái Nguyên
05746,Xã Tràng Xá,Xã,S?: 1683/NQ-UBTVQH15; Ngày: 16/06/2025,19,T?nh Thái Nguyên
05755,Xã Dân Ti?n,Xã,S?: 1683/NQ-UBTVQH15; Ngày: 16/06/2025,19,T?nh Thái Nguyên
05773,Xã Phú Xuyên,Xã,S?: 1683/NQ-UBTVQH15; Ngày: 16/06/2025,19,T?nh Thái Nguyên
05776,Xã ??c L??ng,Xã,S?: 1683/NQ-UBTVQH15; Ngày: 16/06/2025,19,T?nh Thái Nguyên
05788,Xã Phú L?c,Xã,S?: 1683/NQ-UBTVQH15; Ngày: 16/06/2025,19,T?nh Thái Nguyên
05800,Xã Phú Th?nh,Xã,S?: 1683/NQ-UBTVQH15; Ngày: 16/06/2025,19,T?nh Thái Nguyên
05809,Xã An Khánh,Xã,S?: 1683/NQ-UBTVQH15; Ngày: 16/06/2025,19,T?nh Thái Nguyên
05818,Xã La B?ng,Xã,S?: 1683/NQ-UBTVQH15; Ngày: 16/06/2025,19,T?nh Thái Nguyên
05830,Xã ??i T?,Xã,S?: 1683/NQ-UBTVQH15; Ngày: 16/06/2025,19,T?nh Thái Nguyên
05845,Xã V?n Phú,Xã,S?: 1683/NQ-UBTVQH15; Ngày: 16/06/2025,19,T?nh Thái Nguyên
05851,Xã Quân Chu,Xã,S?: 1683/NQ-UBTVQH15; Ngày: 16/06/2025,19,T?nh Thái Nguyên
05857,Ph??ng Phúc Thu?n,Ph??ng,S?: 1683/NQ-UBTVQH15; Ngày: 16/06/2025,19,T?nh Thái Nguyên
05860,Ph??ng Ph? Yên,Ph??ng,S?: 1683/NQ-UBTVQH15; Ngày: 16/06/2025,19,T?nh Thái Nguyên
05881,Xã Thành Công,Xã,S?: 1683/NQ-UBTVQH15; Ngày: 16/06/2025,19,T?nh Thái Nguyên
05890,Ph??ng V?n Xuân,Ph??ng,S?: 1683/NQ-UBTVQH15; Ngày: 16/06/2025,19,T?nh Thái Nguyên
05899,Ph??ng Trung Thành,Ph??ng,S?: 1683/NQ-UBTVQH15; Ngày: 16/06/2025,19,T?nh Thái Nguyên
05908,Xã Phú Bình,Xã,S?: 1683/NQ-UBTVQH15; Ngày: 16/06/2025,19,T?nh Thái Nguyên
05917,Xã Tân Khánh,Xã,S?: 1683/NQ-UBTVQH15; Ngày: 16/06/2025,19,T?nh Thái Nguyên
05923,Xã Tân Thành,Xã,S?: 1683/NQ-UBTVQH15; Ngày: 16/06/2025,19,T?nh Thái Nguyên
05941,Xã ?i?m Th?y,Xã,S?: 1683/NQ-UBTVQH15; Ngày: 16/06/2025,19,T?nh Thái Nguyên
05953,Xã Kha S?n,Xã,S?: 1683/NQ-UBTVQH15; Ngày: 16/06/2025,19,T?nh Thái Nguyên
05977,Ph??ng ?ông Kinh,Ph??ng,S?: 1672/NQ-UBTVQH15; Ngày: 16/06/2025,20,T?nh L?ng S?n
05983,Ph??ng L??ng V?n Tri,Ph??ng,S?: 1672/NQ-UBTVQH15; Ngày: 16/06/2025,20,T?nh L?ng S?n
05986,Ph??ng Tam Thanh,Ph??ng,S?: 1672/NQ-UBTVQH15; Ngày: 16/06/2025,20,T?nh L?ng S?n
06001,Xã ?oàn K?t,Xã,S?: 1672/NQ-UBTVQH15; Ngày: 16/06/2025,20,T?nh L?ng S?n
06004,Xã Qu?c Khánh,Xã,S?: 1672/NQ-UBTVQH15; Ngày: 16/06/2025,20,T?nh L?ng S?n
06019,Xã Tân Ti?n,Xã,S?: 1672/NQ-UBTVQH15; Ngày: 16/06/2025,20,T?nh L?ng S?n
06037,Xã Kháng Chi?n,Xã,S?: 1672/NQ-UBTVQH15; Ngày: 16/06/2025,20,T?nh L?ng S?n
06040,Xã Th?t Khê,Xã,S?: 1672/NQ-UBTVQH15; Ngày: 16/06/2025,20,T?nh L?ng S?n
06046,Xã Tràng ??nh,Xã,S?: 1672/NQ-UBTVQH15; Ngày: 16/06/2025,20,T?nh L?ng S?n
06058,Xã Qu?c Vi?t,Xã,S?: 1672/NQ-UBTVQH15; Ngày: 16/06/2025,20,T?nh L?ng S?n
06073,Xã Hoa Thám,Xã,S?: 1672/NQ-UBTVQH15; Ngày: 16/06/2025,20,T?nh L?ng S?n
06076,Xã Quý Hòa,Xã,S?: 1672/NQ-UBTVQH15; Ngày: 16/06/2025,20,T?nh L?ng S?n
06079,Xã H?ng Phong,Xã,S?: 1672/NQ-UBTVQH15; Ngày: 16/06/2025,20,T?nh L?ng S?n
06085,Xã Thi?n Hòa,Xã,S?: 1672/NQ-UBTVQH15; Ngày: 16/06/2025,20,T?nh L?ng S?n
06091,Xã Thi?n Thu?t,Xã,S?: 1672/NQ-UBTVQH15; Ngày: 16/06/2025,20,T?nh L?ng S?n
06103,Xã Thi?n Long,Xã,S?: 1672/NQ-UBTVQH15; Ngày: 16/06/2025,20,T?nh L?ng S?n
06112,Xã Bình Gia,Xã,S?: 1672/NQ-UBTVQH15; Ngày: 16/06/2025,20,T?nh L?ng S?n
06115,Xã Tân V?n,Xã,S?: 1672/NQ-UBTVQH15; Ngày: 16/06/2025,20,T?nh L?ng S?n
06124,Xã Na S?m,Xã,S?: 1672/NQ-UBTVQH15; Ngày: 16/06/2025,20,T?nh L?ng S?n
06148,Xã Th?y Hùng,Xã,S?: 1672/NQ-UBTVQH15; Ngày: 16/06/2025,20,T?nh L?ng S?n
06151,Xã H?i Hoan,Xã,S?: 1672/NQ-UBTVQH15; Ngày: 16/06/2025,20,T?nh L?ng S?n
06154,Xã V?n Lãng,Xã,S?: 1672/NQ-UBTVQH15; Ngày: 16/06/2025,20,T?nh L?ng S?n
06172,Xã Hoàng V?n Th?,Xã,S?: 1672/NQ-UBTVQH15; Ngày: 16/06/2025,20,T?nh L?ng S?n
06184,Xã ??ng ??ng,Xã,S?: 1672/NQ-UBTVQH15; Ngày: 16/06/2025,20,T?nh L?ng S?n
06187,Ph??ng K? L?a,Ph??ng,S?: 1672/NQ-UBTVQH15; Ngày: 16/06/2025,20,T?nh L?ng S?n
06196,Xã Ba S?n,Xã,S?: 1672/NQ-UBTVQH15; Ngày: 16/06/2025,20,T?nh L?ng S?n
06211,Xã Cao L?c,Xã,S?: 1672/NQ-UBTVQH15; Ngày: 16/06/2025,20,T?nh L?ng S?n
06220,Xã Công S?n,Xã,S?: 1672/NQ-UBTVQH15; Ngày: 16/06/2025,20,T?nh L?ng S?n
06253,Xã V?n Quan,Xã,S?: 1672/NQ-UBTVQH15; Ngày: 16/06/2025,20,T?nh L?ng S?n
06280,Xã ?i?m He,Xã,S?: 1672/NQ-UBTVQH15; Ngày: 16/06/2025,20,T?nh L?ng S?n
06286,Xã Khánh Khê,Xã,S?: 1672/NQ-UBTVQH15; Ngày: 16/06/2025,20,T?nh L?ng S?n
06298,Xã Yên Phúc,Xã,S?: 1672/NQ-UBTVQH15; Ngày: 16/06/2025,20,T?nh L?ng S?n
06313,Xã Tri L?,Xã,S?: 1672/NQ-UBTVQH15; Ngày: 16/06/2025,20,T?nh L?ng S?n
06316,Xã Tân ?oàn,Xã,S?: 1672/NQ-UBTVQH15; Ngày: 16/06/2025,20,T?nh L?ng S?n
06325,xã B?c S?n,Xã,S?: 1672/NQ-UBTVQH15; Ngày: 16/06/2025,20,T?nh L?ng S?n
06337,Xã Tân Tri,Xã,S?: 1672/NQ-UBTVQH15; Ngày: 16/06/2025,20,T?nh L?ng S?n
06349,Xã H?ng V?,Xã,S?: 1672/NQ-UBTVQH15; Ngày: 16/06/2025,20,T?nh L?ng S?n
06364,Xã V? L?,Xã,S?: 1672/NQ-UBTVQH15; Ngày: 16/06/2025,20,T?nh L?ng S?n
06367,Xã V? L?ng,Xã,S?: 1672/NQ-UBTVQH15; Ngày: 16/06/2025,20,T?nh L?ng S?n
06376,Xã Nh?t Hòa,Xã,S?: 1672/NQ-UBTVQH15; Ngày: 16/06/2025,20,T?nh L?ng S?n
06385,Xã H?u L?ng,Xã,S?: 1672/NQ-UBTVQH15; Ngày: 16/06/2025,20,T?nh L?ng S?n
06391,Xã Yên Bình,Xã,S?: 1672/NQ-UBTVQH15; Ngày: 16/06/2025,20,T?nh L?ng S?n
06400,Xã H?u Liên,Xã,S?: 1672/NQ-UBTVQH15; Ngày: 16/06/2025,20,T?nh L?ng S?n
06415,Xã Vân Nham,Xã,S?: 1672/NQ-UBTVQH15; Ngày: 16/06/2025,20,T?nh L?ng S?n
06427,Xã Cai Kinh,Xã,S?: 1672/NQ-UBTVQH15; Ngày: 16/06/2025,20,T?nh L?ng S?n
06436,Xã Thi?n Tân,Xã,S?: 1672/NQ-UBTVQH15; Ngày: 16/06/2025,20,T?nh L?ng S?n
06445,Xã Tân Thành,Xã,S?: 1672/NQ-UBTVQH15; Ngày: 16/06/2025,20,T?nh L?ng S?n
06457,Xã Tu?n S?n,Xã,S?: 1672/NQ-UBTVQH15; Ngày: 16/06/2025,20,T?nh L?ng S?n
06463,Xã Chi L?ng,Xã,S?: 1672/NQ-UBTVQH15; Ngày: 16/06/2025,20,T?nh L?ng S?n
06475,Xã B?ng M?c,Xã,S?: 1672/NQ-UBTVQH15; Ngày: 16/06/2025,20,T?nh L?ng S?n
06481,Xã Chi?n Th?ng,Xã,S?: 1672/NQ-UBTVQH15; Ngày: 16/06/2025,20,T?nh L?ng S?n
06496,Xã Nhân Lý,Xã,S?: 1672/NQ-UBTVQH15; Ngày: 16/06/2025,20,T?nh L?ng S?n
06505,Xã V?n Linh,Xã,S?: 1672/NQ-UBTVQH15; Ngày: 16/06/2025,20,T?nh L?ng S?n
06517,Xã Quan S?n,Xã,S?: 1672/NQ-UBTVQH15; Ngày: 16/06/2025,20,T?nh L?ng S?n
06526,Xã Na D??ng,Xã,S?: 1672/NQ-UBTVQH15; Ngày: 16/06/2025,20,T?nh L?ng S?n
06529,Xã L?c Bình,Xã,S?: 1672/NQ-UBTVQH15; Ngày: 16/06/2025,20,T?nh L?ng S?n
06541,Xã M?u S?n,Xã,S?: 1672/NQ-UBTVQH15; Ngày: 16/06/2025,20,T?nh L?ng S?n
06565,Xã Khu?t Xá,Xã,S?: 1672/NQ-UBTVQH15; Ngày: 16/06/2025,20,T?nh L?ng S?n
06577,Xã Th?ng Nh?t,Xã,S?: 1672/NQ-UBTVQH15; Ngày: 16/06/2025,20,T?nh L?ng S?n
06601,Xã L?i Bác,Xã,S?: 1672/NQ-UBTVQH15; Ngày: 16/06/2025,20,T?nh L?ng S?n
06607,Xã Xuân D??ng,Xã,S?: 1672/NQ-UBTVQH15; Ngày: 16/06/2025,20,T?nh L?ng S?n
06613,Xã ?ình L?p,Xã,S?: 1672/NQ-UBTVQH15; Ngày: 16/06/2025,20,T?nh L?ng S?n
06616,Xã Thái Bình,Xã,S?: 1672/NQ-UBTVQH15; Ngày: 16/06/2025,20,T?nh L?ng S?n
06625,Xã Kiên M?c,Xã,S?: 1672/NQ-UBTVQH15; Ngày: 16/06/2025,20,T?nh L?ng S?n
06637,Xã Châu S?n,Xã,S?: 1672/NQ-UBTVQH15; Ngày: 16/06/2025,20,T?nh L?ng S?n
06652,Ph??ng Hà Tu,Ph??ng,S?: 1679/NQ-UBTVQH15; Ngày: 16/06/2025,22,T?nh Qu?ng Ninh
06658,Ph??ng Cao Xanh,Ph??ng,S?: 1679/NQ-UBTVQH15; Ngày: 16/06/2025,22,T?nh Qu?ng Ninh
06661,Ph??ng Vi?t H?ng,Ph??ng,S?: 1679/NQ-UBTVQH15; Ngày: 16/06/2025,22,T?nh Qu?ng Ninh
06673,Ph??ng Bãi Cháy,Ph??ng,S?: 1679/NQ-UBTVQH15; Ngày: 16/06/2025,22,T?nh Qu?ng Ninh
06676,Ph??ng Hà L?m,Ph??ng,S?: 1679/NQ-UBTVQH15; Ngày: 16/06/2025,22,T?nh Qu?ng Ninh
06685,Ph??ng H?ng Gai,Ph??ng,S?: 1679/NQ-UBTVQH15; Ngày: 16/06/2025,22,T?nh Qu?ng Ninh
06688,Ph??ng H? Long,Ph??ng,S?: 1679/NQ-UBTVQH15; Ngày: 16/06/2025,22,T?nh Qu?ng Ninh
06706,Ph??ng Tu?n Châu,Ph??ng,S?: 1679/NQ-UBTVQH15; Ngày: 16/06/2025,22,T?nh Qu?ng Ninh
06709,Ph??ng Móng Cái 2,Ph??ng,S?: 1679/NQ-UBTVQH15; Ngày: 16/06/2025,22,T?nh Qu?ng Ninh
06712,Ph??ng Móng Cái 1,Ph??ng,S?: 1679/NQ-UBTVQH15; Ngày: 16/06/2025,22,T?nh Qu?ng Ninh
06724,Xã H?i S?n,Xã,S?: 1679/NQ-UBTVQH15; Ngày: 16/06/2025,22,T?nh Qu?ng Ninh
06733,Xã H?i Ninh,Xã,S?: 1679/NQ-UBTVQH15; Ngày: 16/06/2025,22,T?nh Qu?ng Ninh
06736,Ph??ng Móng Cái 3,Ph??ng,S?: 1679/NQ-UBTVQH15; Ngày: 16/06/2025,22,T?nh Qu?ng Ninh
06757,Xã V?nh Th?c,Xã,S?: 1679/NQ-UBTVQH15; Ngày: 16/06/2025,22,T?nh Qu?ng Ninh
06760,Ph??ng Mông D??ng,Ph??ng,S?: 1679/NQ-UBTVQH15; Ngày: 16/06/2025,22,T?nh Qu?ng Ninh
06778,Ph??ng Quang Hanh,Ph??ng,S?: 1679/NQ-UBTVQH15; Ngày: 16/06/2025,22,T?nh Qu?ng Ninh
06781,Ph??ng C?a Ông,Ph??ng,S?: 1679/NQ-UBTVQH15; Ngày: 16/06/2025,22,T?nh Qu?ng Ninh
06793,Ph??ng C?m Ph?,Ph??ng,S?: 1679/NQ-UBTVQH15; Ngày: 16/06/2025,22,T?nh Qu?ng Ninh
06799,Xã H?i Hòa,Xã,S?: 1679/NQ-UBTVQH15; Ngày: 16/06/2025,22,T?nh Qu?ng Ninh
06811,Ph??ng Uông Bí,Ph??ng,S?: 1679/NQ-UBTVQH15; Ngày: 16/06/2025,22,T?nh Qu?ng Ninh
06820,Ph??ng Vàng Danh,Ph??ng,S?: 1679/NQ-UBTVQH15; Ngày: 16/06/2025,22,T?nh Qu?ng Ninh
06832,Ph??ng Yên T?,Ph??ng,S?: 1679/NQ-UBTVQH15; Ngày: 16/06/2025,22,T?nh Qu?ng Ninh
06838,Xã Bình Liêu,Xã,S?: 1679/NQ-UBTVQH15; Ngày: 16/06/2025,22,T?nh Qu?ng Ninh
06841,Xã Hoành Mô,Xã,S?: 1679/NQ-UBTVQH15; Ngày: 16/06/2025,22,T?nh Qu?ng Ninh
06856,Xã L?c H?n,Xã,S?: 1679/NQ-UBTVQH15; Ngày: 16/06/2025,22,T?nh Qu?ng Ninh
06862,Xã Tiên Yên,Xã,S?: 1679/NQ-UBTVQH15; Ngày: 16/06/2025,22,T?nh Qu?ng Ninh
06874,Xã ?i?n Xá,Xã,S?: 1679/NQ-UBTVQH15; Ngày: 16/06/2025,22,T?nh Qu?ng Ninh
06877,Xã ?ông Ng?,Xã,S?: 1679/NQ-UBTVQH15; Ngày: 16/06/2025,22,T?nh Qu?ng Ninh
06886,Xã H?i L?ng,Xã,S?: 1679/NQ-UBTVQH15; Ngày: 16/06/2025,22,T?nh Qu?ng Ninh
06895,Xã ??m Hà,Xã,S?: 1679/NQ-UBTVQH15; Ngày: 16/06/2025,22,T?nh Qu?ng Ninh
06913,Xã Qu?ng Tân,Xã,S?: 1679/NQ-UBTVQH15; Ngày: 16/06/2025,22,T?nh Qu?ng Ninh
06922,Xã Qu?ng Hà,Xã,S?: 1679/NQ-UBTVQH15; Ngày: 16/06/2025,22,T?nh Qu?ng Ninh
06931,Xã Qu?ng ??c,Xã,S?: 1679/NQ-UBTVQH15; Ngày: 16/06/2025,22,T?nh Qu?ng Ninh
06946,Xã ???ng Hoa,Xã,S?: 1679/NQ-UBTVQH15; Ngày: 16/06/2025,22,T?nh Qu?ng Ninh
06967,Xã Cái Chiên,Xã,S?: 1679/NQ-UBTVQH15; Ngày: 16/06/2025,22,T?nh Qu?ng Ninh
06970,Xã Ba Ch?,Xã,S?: 1679/NQ-UBTVQH15; Ngày: 16/06/2025,22,T?nh Qu?ng Ninh
06979,Xã K? Th??ng,Xã,S?: 1679/NQ-UBTVQH15; Ngày: 16/06/2025,22,T?nh Qu?ng Ninh
06985,Xã L??ng Minh,Xã,S?: 1679/NQ-UBTVQH15; Ngày: 16/06/2025,22,T?nh Qu?ng Ninh
06994,??c khu Vân ??n,??c khu,S?: 1679/NQ-UBTVQH15; Ngày: 16/06/2025,22,T?nh Qu?ng Ninh
07030,Ph??ng Hoành B?,Ph??ng,S?: 1679/NQ-UBTVQH15; Ngày: 16/06/2025,22,T?nh Qu?ng Ninh
07054,Xã Qu?ng La,Xã,S?: 1679/NQ-UBTVQH15; Ngày: 16/06/2025,22,T?nh Qu?ng Ninh
07060,Xã Th?ng Nh?t,Xã,S?: 1679/NQ-UBTVQH15; Ngày: 16/06/2025,22,T?nh Qu?ng Ninh
07069,Ph??ng M?o Khê,Ph??ng,S?: 1679/NQ-UBTVQH15; Ngày: 16/06/2025,22,T?nh Qu?ng Ninh
07081,Ph??ng Bình Khê,Ph??ng,S?: 1679/NQ-UBTVQH15; Ngày: 16/06/2025,22,T?nh Qu?ng Ninh
07090,Ph??ng An Sinh,Ph??ng,S?: 1679/NQ-UBTVQH15; Ngày: 16/06/2025,22,T?nh Qu?ng Ninh
07093,Ph??ng ?ông Tri?u,Ph??ng,S?: 1679/NQ-UBTVQH15; Ngày: 16/06/2025,22,T?nh Qu?ng Ninh
07114,Ph??ng Hoàng Qu?,Ph??ng,S?: 1679/NQ-UBTVQH15; Ngày: 16/06/2025,22,T?nh Qu?ng Ninh
07132,Ph??ng Qu?ng Yên,Ph??ng,S?: 1679/NQ-UBTVQH15; Ngày: 16/06/2025,22,T?nh Qu?ng Ninh
07135,Ph??ng ?ông Mai,Ph??ng,S?: 1679/NQ-UBTVQH15; Ngày: 16/06/2025,22,T?nh Qu?ng Ninh
07147,Ph??ng Hi?p Hòa,Ph??ng,S?: 1679/NQ-UBTVQH15; Ngày: 16/06/2025,22,T?nh Qu?ng Ninh
07168,Ph??ng Hà An,Ph??ng,S?: 1679/NQ-UBTVQH15; Ngày: 16/06/2025,22,T?nh Qu?ng Ninh
07180,Ph??ng Liên Hòa,Ph??ng,S?: 1679/NQ-UBTVQH15; Ngày: 16/06/2025,22,T?nh Qu?ng Ninh
07183,Ph??ng Phong C?c,Ph??ng,S?: 1679/NQ-UBTVQH15; Ngày: 16/06/2025,22,T?nh Qu?ng Ninh
07192,??c khu Cô Tô,??c khu,S?: 1679/NQ-UBTVQH15; Ngày: 16/06/2025,22,T?nh Qu?ng Ninh
07210,Ph??ng B?c Giang,Ph??ng,S?: 1658/NQ-UBTVQH15; Ngày: 16/06/2025,24,T?nh B?c Ninh
07228,Ph??ng ?a Mai,Ph??ng,S?: 1658/NQ-UBTVQH15; Ngày: 16/06/2025,24,T?nh B?c Ninh
07246,Xã Xuân L??ng,Xã,S?: 1658/NQ-UBTVQH15; Ngày: 16/06/2025,24,T?nh B?c Ninh
07264,Xã Tam Ti?n,Xã,S?: 1658/NQ-UBTVQH15; Ngày: 16/06/2025,24,T?nh B?c Ninh
07282,Xã ??ng K?,Xã,S?: 1658/NQ-UBTVQH15; Ngày: 16/06/2025,24,T?nh B?c Ninh
07288,Xã Yên Th?,Xã,S?: 1658/NQ-UBTVQH15; Ngày: 16/06/2025,24,T?nh B?c Ninh
07294,Xã B? H?,Xã,S?: 1658/NQ-UBTVQH15; Ngày: 16/06/2025,24,T?nh B?c Ninh
07306,Xã Nhã Nam,Xã,S?: 1658/NQ-UBTVQH15; Ngày: 16/06/2025,24,T?nh B?c Ninh
07330,Xã Phúc Hòa,Xã,S?: 1658/NQ-UBTVQH15; Ngày: 16/06/2025,24,T?nh B?c Ninh
07333,Xã Quang Trung,Xã,S?: 1658/NQ-UBTVQH15; Ngày: 16/06/2025,24,T?nh B?c Ninh
07339,Xã Tân Yên,Xã,S?: 1658/NQ-UBTVQH15; Ngày: 16/06/2025,24,T?nh B?c Ninh
07351,Xã Ng?c Thi?n,Xã,S?: 1658/NQ-UBTVQH15; Ngày: 16/06/2025,24,T?nh B?c Ninh
07375,Xã L?ng Giang,Xã,S?: 1658/NQ-UBTVQH15; Ngày: 16/06/2025,24,T?nh B?c Ninh
07381,Xã Tiên L?c,Xã,S?: 1658/NQ-UBTVQH15; Ngày: 16/06/2025,24,T?nh B?c Ninh
07399,Xã Kép,Xã,S?: 1658/NQ-UBTVQH15; Ngày: 16/06/2025,24,T?nh B?c Ninh
07420,Xã M? Thái,Xã,S?: 1658/NQ-UBTVQH15; Ngày: 16/06/2025,24,T?nh B?c Ninh
07432,Xã Tân D?nh,Xã,S?: 1658/NQ-UBTVQH15; Ngày: 16/06/2025,24,T?nh B?c Ninh
07444,Xã L?c Nam,Xã,S?: 1658/NQ-UBTVQH15; Ngày: 16/06/2025,24,T?nh B?c Ninh
07450,Xã ?ông Phú,Xã,S?: 1658/NQ-UBTVQH15; Ngày: 16/06/2025,24,T?nh B?c Ninh
07462,Xã B?o ?ài,Xã,S?: 1658/NQ-UBTVQH15; Ngày: 16/06/2025,24,T?nh B?c Ninh
07486,Xã Ngh?a Ph??ng,Xã,S?: 1658/NQ-UBTVQH15; Ngày: 16/06/2025,24,T?nh B?c Ninh
07489,Xã Tr??ng S?n,Xã,S?: 1658/NQ-UBTVQH15; Ngày: 16/06/2025,24,T?nh B?c Ninh
07492,Xã L?c S?n,Xã,S?: 1658/NQ-UBTVQH15; Ngày: 16/06/2025,24,T?nh B?c Ninh
07498,Xã B?c L?ng,Xã,S?: 1658/NQ-UBTVQH15; Ngày: 16/06/2025,24,T?nh B?c Ninh
07519,Xã C?m Lý,Xã,S?: 1658/NQ-UBTVQH15; Ngày: 16/06/2025,24,T?nh B?c Ninh
07525,Ph??ng Ch?,Ph??ng,S?: 1658/NQ-UBTVQH15; Ngày: 16/06/2025,24,T?nh B?c Ninh
07531,Xã Tân S?n,Xã,S?: 1658/NQ-UBTVQH15; Ngày: 16/06/2025,24,T?nh B?c Ninh
07534,Xã Sa Lý,Xã,S?: 1658/NQ-UBTVQH15; Ngày: 16/06/2025,24,T?nh B?c Ninh
07537,Xã Biên S?n,Xã,S?: 1658/NQ-UBTVQH15; Ngày: 16/06/2025,24,T?nh B?c Ninh
07543,Xã S?n H?i,Xã,S?: 1658/NQ-UBTVQH15; Ngày: 16/06/2025,24,T?nh B?c Ninh
07552,Xã Kiên Lao,Xã,S?: 1658/NQ-UBTVQH15; Ngày: 16/06/2025,24,T?nh B?c Ninh
07573,Xã Bi?n ??ng,Xã,S?: 1658/NQ-UBTVQH15; Ngày: 16/06/2025,24,T?nh B?c Ninh
07582,Xã L?c Ng?n,Xã,S?: 1658/NQ-UBTVQH15; Ngày: 16/06/2025,24,T?nh B?c Ninh
07594,Xã ?èo Gia,Xã,S?: 1658/NQ-UBTVQH15; Ngày: 16/06/2025,24,T?nh B?c Ninh
07603,Xã Nam D??ng,Xã,S?: 1658/NQ-UBTVQH15; Ngày: 16/06/2025,24,T?nh B?c Ninh
07612,Ph??ng Ph??ng S?n,Ph??ng,S?: 1658/NQ-UBTVQH15; Ngày: 16/06/2025,24,T?nh B?c Ninh
07615,Xã S?n ??ng,Xã,S?: 1658/NQ-UBTVQH15; Ngày: 16/06/2025,24,T?nh B?c Ninh
07616,Xã Tây Yên T?,Xã,S?: 1658/NQ-UBTVQH15; Ngày: 16/06/2025,24,T?nh B?c Ninh
07621,Xã Vân S?n,Xã,S?: 1658/NQ-UBTVQH15; Ngày: 16/06/2025,24,T?nh B?c Ninh
07627,Xã ??i S?n,Xã,S?: 1658/NQ-UBTVQH15; Ngày: 16/06/2025,24,T?nh B?c Ninh
07642,Xã Yên ??nh,Xã,S?: 1658/NQ-UBTVQH15; Ngày: 16/06/2025,24,T?nh B?c Ninh
07654,Xã An L?c,Xã,S?: 1658/NQ-UBTVQH15; Ngày: 16/06/2025,24,T?nh B?c Ninh
07663,Xã Tu?n ??o,Xã,S?: 1658/NQ-UBTVQH15; Ngày: 16/06/2025,24,T?nh B?c Ninh
07672,Xã D??ng H?u,Xã,S?: 1658/NQ-UBTVQH15; Ngày: 16/06/2025,24,T?nh B?c Ninh
07681,Ph??ng Yên D?ng,Ph??ng,S?: 1658/NQ-UBTVQH15; Ngày: 16/06/2025,24,T?nh B?c Ninh
07682,Ph??ng Tân An,Ph??ng,S?: 1658/NQ-UBTVQH15; Ngày: 16/06/2025,24,T?nh B?c Ninh
07696,Ph??ng Ti?n Phong,Ph??ng,S?: 1658/NQ-UBTVQH15; Ngày: 16/06/2025,24,T?nh B?c Ninh
07699,Ph??ng Tân Ti?n,Ph??ng,S?: 1658/NQ-UBTVQH15; Ngày: 16/06/2025,24,T?nh B?c Ninh
07735,Xã ??ng Vi?t,Xã,S?: 1658/NQ-UBTVQH15; Ngày: 16/06/2025,24,T?nh B?c Ninh
07738,Ph??ng C?nh Th?y,Ph??ng,S?: 1658/NQ-UBTVQH15; Ngày: 16/06/2025,24,T?nh B?c Ninh
07774,Ph??ng T? L?n,Ph??ng,S?: 1658/NQ-UBTVQH15; Ngày: 16/06/2025,24,T?nh B?c Ninh
07777,Ph??ng Vi?t Yên,Ph??ng,S?: 1658/NQ-UBTVQH15; Ngày: 16/06/2025,24,T?nh B?c Ninh
07795,Ph??ng N?nh,Ph??ng,S?: 1658/NQ-UBTVQH15; Ngày: 16/06/2025,24,T?nh B?c Ninh
07798,Ph??ng Vân Hà,Ph??ng,S?: 1658/NQ-UBTVQH15; Ngày: 16/06/2025,24,T?nh B?c Ninh
07822,Xã Hoàng Vân,Xã,S?: 1658/NQ-UBTVQH15; Ngày: 16/06/2025,24,T?nh B?c Ninh
07840,Xã Hi?p Hoà,Xã,S?: 1658/NQ-UBTVQH15; Ngày: 16/06/2025,24,T?nh B?c Ninh
07864,Xã H?p Th?nh,Xã,S?: 1658/NQ-UBTVQH15; Ngày: 16/06/2025,24,T?nh B?c Ninh
07870,Xã Xuân C?m,Xã,S?: 1658/NQ-UBTVQH15; Ngày: 16/06/2025,24,T?nh B?c Ninh
09169,Ph??ng V? Ninh,Ph??ng,S?: 1658/NQ-UBTVQH15; Ngày: 16/06/2025,24,T?nh B?c Ninh
09187,Ph??ng Kinh B?c,Ph??ng,S?: 1658/NQ-UBTVQH15; Ngày: 16/06/2025,24,T?nh B?c Ninh
09190,Ph??ng Võ C??ng,Ph??ng,S?: 1658/NQ-UBTVQH15; Ngày: 16/06/2025,24,T?nh B?c Ninh
09193,Xã Yên Phong,Xã,S?: 1658/NQ-UBTVQH15; Ngày: 16/06/2025,24,T?nh B?c Ninh
09202,Xã Tam Giang,Xã,S?: 1658/NQ-UBTVQH15; Ngày: 16/06/2025,24,T?nh B?c Ninh
09205,Xã Yên Trung,Xã,S?: 1658/NQ-UBTVQH15; Ngày: 16/06/2025,24,T?nh B?c Ninh
09208,Xã Tam ?a,Xã,S?: 1658/NQ-UBTVQH15; Ngày: 16/06/2025,24,T?nh B?c Ninh
09238,Xã V?n Môn,Xã,S?: 1658/NQ-UBTVQH15; Ngày: 16/06/2025,24,T?nh B?c Ninh
09247,Ph??ng Qu? Võ,Ph??ng,S?: 1658/NQ-UBTVQH15; Ngày: 16/06/2025,24,T?nh B?c Ninh
09253,Ph??ng Nhân Hòa,Ph??ng,S?: 1658/NQ-UBTVQH15; Ngày: 16/06/2025,24,T?nh B?c Ninh
09265,Ph??ng Ph??ng Li?u,Ph??ng,S?: 1658/NQ-UBTVQH15; Ngày: 16/06/2025,24,T?nh B?c Ninh
09286,Ph??ng Nam S?n,Ph??ng,S?: 1658/NQ-UBTVQH15; Ngày: 16/06/2025,24,T?nh B?c Ninh
09292,Xã Phù Lãng,Xã,S?: 1658/NQ-UBTVQH15; Ngày: 16/06/2025,24,T?nh B?c Ninh
09295,Ph??ng B?ng Lai,Ph??ng,S?: 1658/NQ-UBTVQH15; Ngày: 16/06/2025,24,T?nh B?c Ninh
09301,Ph??ng ?ào Viên,Ph??ng,S?: 1658/NQ-UBTVQH15; Ngày: 16/06/2025,24,T?nh B?c Ninh
09313,Xã Chi L?ng,Xã,S?: 1658/NQ-UBTVQH15; Ngày: 16/06/2025,24,T?nh B?c Ninh
09319,Xã Tiên Du,Xã,S?: 1658/NQ-UBTVQH15; Ngày: 16/06/2025,24,T?nh B?c Ninh
09325,Ph??ng H?p L?nh,Ph??ng,S?: 1658/NQ-UBTVQH15; Ngày: 16/06/2025,24,T?nh B?c Ninh
09334,Xã Liên Bão,Xã,S?: 1658/NQ-UBTVQH15; Ngày: 16/06/2025,24,T?nh B?c Ninh
09340,Xã ??i ??ng,Xã,S?: 1658/NQ-UBTVQH15; Ngày: 16/06/2025,24,T?nh B?c Ninh
09343,Xã Tân Chi,Xã,S?: 1658/NQ-UBTVQH15; Ngày: 16/06/2025,24,T?nh B?c Ninh
09349,Xã Ph?t Tích,Xã,S?: 1658/NQ-UBTVQH15; Ngày: 16/06/2025,24,T?nh B?c Ninh
09367,Ph??ng T? S?n,Ph??ng,S?: 1658/NQ-UBTVQH15; Ngày: 16/06/2025,24,T?nh B?c Ninh
09370,Ph??ng Tam S?n,Ph??ng,S?: 1658/NQ-UBTVQH15; Ngày: 16/06/2025,24,T?nh B?c Ninh
09379,Ph??ng Phù Khê,Ph??ng,S?: 1658/NQ-UBTVQH15; Ngày: 16/06/2025,24,T?nh B?c Ninh
09385,Ph??ng ??ng Nguyên,Ph??ng,S?: 1658/NQ-UBTVQH15; Ngày: 16/06/2025,24,T?nh B?c Ninh
09400,Ph??ng Thu?n Thành,Ph??ng,S?: 1658/NQ-UBTVQH15; Ngày: 16/06/2025,24,T?nh B?c Ninh
09409,Ph??ng Mão ?i?n,Ph??ng,S?: 1658/NQ-UBTVQH15; Ngày: 16/06/2025,24,T?nh B?c Ninh
09427,Ph??ng Trí Qu?,Ph??ng,S?: 1658/NQ-UBTVQH15; Ngày: 16/06/2025,24,T?nh B?c Ninh
09430,Ph??ng Tr?m L?,Ph??ng,S?: 1658/NQ-UBTVQH15; Ngày: 16/06/2025,24,T?nh B?c Ninh
09433,Ph??ng Song Li?u,Ph??ng,S?: 1658/NQ-UBTVQH15; Ngày: 16/06/2025,24,T?nh B?c Ninh
09445,Ph??ng Ninh Xá,Ph??ng,S?: 1658/NQ-UBTVQH15; Ngày: 16/06/2025,24,T?nh B?c Ninh
09454,Xã Gia Bình,Xã,S?: 1658/NQ-UBTVQH15; Ngày: 16/06/2025,24,T?nh B?c Ninh
09466,Xã Cao ??c,Xã,S?: 1658/NQ-UBTVQH15; Ngày: 16/06/2025,24,T?nh B?c Ninh
09469,Xã ??i Lai,Xã,S?: 1658/NQ-UBTVQH15; Ngày: 16/06/2025,24,T?nh B?c Ninh
09475,Xã Nhân Th?ng,Xã,S?: 1658/NQ-UBTVQH15; Ngày: 16/06/2025,24,T?nh B?c Ninh
09487,Xã ?ông C?u,Xã,S?: 1658/NQ-UBTVQH15; Ngày: 16/06/2025,24,T?nh B?c Ninh
09496,Xã L??ng Tài,Xã,S?: 1658/NQ-UBTVQH15; Ngày: 16/06/2025,24,T?nh B?c Ninh
09499,Xã Trung Kênh,Xã,S?: 1658/NQ-UBTVQH15; Ngày: 16/06/2025,24,T?nh B?c Ninh
09523,Xã Trung Chính,Xã,S?: 1658/NQ-UBTVQH15; Ngày: 16/06/2025,24,T?nh B?c Ninh
09529,Xã Lâm Thao,Xã,S?: 1658/NQ-UBTVQH15; Ngày: 16/06/2025,24,T?nh B?c Ninh
04792,Ph??ng Tân Hòa,Ph??ng,S?: 1676/NQ-UBTVQH15; Ngày: 16/06/2025,25,T?nh Phú Th?
04795,Ph??ng Hòa Bình,Ph??ng,S?: 1676/NQ-UBTVQH15; Ngày: 16/06/2025,25,T?nh Phú Th?
04828,Ph??ng Th?ng Nh?t,Ph??ng,S?: 1676/NQ-UBTVQH15; Ngày: 16/06/2025,25,T?nh Phú Th?
04831,Xã ?à B?c,Xã,S?: 1676/NQ-UBTVQH15; Ngày: 16/06/2025,25,T?nh Phú Th?
04846,Xã ??c Nhàn,Xã,S?: 1676/NQ-UBTVQH15; Ngày: 16/06/2025,25,T?nh Phú Th?
04849,Xã Tân Pheo,Xã,S?: 1676/NQ-UBTVQH15; Ngày: 16/06/2025,25,T?nh Phú Th?
04873,Xã Quy ??c,Xã,S?: 1676/NQ-UBTVQH15; Ngày: 16/06/2025,25,T?nh Phú Th?
04876,Xã Cao S?n,Xã,S?: 1676/NQ-UBTVQH15; Ngày: 16/06/2025,25,T?nh Phú Th?
04891,Xã Ti?n Phong,Xã,S?: 1676/NQ-UBTVQH15; Ngày: 16/06/2025,25,T?nh Phú Th?
04894,Ph??ng K? S?n,Ph??ng,S?: 1676/NQ-UBTVQH15; Ngày: 16/06/2025,25,T?nh Phú Th?
04897,Xã Th?nh Minh,Xã,S?: 1676/NQ-UBTVQH15; Ngày: 16/06/2025,25,T?nh Phú Th?
04924,Xã L??ng S?n,Xã,S?: 1676/NQ-UBTVQH15; Ngày: 16/06/2025,25,T?nh Phú Th?
04960,Xã Liên S?n,Xã,S?: 1676/NQ-UBTVQH15; Ngày: 16/06/2025,25,T?nh Phú Th?
04978,Xã Kim Bôi,Xã,S?: 1676/NQ-UBTVQH15; Ngày: 16/06/2025,25,T?nh Phú Th?
04990,Xã N?t S?n,Xã,S?: 1676/NQ-UBTVQH15; Ngày: 16/06/2025,25,T?nh Phú Th?
05014,Xã M??ng ??ng,Xã,S?: 1676/NQ-UBTVQH15; Ngày: 16/06/2025,25,T?nh Phú Th?
05047,Xã Cao D??ng,Xã,S?: 1676/NQ-UBTVQH15; Ngày: 16/06/2025,25,T?nh Phú Th?
05068,Xã H?p Kim,Xã,S?: 1676/NQ-UBTVQH15; Ngày: 16/06/2025,25,T?nh Phú Th?
05086,Xã D?ng Ti?n,Xã,S?: 1676/NQ-UBTVQH15; Ngày: 16/06/2025,25,T?nh Phú Th?
05089,Xã Cao Phong,Xã,S?: 1676/NQ-UBTVQH15; Ngày: 16/06/2025,25,T?nh Phú Th?
05092,Xã Thung Nai,Xã,S?: 1676/NQ-UBTVQH15; Ngày: 16/06/2025,25,T?nh Phú Th?
05116,Xã M??ng Thàng,Xã,S?: 1676/NQ-UBTVQH15; Ngày: 16/06/2025,25,T?nh Phú Th?
05128,Xã Tân L?c,Xã,S?: 1676/NQ-UBTVQH15; Ngày: 16/06/2025,25,T?nh Phú Th?
05134,Xã M??ng Hoa,Xã,S?: 1676/NQ-UBTVQH15; Ngày: 16/06/2025,25,T?nh Phú Th?
05152,Xã Vân S?n,Xã,S?: 1676/NQ-UBTVQH15; Ngày: 16/06/2025,25,T?nh Phú Th?
05158,Xã M??ng Bi,Xã,S?: 1676/NQ-UBTVQH15; Ngày: 16/06/2025,25,T?nh Phú Th?
05191,Xã Toàn Th?ng,Xã,S?: 1676/NQ-UBTVQH15; Ngày: 16/06/2025,25,T?nh Phú Th?
05200,Xã Mai Châu,Xã,S?: 1676/NQ-UBTVQH15; Ngày: 16/06/2025,25,T?nh Phú Th?
05206,Xã Tân Mai,Xã,S?: 1676/NQ-UBTVQH15; Ngày: 16/06/2025,25,T?nh Phú Th?
05212,Xã Pà Cò,Xã,S?: 1676/NQ-UBTVQH15; Ngày: 16/06/2025,25,T?nh Phú Th?
05245,Xã Bao La,Xã,S?: 1676/NQ-UBTVQH15; Ngày: 16/06/2025,25,T?nh Phú Th?
05251,Xã Mai H?,Xã,S?: 1676/NQ-UBTVQH15; Ngày: 16/06/2025,25,T?nh Phú Th?
05266,Xã L?c S?n,Xã,S?: 1676/NQ-UBTVQH15; Ngày: 16/06/2025,25,T?nh Phú Th?
05287,Xã M??ng Vang,Xã,S?: 1676/NQ-UBTVQH15; Ngày: 16/06/2025,25,T?nh Phú Th?
05290,Xã Nhân Ngh?a,Xã,S?: 1676/NQ-UBTVQH15; Ngày: 16/06/2025,25,T?nh Phú Th?
05293,Xã Th??ng C?c,Xã,S?: 1676/NQ-UBTVQH15; Ngày: 16/06/2025,25,T?nh Phú Th?
05305,Xã Yên Phú,Xã,S?: 1676/NQ-UBTVQH15; Ngày: 16/06/2025,25,T?nh Phú Th?
05323,Xã Quy?t Th?ng,Xã,S?: 1676/NQ-UBTVQH15; Ngày: 16/06/2025,25,T?nh Phú Th?
05329,Xã Ng?c S?n,Xã,S?: 1676/NQ-UBTVQH15; Ngày: 16/06/2025,25,T?nh Phú Th?
05347,Xã ??i ??ng,Xã,S?: 1676/NQ-UBTVQH15; Ngày: 16/06/2025,25,T?nh Phú Th?
05353,Xã Yên Th?y,Xã,S?: 1676/NQ-UBTVQH15; Ngày: 16/06/2025,25,T?nh Phú Th?
05362,Xã L?c L??ng,Xã,S?: 1676/NQ-UBTVQH15; Ngày: 16/06/2025,25,T?nh Phú Th?
05386,Xã Yên Tr?,Xã,S?: 1676/NQ-UBTVQH15; Ngày: 16/06/2025,25,T?nh Phú Th?
05392,Xã L?c Th?y,Xã,S?: 1676/NQ-UBTVQH15; Ngày: 16/06/2025,25,T?nh Phú Th?
05395,Xã An Ngh?a,Xã,S?: 1676/NQ-UBTVQH15; Ngày: 16/06/2025,25,T?nh Phú Th?
05425,Xã An Bình,Xã,S?: 1676/NQ-UBTVQH15; Ngày: 16/06/2025,25,T?nh Phú Th?
07894,Ph??ng Nông Trang,Ph??ng,S?: 1676/NQ-UBTVQH15; Ngày: 16/06/2025,25,T?nh Phú Th?
07900,Ph??ng Vi?t Trì,Ph??ng,S?: 1676/NQ-UBTVQH15; Ngày: 16/06/2025,25,T?nh Phú Th?
07909,Ph??ng Thanh Mi?u,Ph??ng,S?: 1676/NQ-UBTVQH15; Ngày: 16/06/2025,25,T?nh Phú Th?
07918,Ph??ng Vân Phú,Ph??ng,S?: 1676/NQ-UBTVQH15; Ngày: 16/06/2025,25,T?nh Phú Th?
07942,Ph??ng Phú Th?,Ph??ng,S?: 1676/NQ-UBTVQH15; Ngày: 16/06/2025,25,T?nh Phú Th?
07948,Ph??ng Âu C?,Ph??ng,S?: 1676/NQ-UBTVQH15; Ngày: 16/06/2025,25,T?nh Phú Th?
07954,Ph??ng Phong Châu,Ph??ng,S?: 1676/NQ-UBTVQH15; Ngày: 16/06/2025,25,T?nh Phú Th?
07969,Xã ?oan Hùng,Xã,S?: 1676/NQ-UBTVQH15; Ngày: 16/06/2025,25,T?nh Phú Th?
07996,Xã B?ng Luân,Xã,S?: 1676/NQ-UBTVQH15; Ngày: 16/06/2025,25,T?nh Phú Th?
07999,Xã Chí ?ám,Xã,S?: 1676/NQ-UBTVQH15; Ngày: 16/06/2025,25,T?nh Phú Th?
08023,Xã Tây C?c,Xã,S?: 1676/NQ-UBTVQH15; Ngày: 16/06/2025,25,T?nh Phú Th?
08038,Xã Chân M?ng,Xã,S?: 1676/NQ-UBTVQH15; Ngày: 16/06/2025,25,T?nh Phú Th?
08053,Xã H? Hòa,Xã,S?: 1676/NQ-UBTVQH15; Ngày: 16/06/2025,25,T?nh Phú Th?
08071,Xã ?an Th??ng,Xã,S?: 1676/NQ-UBTVQH15; Ngày: 16/06/2025,25,T?nh Phú Th?
08110,Xã Hi?n L??ng,Xã,S?: 1676/NQ-UBTVQH15; Ngày: 16/06/2025,25,T?nh Phú Th?
08113,Xã Yên K?,Xã,S?: 1676/NQ-UBTVQH15; Ngày: 16/06/2025,25,T?nh Phú Th?
08134,Xã V?n Lang,Xã,S?: 1676/NQ-UBTVQH15; Ngày: 16/06/2025,25,T?nh Phú Th?
08143,Xã V?nh Chân,Xã,S?: 1676/NQ-UBTVQH15; Ngày: 16/06/2025,25,T?nh Phú Th?
08152,Xã Thanh Ba,Xã,S?: 1676/NQ-UBTVQH15; Ngày: 16/06/2025,25,T?nh Phú Th?
08173,Xã Qu?ng Yên,Xã,S?: 1676/NQ-UBTVQH15; Ngày: 16/06/2025,25,T?nh Phú Th?
08203,Xã Hoàng C??ng,Xã,S?: 1676/NQ-UBTVQH15; Ngày: 16/06/2025,25,T?nh Phú Th?
08209,Xã ?ông Thành,Xã,S?: 1676/NQ-UBTVQH15; Ngày: 16/06/2025,25,T?nh Phú Th?
08218,Xã Chí Tiên,Xã,S?: 1676/NQ-UBTVQH15; Ngày: 16/06/2025,25,T?nh Phú Th?
08227,Xã Liên Minh,Xã,S?: 1676/NQ-UBTVQH15; Ngày: 16/06/2025,25,T?nh Phú Th?
08230,Xã Phù Ninh,Xã,S?: 1676/NQ-UBTVQH15; Ngày: 16/06/2025,25,T?nh Phú Th?
08236,Xã Phú M?,Xã,S?: 1676/NQ-UBTVQH15; Ngày: 16/06/2025,25,T?nh Phú Th?
08245,Xã Tr?m Th?n,Xã,S?: 1676/NQ-UBTVQH15; Ngày: 16/06/2025,25,T?nh Phú Th?
08254,Xã Dân Ch?,Xã,S?: 1676/NQ-UBTVQH15; Ngày: 16/06/2025,25,T?nh Phú Th?
08275,Xã Bình Phú,Xã,S?: 1676/NQ-UBTVQH15; Ngày: 16/06/2025,25,T?nh Phú Th?
08290,Xã Yên L?p,Xã,S?: 1676/NQ-UBTVQH15; Ngày: 16/06/2025,25,T?nh Phú Th?
08296,Xã S?n L??ng,Xã,S?: 1676/NQ-UBTVQH15; Ngày: 16/06/2025,25,T?nh Phú Th?
08305,Xã Xuân Viên,Xã,S?: 1676/NQ-UBTVQH15; Ngày: 16/06/2025,25,T?nh Phú Th?
08311,Xã Trung S?n,Xã,S?: 1676/NQ-UBTVQH15; Ngày: 16/06/2025,25,T?nh Phú Th?
08323,Xã Th??ng Long,Xã,S?: 1676/NQ-UBTVQH15; Ngày: 16/06/2025,25,T?nh Phú Th?
08338,Xã Minh Hòa,Xã,S?: 1676/NQ-UBTVQH15; Ngày: 16/06/2025,25,T?nh Phú Th?
08341,Xã C?m Khê,Xã,S?: 1676/NQ-UBTVQH15; Ngày: 16/06/2025,25,T?nh Phú Th?
08344,Xã Tiên L??ng,Xã,S?: 1676/NQ-UBTVQH15; Ngày: 16/06/2025,25,T?nh Phú Th?
08377,Xã Vân Bán,Xã,S?: 1676/NQ-UBTVQH15; Ngày: 16/06/2025,25,T?nh Phú Th?
08398,Xã Phú Khê,Xã,S?: 1676/NQ-UBTVQH15; Ngày: 16/06/2025,25,T?nh Phú Th?
08416,Xã Hùng Vi?t,Xã,S?: 1676/NQ-UBTVQH15; Ngày: 16/06/2025,25,T?nh Phú Th?
08431,Xã ??ng L??ng,Xã,S?: 1676/NQ-UBTVQH15; Ngày: 16/06/2025,25,T?nh Phú Th?
08434,Xã Tam Nông,Xã,S?: 1676/NQ-UBTVQH15; Ngày: 16/06/2025,25,T?nh Phú Th?
08443,Xã Hi?n Quan,Xã,S?: 1676/NQ-UBTVQH15; Ngày: 16/06/2025,25,T?nh Phú Th?
08467,Xã V?n Xuân,Xã,S?: 1676/NQ-UBTVQH15; Ngày: 16/06/2025,25,T?nh Phú Th?
08479,Xã Th? V?n,Xã,S?: 1676/NQ-UBTVQH15; Ngày: 16/06/2025,25,T?nh Phú Th?
08494,Xã Lâm Thao,Xã,S?: 1676/NQ-UBTVQH15; Ngày: 16/06/2025,25,T?nh Phú Th?
08500,Xã Xuân L?ng,Xã,S?: 1676/NQ-UBTVQH15; Ngày: 16/06/2025,25,T?nh Phú Th?
08515,Xã Hy C??ng,Xã,S?: 1676/NQ-UBTVQH15; Ngày: 16/06/2025,25,T?nh Phú Th?
08521,Xã Phùng Nguyên,Xã,S?: 1676/NQ-UBTVQH15; Ngày: 16/06/2025,25,T?nh Phú Th?
08527,Xã B?n Nguyên,Xã,S?: 1676/NQ-UBTVQH15; Ngày: 16/06/2025,25,T?nh Phú Th?
08542,Xã Thanh S?n,Xã,S?: 1676/NQ-UBTVQH15; Ngày: 16/06/2025,25,T?nh Phú Th?
08545,Xã Thu Cúc,Xã,S?: 1676/NQ-UBTVQH15; Ngày: 16/06/2025,25,T?nh Phú Th?
08560,Xã Lai ??ng,Xã,S?: 1676/NQ-UBTVQH15; Ngày: 16/06/2025,25,T?nh Phú Th?
08566,Xã Tân S?n,Xã,S?: 1676/NQ-UBTVQH15; Ngày: 16/06/2025,25,T?nh Phú Th?
08584,Xã Võ Mi?u,Xã,S?: 1676/NQ-UBTVQH15; Ngày: 16/06/2025,25,T?nh Phú Th?
08590,Xã Xuân ?ài,Xã,S?: 1676/NQ-UBTVQH15; Ngày: 16/06/2025,25,T?nh Phú Th?
08593,Xã Minh ?ài,Xã,S?: 1676/NQ-UBTVQH15; Ngày: 16/06/2025,25,T?nh Phú Th?
08611,Xã V?n Mi?u,Xã,S?: 1676/NQ-UBTVQH15; Ngày: 16/06/2025,25,T?nh Phú Th?
08614,Xã C? ??ng,Xã,S?: 1676/NQ-UBTVQH15; Ngày: 16/06/2025,25,T?nh Phú Th?
08620,Xã Long C?c,Xã,S?: 1676/NQ-UBTVQH15; Ngày: 16/06/2025,25,T?nh Phú Th?
08632,Xã H??ng C?n,Xã,S?: 1676/NQ-UBTVQH15; Ngày: 16/06/2025,25,T?nh Phú Th?
08635,Xã Kh? C?u,Xã,S?: 1676/NQ-UBTVQH15; Ngày: 16/06/2025,25,T?nh Phú Th?
08656,Xã Yên S?n,Xã,S?: 1676/NQ-UBTVQH15; Ngày: 16/06/2025,25,T?nh Phú Th?
08662,Xã ?ào Xá,Xã,S?: 1676/NQ-UBTVQH15; Ngày: 16/06/2025,25,T?nh Phú Th?
08674,Xã Thanh Th?y,Xã,S?: 1676/NQ-UBTVQH15; Ngày: 16/06/2025,25,T?nh Phú Th?
08686,Xã Tu V?,Xã,S?: 1676/NQ-UBTVQH15; Ngày: 16/06/2025,25,T?nh Phú Th?
08707,Ph??ng V?nh Yên,Ph??ng,S?: 1676/NQ-UBTVQH15; Ngày: 16/06/2025,25,T?nh Phú Th?
08716,Ph??ng V?nh Phúc,Ph??ng,S?: 1676/NQ-UBTVQH15; Ngày: 16/06/2025,25,T?nh Phú Th?
08740,Ph??ng Phúc Yên,Ph??ng,S?: 1676/NQ-UBTVQH15; Ngày: 16/06/2025,25,T?nh Phú Th?
08746,Ph??ng Xuân Hòa,Ph??ng,S?: 1676/NQ-UBTVQH15; Ngày: 16/06/2025,25,T?nh Phú Th?
08761,Xã L?p Th?ch,Xã,S?: 1676/NQ-UBTVQH15; Ngày: 16/06/2025,25,T?nh Phú Th?
08770,Xã H?p Lý,Xã,S?: 1676/NQ-UBTVQH15; Ngày: 16/06/2025,25,T?nh Phú Th?
08773,Xã Yên Lãng,Xã,S?: 1676/NQ-UBTVQH15; Ngày: 16/06/2025,25,T?nh Phú Th?
08782,Xã H?i L?u,Xã,S?: 1676/NQ-UBTVQH15; Ngày: 16/06/2025,25,T?nh Phú Th?
08788,Xã Thái Hòa,Xã,S?: 1676/NQ-UBTVQH15; Ngày: 16/06/2025,25,T?nh Phú Th?
08812,Xã Liên Hòa,Xã,S?: 1676/NQ-UBTVQH15; Ngày: 16/06/2025,25,T?nh Phú Th?
08824,Xã Tam S?n,Xã,S?: 1676/NQ-UBTVQH15; Ngày: 16/06/2025,25,T?nh Phú Th?
08842,Xã Tiên L?,Xã,S?: 1676/NQ-UBTVQH15; Ngày: 16/06/2025,25,T?nh Phú Th?
08848,Xã Sông Lô,Xã,S?: 1676/NQ-UBTVQH15; Ngày: 16/06/2025,25,T?nh Phú Th?
08866,Xã S?n ?ông,Xã,S?: 1676/NQ-UBTVQH15; Ngày: 16/06/2025,25,T?nh Phú Th?
08869,Xã Tam D??ng,Xã,S?: 1676/NQ-UBTVQH15; Ngày: 16/06/2025,25,T?nh Phú Th?
08872,Xã Tam D??ng B?c,Xã,S?: 1676/NQ-UBTVQH15; Ngày: 16/06/2025,25,T?nh Phú Th?
08896,Xã Hoàng An,Xã,S?: 1676/NQ-UBTVQH15; Ngày: 16/06/2025,25,T?nh Phú Th?
08905,Xã H?i Th?nh,Xã,S?: 1676/NQ-UBTVQH15; Ngày: 16/06/2025,25,T?nh Phú Th?
08911,Xã Tam ??o,Xã,S?: 1676/NQ-UBTVQH15; Ngày: 16/06/2025,25,T?nh Phú Th?
08914,Xã ??o Trù,Xã,S?: 1676/NQ-UBTVQH15; Ngày: 16/06/2025,25,T?nh Phú Th?
08923,Xã ??i ?ình,Xã,S?: 1676/NQ-UBTVQH15; Ngày: 16/06/2025,25,T?nh Phú Th?
08935,Xã Bình Nguyên,Xã,S?: 1676/NQ-UBTVQH15; Ngày: 16/06/2025,25,T?nh Phú Th?
08944,Xã Bình Tuy?n,Xã,S?: 1676/NQ-UBTVQH15; Ngày: 16/06/2025,25,T?nh Phú Th?
08950,Xã Bình Xuyên,Xã,S?: 1676/NQ-UBTVQH15; Ngày: 16/06/2025,25,T?nh Phú Th?
08971,Xã Xuân Lãng,Xã,S?: 1676/NQ-UBTVQH15; Ngày: 16/06/2025,25,T?nh Phú Th?
09025,Xã Yên L?c,Xã,S?: 1676/NQ-UBTVQH15; Ngày: 16/06/2025,25,T?nh Phú Th?
09040,Xã T? L?,Xã,S?: 1676/NQ-UBTVQH15; Ngày: 16/06/2025,25,T?nh Phú Th?
09043,Xã Tam H?ng,Xã,S?: 1676/NQ-UBTVQH15; Ngày: 16/06/2025,25,T?nh Phú Th?
09052,Xã Nguy?t ??c,Xã,S?: 1676/NQ-UBTVQH15; Ngày: 16/06/2025,25,T?nh Phú Th?
09064,Xã Liên Châu,Xã,S?: 1676/NQ-UBTVQH15; Ngày: 16/06/2025,25,T?nh Phú Th?
09076,Xã V?nh T??ng,Xã,S?: 1676/NQ-UBTVQH15; Ngày: 16/06/2025,25,T?nh Phú Th?
09079,Xã V?nh An,Xã,S?: 1676/NQ-UBTVQH15; Ngày: 16/06/2025,25,T?nh Phú Th?
09100,Xã V?nh H?ng,Xã,S?: 1676/NQ-UBTVQH15; Ngày: 16/06/2025,25,T?nh Phú Th?
09106,Xã V?nh Thành,Xã,S?: 1676/NQ-UBTVQH15; Ngày: 16/06/2025,25,T?nh Phú Th?
09112,Xã Th? Tang,Xã,S?: 1676/NQ-UBTVQH15; Ngày: 16/06/2025,25,T?nh Phú Th?
09154,Xã V?nh Phú,Xã,S?: 1676/NQ-UBTVQH15; Ngày: 16/06/2025,25,T?nh Phú Th?
10507,Ph??ng Thành ?ông,Ph??ng,S?: 1669/NQ-UBTVQH15; Ngày: 16/06/2025,31,Thành ph? H?i Phòng
10525,Ph??ng H?i D??ng,Ph??ng,S?: 1669/NQ-UBTVQH15; Ngày: 16/06/2025,31,Thành ph? H?i Phòng
10532,Ph??ng Lê Thanh Ngh?,Ph??ng,S?: 1669/NQ-UBTVQH15; Ngày: 16/06/2025,31,Thành ph? H?i Phòng
10537,Ph??ng Tân H?ng,Ph??ng,S?: 1669/NQ-UBTVQH15; Ngày: 16/06/2025,31,Thành ph? H?i Phòng
10543,Ph??ng Vi?t Hòa,Ph??ng,S?: 1669/NQ-UBTVQH15; Ngày: 16/06/2025,31,Thành ph? H?i Phòng
10546,Ph??ng Chí Linh,Ph??ng,S?: 1669/NQ-UBTVQH15; Ngày: 16/06/2025,31,Thành ph? H?i Phòng
10549,Ph??ng Chu V?n An,Ph??ng,S?: 1669/NQ-UBTVQH15; Ngày: 16/06/2025,31,Thành ph? H?i Phòng
10552,Ph??ng Nguy?n Trãi,Ph??ng,S?: 1669/NQ-UBTVQH15; Ngày: 16/06/2025,31,Thành ph? H?i Phòng
10570,Ph??ng Tr?n H?ng ??o,Ph??ng,S?: 1669/NQ-UBTVQH15; Ngày: 16/06/2025,31,Thành ph? H?i Phòng
10573,Ph??ng Tr?n Nhân Tông,Ph??ng,S?: 1669/NQ-UBTVQH15; Ngày: 16/06/2025,31,Thành ph? H?i Phòng
10603,Ph??ng Lê ??i Hành,Ph??ng,S?: 1669/NQ-UBTVQH15; Ngày: 16/06/2025,31,Thành ph? H?i Phòng
10606,Xã Nam Sách,Xã,S?: 1669/NQ-UBTVQH15; Ngày: 16/06/2025,31,Thành ph? H?i Phòng
10615,Xã H?p Ti?n,Xã,S?: 1669/NQ-UBTVQH15; Ngày: 16/06/2025,31,Thành ph? H?i Phòng
10633,Xã Tr?n Phú,Xã,S?: 1669/NQ-UBTVQH15; Ngày: 16/06/2025,31,Thành ph? H?i Phòng
10642,Xã Thái Tân,Xã,S?: 1669/NQ-UBTVQH15; Ngày: 16/06/2025,31,Thành ph? H?i Phòng
10645,Xã An Phú,Xã,S?: 1669/NQ-UBTVQH15; Ngày: 16/06/2025,31,Thành ph? H?i Phòng
10660,Ph??ng Ái Qu?c,Ph??ng,S?: 1669/NQ-UBTVQH15; Ngày: 16/06/2025,31,Thành ph? H?i Phòng
10675,Ph??ng Kinh Môn,Ph??ng,S?: 1669/NQ-UBTVQH15; Ngày: 16/06/2025,31,Thành ph? H?i Phòng
10678,Ph??ng B?c An Ph?,Ph??ng,S?: 1669/NQ-UBTVQH15; Ngày: 16/06/2025,31,Thành ph? H?i Phòng
10705,Xã Nam An Ph?,Xã,S?: 1669/NQ-UBTVQH15; Ngày: 16/06/2025,31,Thành ph? H?i Phòng
10714,Ph??ng Nh? Chi?u,Ph??ng,S?: 1669/NQ-UBTVQH15; Ngày: 16/06/2025,31,Thành ph? H?i Phòng
10726,Ph??ng Ph?m S? M?nh,Ph??ng,S?: 1669/NQ-UBTVQH15; Ngày: 16/06/2025,31,Thành ph? H?i Phòng
10729,Ph??ng Tr?n Li?u,Ph??ng,S?: 1669/NQ-UBTVQH15; Ngày: 16/06/2025,31,Thành ph? H?i Phòng
10744,Ph??ng Nguy?n ??i N?ng,Ph??ng,S?: 1669/NQ-UBTVQH15; Ngày: 16/06/2025,31,Thành ph? H?i Phòng
10750,Xã Phú Thái,Xã,S?: 1669/NQ-UBTVQH15; Ngày: 16/06/2025,31,Thành ph? H?i Phòng
10756,Xã Lai Khê,Xã,S?: 1669/NQ-UBTVQH15; Ngày: 16/06/2025,31,Thành ph? H?i Phòng
10792,Xã An Thành,Xã,S?: 1669/NQ-UBTVQH15; Ngày: 16/06/2025,31,Thành ph? H?i Phòng
10804,Xã Kim Thành,Xã,S?: 1669/NQ-UBTVQH15; Ngày: 16/06/2025,31,Thành ph? H?i Phòng
10813,Xã Thanh Hà,Xã,S?: 1669/NQ-UBTVQH15; Ngày: 16/06/2025,31,Thành ph? H?i Phòng
10816,Xã Hà B?c,Xã,S?: 1669/NQ-UBTVQH15; Ngày: 16/06/2025,31,Thành ph? H?i Phòng
10837,Ph??ng Nam ??ng,Ph??ng,S?: 1669/NQ-UBTVQH15; Ngày: 16/06/2025,31,Thành ph? H?i Phòng
10843,Xã Hà Nam,Xã,S?: 1669/NQ-UBTVQH15; Ngày: 16/06/2025,31,Thành ph? H?i Phòng
10846,Xã Hà Tây,Xã,S?: 1669/NQ-UBTVQH15; Ngày: 16/06/2025,31,Thành ph? H?i Phòng
10882,Xã Hà ?ông,Xã,S?: 1669/NQ-UBTVQH15; Ngày: 16/06/2025,31,Thành ph? H?i Phòng
10888,Xã C?m Giang,Xã,S?: 1669/NQ-UBTVQH15; Ngày: 16/06/2025,31,Thành ph? H?i Phòng
10891,Ph??ng T? Minh,Ph??ng,S?: 1669/NQ-UBTVQH15; Ngày: 16/06/2025,31,Thành ph? H?i Phòng
10903,Xã C?m Giàng,Xã,S?: 1669/NQ-UBTVQH15; Ngày: 16/06/2025,31,Thành ph? H?i Phòng
10909,Xã Tu? T?nh,Xã,S?: 1669/NQ-UBTVQH15; Ngày: 16/06/2025,31,Thành ph? H?i Phòng
10930,Xã Mao ?i?n,Xã,S?: 1669/NQ-UBTVQH15; Ngày: 16/06/2025,31,Thành ph? H?i Phòng
10945,Xã K? S?t,Xã,S?: 1669/NQ-UBTVQH15; Ngày: 16/06/2025,31,Thành ph? H?i Phòng
10966,Xã Bình Giang,Xã,S?: 1669/NQ-UBTVQH15; Ngày: 16/06/2025,31,Thành ph? H?i Phòng
10972,Xã ???ng An,Xã,S?: 1669/NQ-UBTVQH15; Ngày: 16/06/2025,31,Thành ph? H?i Phòng
10993,Xã Th??ng H?ng,Xã,S?: 1669/NQ-UBTVQH15; Ngày: 16/06/2025,31,Thành ph? H?i Phòng
10999,Xã Gia L?c,Xã,S?: 1669/NQ-UBTVQH15; Ngày: 16/06/2025,31,Thành ph? H?i Phòng
11002,Ph??ng Th?ch Khôi,Ph??ng,S?: 1669/NQ-UBTVQH15; Ngày: 16/06/2025,31,Thành ph? H?i Phòng
11020,Xã Y?t Kiêu,Xã,S?: 1669/NQ-UBTVQH15; Ngày: 16/06/2025,31,Thành ph? H?i Phòng
11050,Xã Gia Phúc,Xã,S?: 1669/NQ-UBTVQH15; Ngày: 16/06/2025,31,Thành ph? H?i Phòng
11065,Xã Tr??ng Tân,Xã,S?: 1669/NQ-UBTVQH15; Ngày: 16/06/2025,31,Thành ph? H?i Phòng
11074,Xã T? K?,Xã,S?: 1669/NQ-UBTVQH15; Ngày: 16/06/2025,31,Thành ph? H?i Phòng
11086,Xã ??i S?n,Xã,S?: 1669/NQ-UBTVQH15; Ngày: 16/06/2025,31,Thành ph? H?i Phòng
11113,Xã Tân K?,Xã,S?: 1669/NQ-UBTVQH15; Ngày: 16/06/2025,31,Thành ph? H?i Phòng
11131,Xã Chí Minh,Xã,S?: 1669/NQ-UBTVQH15; Ngày: 16/06/2025,31,Thành ph? H?i Phòng
11140,Xã L?c Ph??ng,Xã,S?: 1669/NQ-UBTVQH15; Ngày: 16/06/2025,31,Thành ph? H?i Phòng
11146,Xã Nguyên Giáp,Xã,S?: 1669/NQ-UBTVQH15; Ngày: 16/06/2025,31,Thành ph? H?i Phòng
11164,Xã V?nh L?i,Xã,S?: 1669/NQ-UBTVQH15; Ngày: 16/06/2025,31,Thành ph? H?i Phòng
11167,Xã Tân An,Xã,S?: 1669/NQ-UBTVQH15; Ngày: 16/06/2025,31,Thành ph? H?i Phòng
11203,Xã Ninh Giang,Xã,S?: 1669/NQ-UBTVQH15; Ngày: 16/06/2025,31,Thành ph? H?i Phòng
11218,Xã H?ng Châu,Xã,S?: 1669/NQ-UBTVQH15; Ngày: 16/06/2025,31,Thành ph? H?i Phòng
11224,Xã Khúc Th?a D?,Xã,S?: 1669/NQ-UBTVQH15; Ngày: 16/06/2025,31,Thành ph? H?i Phòng
11239,Xã Thanh Mi?n,Xã,S?: 1669/NQ-UBTVQH15; Ngày: 16/06/2025,31,Thành ph? H?i Phòng
11242,Xã Nguy?n L??ng B?ng,Xã,S?: 1669/NQ-UBTVQH15; Ngày: 16/06/2025,31,Thành ph? H?i Phòng
11254,Xã B?c Thanh Mi?n,Xã,S?: 1669/NQ-UBTVQH15; Ngày: 16/06/2025,31,Thành ph? H?i Phòng
11257,Xã H?i H?ng,Xã,S?: 1669/NQ-UBTVQH15; Ngày: 16/06/2025,31,Thành ph? H?i Phòng
11284,Xã Nam Thanh Mi?n,Xã,S?: 1669/NQ-UBTVQH15; Ngày: 16/06/2025,31,Thành ph? H?i Phòng
11311,Ph??ng H?ng Bàng,Ph??ng,S?: 1669/NQ-UBTVQH15; Ngày: 16/06/2025,31,Thành ph? H?i Phòng
11329,Ph??ng Ngô Quy?n,Ph??ng,S?: 1669/NQ-UBTVQH15; Ngày: 16/06/2025,31,Thành ph? H?i Phòng
11359,Ph??ng Gia Viên,Ph??ng,S?: 1669/NQ-UBTVQH15; Ngày: 16/06/2025,31,Thành ph? H?i Phòng
11383,Ph??ng Lê Chân,Ph??ng,S?: 1669/NQ-UBTVQH15; Ngày: 16/06/2025,31,Thành ph? H?i Phòng
11407,Ph??ng An Biên,Ph??ng,S?: 1669/NQ-UBTVQH15; Ngày: 16/06/2025,31,Thành ph? H?i Phòng
11411,Ph??ng ?ông H?i,Ph??ng,S?: 1669/NQ-UBTVQH15; Ngày: 16/06/2025,31,Thành ph? H?i Phòng
11413,Ph??ng H?i An,Ph??ng,S?: 1669/NQ-UBTVQH15; Ngày: 16/06/2025,31,Thành ph? H?i Phòng
11443,Ph??ng Ki?n An,Ph??ng,S?: 1669/NQ-UBTVQH15; Ngày: 16/06/2025,31,Thành ph? H?i Phòng
11446,Ph??ng Phù Li?n,Ph??ng,S?: 1669/NQ-UBTVQH15; Ngày: 16/06/2025,31,Thành ph? H?i Phòng
11455,Ph??ng ?? S?n,Ph??ng,S?: 1669/NQ-UBTVQH15; Ngày: 16/06/2025,31,Thành ph? H?i Phòng
11473,Ph??ng B?ch ??ng,Ph??ng,S?: 1669/NQ-UBTVQH15; Ngày: 16/06/2025,31,Thành ph? H?i Phòng
11488,Ph??ng L?u Ki?m,Ph??ng,S?: 1669/NQ-UBTVQH15; Ngày: 16/06/2025,31,Thành ph? H?i Phòng
11503,Xã Vi?t Khê,Xã,S?: 1669/NQ-UBTVQH15; Ngày: 16/06/2025,31,Thành ph? H?i Phòng
11506,Ph??ng Lê Ích M?c,Ph??ng,S?: 1669/NQ-UBTVQH15; Ngày: 16/06/2025,31,Thành ph? H?i Phòng
11533,Ph??ng Hòa Bình,Ph??ng,S?: 1669/NQ-UBTVQH15; Ngày: 16/06/2025,31,Thành ph? H?i Phòng
11542,Ph??ng Nam Tri?u,Ph??ng,S?: 1669/NQ-UBTVQH15; Ngày: 16/06/2025,31,Thành ph? H?i Phòng
11557,Ph??ng Thiên H??ng,Ph??ng,S?: 1669/NQ-UBTVQH15; Ngày: 16/06/2025,31,Thành ph? H?i Phòng
11560,Ph??ng Th?y Nguyên,Ph??ng,S?: 1669/NQ-UBTVQH15; Ngày: 16/06/2025,31,Thành ph? H?i Phòng
11581,Ph??ng An D??ng,Ph??ng,S?: 1669/NQ-UBTVQH15; Ngày: 16/06/2025,31,Thành ph? H?i Phòng
11593,Ph??ng An Phong,Ph??ng,S?: 1669/NQ-UBTVQH15; Ngày: 16/06/2025,31,Thành ph? H?i Phòng
11602,Ph??ng H?ng An,Ph??ng,S?: 1669/NQ-UBTVQH15; Ngày: 16/06/2025,31,Thành ph? H?i Phòng
11617,Ph??ng An H?i,Ph??ng,S?: 1669/NQ-UBTVQH15; Ngày: 16/06/2025,31,Thành ph? H?i Phòng
11629,Xã An Lão,Xã,S?: 1669/NQ-UBTVQH15; Ngày: 16/06/2025,31,Thành ph? H?i Phòng
11635,Xã An Tr??ng,Xã,S?: 1669/NQ-UBTVQH15; Ngày: 16/06/2025,31,Thành ph? H?i Phòng
11647,Xã An Quang,Xã,S?: 1669/NQ-UBTVQH15; Ngày: 16/06/2025,31,Thành ph? H?i Phòng
11668,Xã An Khánh,Xã,S?: 1669/NQ-UBTVQH15; Ngày: 16/06/2025,31,Thành ph? H?i Phòng
11674,Xã An H?ng,Xã,S?: 1669/NQ-UBTVQH15; Ngày: 16/06/2025,31,Thành ph? H?i Phòng
11680,Xã Ki?n Th?y,Xã,S?: 1669/NQ-UBTVQH15; Ngày: 16/06/2025,31,Thành ph? H?i Phòng
11689,Ph??ng H?ng ??o,Ph??ng,S?: 1669/NQ-UBTVQH15; Ngày: 16/06/2025,31,Thành ph? H?i Phòng
11692,Ph??ng D??ng Kinh,Ph??ng,S?: 1669/NQ-UBTVQH15; Ngày: 16/06/2025,31,Thành ph? H?i Phòng
11713,Xã Nghi D??ng,Xã,S?: 1669/NQ-UBTVQH15; Ngày: 16/06/2025,31,Thành ph? H?i Phòng
11725,Xã Ki?n Minh,Xã,S?: 1669/NQ-UBTVQH15; Ngày: 16/06/2025,31,Thành ph? H?i Phòng
11728,Xã Ki?n H?ng,Xã,S?: 1669/NQ-UBTVQH15; Ngày: 16/06/2025,31,Thành ph? H?i Phòng
11737,Ph??ng Nam ?? S?n,Ph??ng,S?: 1669/NQ-UBTVQH15; Ngày: 16/06/2025,31,Thành ph? H?i Phòng
11749,Xã Ki?n H?i,Xã,S?: 1669/NQ-UBTVQH15; Ngày: 16/06/2025,31,Thành ph? H?i Phòng
11755,Xã Tiên Lãng,Xã,S?: 1669/NQ-UBTVQH15; Ngày: 16/06/2025,31,Thành ph? H?i Phòng
11761,Xã Quy?t Th?ng,Xã,S?: 1669/NQ-UBTVQH15; Ngày: 16/06/2025,31,Thành ph? H?i Phòng
11779,Xã Tân Minh,Xã,S?: 1669/NQ-UBTVQH15; Ngày: 16/06/2025,31,Thành ph? H?i Phòng
11791,Xã Tiên Minh,Xã,S?: 1669/NQ-UBTVQH15; Ngày: 16/06/2025,31,Thành ph? H?i Phòng
11806,Xã Ch?n H?ng,Xã,S?: 1669/NQ-UBTVQH15; Ngày: 16/06/2025,31,Thành ph? H?i Phòng
11809,Xã Hùng Th?ng,Xã,S?: 1669/NQ-UBTVQH15; Ngày: 16/06/2025,31,Thành ph? H?i Phòng
11824,Xã V?nh B?o,Xã,S?: 1669/NQ-UBTVQH15; Ngày: 16/06/2025,31,Thành ph? H?i Phòng
11836,Xã V?nh Th?nh,Xã,S?: 1669/NQ-UBTVQH15; Ngày: 16/06/2025,31,Thành ph? H?i Phòng
11842,Xã V?nh Thu?n,Xã,S?: 1669/NQ-UBTVQH15; Ngày: 16/06/2025,31,Thành ph? H?i Phòng
11848,Xã V?nh Hòa,Xã,S?: 1669/NQ-UBTVQH15; Ngày: 16/06/2025,31,Thành ph? H?i Phòng
11875,Xã V?nh H?i,Xã,S?: 1669/NQ-UBTVQH15; Ngày: 16/06/2025,31,Thành ph? H?i Phòng
11887,Xã V?nh Am,Xã,S?: 1669/NQ-UBTVQH15; Ngày: 16/06/2025,31,Thành ph? H?i Phòng
11911,Xã Nguy?n B?nh Khiêm,Xã,S?: 1669/NQ-UBTVQH15; Ngày: 16/06/2025,31,Thành ph? H?i Phòng
11914,??c khu Cát H?i,??c khu,S?: 1669/NQ-UBTVQH15; Ngày: 16/06/2025,31,Thành ph? H?i Phòng
11948,??c khu B?ch Long V?,??c khu,S?: 1669/NQ-UBTVQH15; Ngày: 16/06/2025,31,Thành ph? H?i Phòng
11953,Ph??ng Ph? Hi?n,Ph??ng,S?: 1666/NQ-UBTVQH15; Ngày: 16/06/2025,33,T?nh H?ng Yên
11977,Xã Tân H?ng,Xã,S?: 1666/NQ-UBTVQH15; Ngày: 16/06/2025,33,T?nh H?ng Yên
11980,Ph??ng H?ng Châu,Ph??ng,S?: 1666/NQ-UBTVQH15; Ngày: 16/06/2025,33,T?nh H?ng Yên
11983,Ph??ng S?n Nam,Ph??ng,S?: 1666/NQ-UBTVQH15; Ngày: 16/06/2025,33,T?nh H?ng Yên
11992,Xã L?c ??o,Xã,S?: 1666/NQ-UBTVQH15; Ngày: 16/06/2025,33,T?nh H?ng Yên
11995,Xã ??i ??ng,Xã,S?: 1666/NQ-UBTVQH15; Ngày: 16/06/2025,33,T?nh H?ng Yên
12004,Xã Nh? Qu?nh,Xã,S?: 1666/NQ-UBTVQH15; Ngày: 16/06/2025,33,T?nh H?ng Yên
12019,Xã V?n Giang,Xã,S?: 1666/NQ-UBTVQH15; Ngày: 16/06/2025,33,T?nh H?ng Yên
12025,Xã Ph?ng Công,Xã,S?: 1666/NQ-UBTVQH15; Ngày: 16/06/2025,33,T?nh H?ng Yên
12031,Xã Ngh?a Tr?,Xã,S?: 1666/NQ-UBTVQH15; Ngày: 16/06/2025,33,T?nh H?ng Yên
12049,Xã M? S?,Xã,S?: 1666/NQ-UBTVQH15; Ngày: 16/06/2025,33,T?nh H?ng Yên
12064,Xã Nguy?n V?n Linh,Xã,S?: 1666/NQ-UBTVQH15; Ngày: 16/06/2025,33,T?nh H?ng Yên
12070,Xã Hoàn Long,Xã,S?: 1666/NQ-UBTVQH15; Ngày: 16/06/2025,33,T?nh H?ng Yên
12073,Xã Yên M?,Xã,S?: 1666/NQ-UBTVQH15; Ngày: 16/06/2025,33,T?nh H?ng Yên
12091,Xã Vi?t Yên,Xã,S?: 1666/NQ-UBTVQH15; Ngày: 16/06/2025,33,T?nh H?ng Yên
12103,Ph??ng M? Hào,Ph??ng,S?: 1666/NQ-UBTVQH15; Ngày: 16/06/2025,33,T?nh H?ng Yên
12127,Ph??ng Th??ng H?ng,Ph??ng,S?: 1666/NQ-UBTVQH15; Ngày: 16/06/2025,33,T?nh H?ng Yên
12133,Ph??ng ???ng Hào,Ph??ng,S?: 1666/NQ-UBTVQH15; Ngày: 16/06/2025,33,T?nh H?ng Yên
12142,Xã Ân Thi,Xã,S?: 1666/NQ-UBTVQH15; Ngày: 16/06/2025,33,T?nh H?ng Yên
12148,Xã Ph?m Ng? Lão,Xã,S?: 1666/NQ-UBTVQH15; Ngày: 16/06/2025,33,T?nh H?ng Yên
12166,Xã Xuân Trúc,Xã,S?: 1666/NQ-UBTVQH15; Ngày: 16/06/2025,33,T?nh H?ng Yên
12184,Xã Nguy?n Trãi,Xã,S?: 1666/NQ-UBTVQH15; Ngày: 16/06/2025,33,T?nh H?ng Yên
12196,Xã H?ng Quang,Xã,S?: 1666/NQ-UBTVQH15; Ngày: 16/06/2025,33,T?nh H?ng Yên
12205,Xã Khoái Châu,Xã,S?: 1666/NQ-UBTVQH15; Ngày: 16/06/2025,33,T?nh H?ng Yên
12223,Xã Tri?u Vi?t V??ng,Xã,S?: 1666/NQ-UBTVQH15; Ngày: 16/06/2025,33,T?nh H?ng Yên
12238,Xã Vi?t Ti?n,Xã,S?: 1666/NQ-UBTVQH15; Ngày: 16/06/2025,33,T?nh H?ng Yên
12247,Xã Châu Ninh,Xã,S?: 1666/NQ-UBTVQH15; Ngày: 16/06/2025,33,T?nh H?ng Yên
12271,Xã Chí Minh,Xã,S?: 1666/NQ-UBTVQH15; Ngày: 16/06/2025,33,T?nh H?ng Yên
12280,Xã L??ng B?ng,Xã,S?: 1666/NQ-UBTVQH15; Ngày: 16/06/2025,33,T?nh H?ng Yên
12286,Xã Ngh?a Dân,Xã,S?: 1666/NQ-UBTVQH15; Ngày: 16/06/2025,33,T?nh H?ng Yên
12313,Xã ??c H?p,Xã,S?: 1666/NQ-UBTVQH15; Ngày: 16/06/2025,33,T?nh H?ng Yên
12322,Xã Hi?p C??ng,Xã,S?: 1666/NQ-UBTVQH15; Ngày: 16/06/2025,33,T?nh H?ng Yên
12337,Xã Hoàng Hoa Thám,Xã,S?: 1666/NQ-UBTVQH15; Ngày: 16/06/2025,33,T?nh H?ng Yên
12361,Xã Tiên Hoa,Xã,S?: 1666/NQ-UBTVQH15; Ngày: 16/06/2025,33,T?nh H?ng Yên
12364,Xã Tiên L?,Xã,S?: 1666/NQ-UBTVQH15; Ngày: 16/06/2025,33,T?nh H?ng Yên
12391,Xã Quang H?ng,Xã,S?: 1666/NQ-UBTVQH15; Ngày: 16/06/2025,33,T?nh H?ng Yên
12406,Xã ?oàn ?ào,Xã,S?: 1666/NQ-UBTVQH15; Ngày: 16/06/2025,33,T?nh H?ng Yên
12424,Xã Tiên Ti?n,Xã,S?: 1666/NQ-UBTVQH15; Ngày: 16/06/2025,33,T?nh H?ng Yên
12427,Xã T?ng Trân,Xã,S?: 1666/NQ-UBTVQH15; Ngày: 16/06/2025,33,T?nh H?ng Yên
12452,Ph??ng Tr?n H?ng ??o,Ph??ng,S?: 1666/NQ-UBTVQH15; Ngày: 16/06/2025,33,T?nh H?ng Yên
12454,Ph??ng Tr?n Lãm,Ph??ng,S?: 1666/NQ-UBTVQH15; Ngày: 16/06/2025,33,T?nh H?ng Yên
12466,Ph??ng V? Phúc,Ph??ng,S?: 1666/NQ-UBTVQH15; Ngày: 16/06/2025,33,T?nh H?ng Yên
12472,Xã Qu?nh Ph?,Xã,S?: 1666/NQ-UBTVQH15; Ngày: 16/06/2025,33,T?nh H?ng Yên
12499,Xã A Sào,Xã,S?: 1666/NQ-UBTVQH15; Ngày: 16/06/2025,33,T?nh H?ng Yên
12511,Xã Minh Th?,Xã,S?: 1666/NQ-UBTVQH15; Ngày: 16/06/2025,33,T?nh H?ng Yên
12517,Xã Ng?c Lâm,Xã,S?: 1666/NQ-UBTVQH15; Ngày: 16/06/2025,33,T?nh H?ng Yên
12523,Xã Ph? D?c,Xã,S?: 1666/NQ-UBTVQH15; Ngày: 16/06/2025,33,T?nh H?ng Yên
12526,Xã ??ng B?ng,Xã,S?: 1666/NQ-UBTVQH15; Ngày: 16/06/2025,33,T?nh H?ng Yên
12532,Xã Nguy?n Du,Xã,S?: 1666/NQ-UBTVQH15; Ngày: 16/06/2025,33,T?nh H?ng Yên
12577,Xã Qu?nh An,Xã,S?: 1666/NQ-UBTVQH15; Ngày: 16/06/2025,33,T?nh H?ng Yên
12583,Xã Tân Ti?n,Xã,S?: 1666/NQ-UBTVQH15; Ngày: 16/06/2025,33,T?nh H?ng Yên
12586,Xã H?ng Hà,Xã,S?: 1666/NQ-UBTVQH15; Ngày: 16/06/2025,33,T?nh H?ng Yên
12595,Xã Ng? Thiên,Xã,S?: 1666/NQ-UBTVQH15; Ngày: 16/06/2025,33,T?nh H?ng Yên
12613,Xã Long H?ng,Xã,S?: 1666/NQ-UBTVQH15; Ngày: 16/06/2025,33,T?nh H?ng Yên
12619,Xã Diên Hà,Xã,S?: 1666/NQ-UBTVQH15; Ngày: 16/06/2025,33,T?nh H?ng Yên
12631,Xã Th?n Khê,Xã,S?: 1666/NQ-UBTVQH15; Ngày: 16/06/2025,33,T?nh H?ng Yên
12634,Xã Tiên La,Xã,S?: 1666/NQ-UBTVQH15; Ngày: 16/06/2025,33,T?nh H?ng Yên
12676,Xã Lê Quý ?ôn,Xã,S?: 1666/NQ-UBTVQH15; Ngày: 16/06/2025,33,T?nh H?ng Yên
12685,Xã H?ng Minh,Xã,S?: 1666/NQ-UBTVQH15; Ngày: 16/06/2025,33,T?nh H?ng Yên
12688,Xã ?ông H?ng,Xã,S?: 1666/NQ-UBTVQH15; Ngày: 16/06/2025,33,T?nh H?ng Yên
12694,Xã B?c ?ông H?ng,Xã,S?: 1666/NQ-UBTVQH15; Ngày: 16/06/2025,33,T?nh H?ng Yên
12700,Xã B?c Tiên H?ng,Xã,S?: 1666/NQ-UBTVQH15; Ngày: 16/06/2025,33,T?nh H?ng Yên
12736,Xã ?ông Tiên H?ng,Xã,S?: 1666/NQ-UBTVQH15; Ngày: 16/06/2025,33,T?nh H?ng Yên
12745,Xã B?c ?ông Quan,Xã,S?: 1666/NQ-UBTVQH15; Ngày: 16/06/2025,33,T?nh H?ng Yên
12754,Xã Tiên H?ng,Xã,S?: 1666/NQ-UBTVQH15; Ngày: 16/06/2025,33,T?nh H?ng Yên
12763,Xã Nam Tiên H?ng,Xã,S?: 1666/NQ-UBTVQH15; Ngày: 16/06/2025,33,T?nh H?ng Yên
12775,Xã Nam ?ông H?ng,Xã,S?: 1666/NQ-UBTVQH15; Ngày: 16/06/2025,33,T?nh H?ng Yên
12793,Xã ?ông Quan,Xã,S?: 1666/NQ-UBTVQH15; Ngày: 16/06/2025,33,T?nh H?ng Yên
12817,Ph??ng Trà Lý,Ph??ng,S?: 1666/NQ-UBTVQH15; Ngày: 16/06/2025,33,T?nh H?ng Yên
12826,Xã Thái Th?y,Xã,S?: 1666/NQ-UBTVQH15; Ngày: 16/06/2025,33,T?nh H?ng Yên
12850,Xã Tây Th?y Anh,Xã,S?: 1666/NQ-UBTVQH15; Ngày: 16/06/2025,33,T?nh H?ng Yên
12859,Xã B?c Th?y Anh,Xã,S?: 1666/NQ-UBTVQH15; Ngày: 16/06/2025,33,T?nh H?ng Yên
12862,Xã ?ông Th?y Anh,Xã,S?: 1666/NQ-UBTVQH15; Ngày: 16/06/2025,33,T?nh H?ng Yên
12865,Xã Th?y Anh,Xã,S?: 1666/NQ-UBTVQH15; Ngày: 16/06/2025,33,T?nh H?ng Yên
12904,Xã Nam Th?y Anh,Xã,S?: 1666/NQ-UBTVQH15; Ngày: 16/06/2025,33,T?nh H?ng Yên
12916,Xã B?c Thái Ninh,Xã,S?: 1666/NQ-UBTVQH15; Ngày: 16/06/2025,33,T?nh H?ng Yên
12919,Xã Tây Thái Ninh,Xã,S?: 1666/NQ-UBTVQH15; Ngày: 16/06/2025,33,T?nh H?ng Yên
12922,Xã Thái Ninh,Xã,S?: 1666/NQ-UBTVQH15; Ngày: 16/06/2025,33,T?nh H?ng Yên
12943,Xã ?ông Thái Ninh,Xã,S?: 1666/NQ-UBTVQH15; Ngày: 16/06/2025,33,T?nh H?ng Yên
12961,Xã Nam Thái Ninh,Xã,S?: 1666/NQ-UBTVQH15; Ngày: 16/06/2025,33,T?nh H?ng Yên
12970,Xã Ti?n H?i,Xã,S?: 1666/NQ-UBTVQH15; Ngày: 16/06/2025,33,T?nh H?ng Yên
12988,Xã ?ông Ti?n H?i,Xã,S?: 1666/NQ-UBTVQH15; Ngày: 16/06/2025,33,T?nh H?ng Yên
13003,Xã ??ng Châu,Xã,S?: 1666/NQ-UBTVQH15; Ngày: 16/06/2025,33,T?nh H?ng Yên
13021,Xã Ái Qu?c,Xã,S?: 1666/NQ-UBTVQH15; Ngày: 16/06/2025,33,T?nh H?ng Yên
13039,Xã Tây Ti?n H?i,Xã,S?: 1666/NQ-UBTVQH15; Ngày: 16/06/2025,33,T?nh H?ng Yên
13057,Xã Nam C??ng,Xã,S?: 1666/NQ-UBTVQH15; Ngày: 16/06/2025,33,T?nh H?ng Yên
13063,Xã Nam Ti?n H?i,Xã,S?: 1666/NQ-UBTVQH15; Ngày: 16/06/2025,33,T?nh H?ng Yên
13066,Xã H?ng Phú,Xã,S?: 1666/NQ-UBTVQH15; Ngày: 16/06/2025,33,T?nh H?ng Yên
13075,Xã Ki?n X??ng,Xã,S?: 1666/NQ-UBTVQH15; Ngày: 16/06/2025,33,T?nh H?ng Yên
13093,Xã Trà Giang,Xã,S?: 1666/NQ-UBTVQH15; Ngày: 16/06/2025,33,T?nh H?ng Yên
13096,Xã Bình Nguyên,Xã,S?: 1666/NQ-UBTVQH15; Ngày: 16/06/2025,33,T?nh H?ng Yên
13120,Xã Lê L?i,Xã,S?: 1666/NQ-UBTVQH15; Ngày: 16/06/2025,33,T?nh H?ng Yên
13132,Xã Quang L?ch,Xã,S?: 1666/NQ-UBTVQH15; Ngày: 16/06/2025,33,T?nh H?ng Yên
13141,Xã V? Quý,Xã,S?: 1666/NQ-UBTVQH15; Ngày: 16/06/2025,33,T?nh H?ng Yên
13159,Xã H?ng V?,Xã,S?: 1666/NQ-UBTVQH15; Ngày: 16/06/2025,33,T?nh H?ng Yên
13183,Xã Bình Thanh,Xã,S?: 1666/NQ-UBTVQH15; Ngày: 16/06/2025,33,T?nh H?ng Yên
13186,Xã Bình ??nh,Xã,S?: 1666/NQ-UBTVQH15; Ngày: 16/06/2025,33,T?nh H?ng Yên
13192,Xã V? Th?,Xã,S?: 1666/NQ-UBTVQH15; Ngày: 16/06/2025,33,T?nh H?ng Yên
13219,Xã V?n Xuân,Xã,S?: 1666/NQ-UBTVQH15; Ngày: 16/06/2025,33,T?nh H?ng Yên
13222,Xã Th? Trì,Xã,S?: 1666/NQ-UBTVQH15; Ngày: 16/06/2025,33,T?nh H?ng Yên
13225,Ph??ng Thái Bình,Ph??ng,S?: 1666/NQ-UBTVQH15; Ngày: 16/06/2025,33,T?nh H?ng Yên
13246,Xã Tân Thu?n,Xã,S?: 1666/NQ-UBTVQH15; Ngày: 16/06/2025,33,T?nh H?ng Yên
13264,Xã Th? V?,Xã,S?: 1666/NQ-UBTVQH15; Ngày: 16/06/2025,33,T?nh H?ng Yên
13279,Xã V? Tiên,Xã,S?: 1666/NQ-UBTVQH15; Ngày: 16/06/2025,33,T?nh H?ng Yên
13285,Ph??ng Ph? Lý,Ph??ng,S?: 1674/NQ-UBTVQH15; Ngày: 16/06/2025,37,T?nh Ninh Bình
13291,Ph??ng Phù Vân,Ph??ng,S?: 1674/NQ-UBTVQH15; Ngày: 16/06/2025,37,T?nh Ninh Bình
13318,Ph??ng Châu S?n,Ph??ng,S?: 1674/NQ-UBTVQH15; Ngày: 16/06/2025,37,T?nh Ninh Bình
13324,Ph??ng Duy Tiên,Ph??ng,S?: 1674/NQ-UBTVQH15; Ngày: 16/06/2025,37,T?nh Ninh Bình
13330,Ph??ng Duy Tân,Ph??ng,S?: 1674/NQ-UBTVQH15; Ngày: 16/06/2025,37,T?nh Ninh Bình
13336,Ph??ng Duy Hà,Ph??ng,S?: 1674/NQ-UBTVQH15; Ngày: 16/06/2025,37,T?nh Ninh Bình
13348,Ph??ng ??ng V?n,Ph??ng,S?: 1674/NQ-UBTVQH15; Ngày: 16/06/2025,37,T?nh Ninh Bình
13363,Ph??ng Tiên S?n,Ph??ng,S?: 1674/NQ-UBTVQH15; Ngày: 16/06/2025,37,T?nh Ninh Bình
13366,Ph??ng Hà Nam,Ph??ng,S?: 1674/NQ-UBTVQH15; Ngày: 16/06/2025,37,T?nh Ninh Bình
13384,Ph??ng Kim B?ng,Ph??ng,S?: 1674/NQ-UBTVQH15; Ngày: 16/06/2025,37,T?nh Ninh Bình
13393,Ph??ng Lê H?,Ph??ng,S?: 1674/NQ-UBTVQH15; Ngày: 16/06/2025,37,T?nh Ninh Bình
13396,Ph??ng Nguy?n Uý,Ph??ng,S?: 1674/NQ-UBTVQH15; Ngày: 16/06/2025,37,T?nh Ninh Bình
13402,Ph??ng Kim Thanh,Ph??ng,S?: 1674/NQ-UBTVQH15; Ngày: 16/06/2025,37,T?nh Ninh Bình
13420,Ph??ng Tam Chúc,Ph??ng,S?: 1674/NQ-UBTVQH15; Ngày: 16/06/2025,37,T?nh Ninh Bình
13435,Ph??ng Lý Th??ng Ki?t,Ph??ng,S?: 1674/NQ-UBTVQH15; Ngày: 16/06/2025,37,T?nh Ninh Bình
13444,Ph??ng Liêm Tuy?n,Ph??ng,S?: 1674/NQ-UBTVQH15; Ngày: 16/06/2025,37,T?nh Ninh Bình
13456,Xã Liêm Hà,Xã,S?: 1674/NQ-UBTVQH15; Ngày: 16/06/2025,37,T?nh Ninh Bình
13474,Xã Tân Thanh,Xã,S?: 1674/NQ-UBTVQH15; Ngày: 16/06/2025,37,T?nh Ninh Bình
13483,Xã Thanh Bình,Xã,S?: 1674/NQ-UBTVQH15; Ngày: 16/06/2025,37,T?nh Ninh Bình
13489,Xã Thanh Lâm,Xã,S?: 1674/NQ-UBTVQH15; Ngày: 16/06/2025,37,T?nh Ninh Bình
13495,Xã Thanh Liêm,Xã,S?: 1674/NQ-UBTVQH15; Ngày: 16/06/2025,37,T?nh Ninh Bình
13501,Xã Bình M?,Xã,S?: 1674/NQ-UBTVQH15; Ngày: 16/06/2025,37,T?nh Ninh Bình
13504,Xã Bình L?c,Xã,S?: 1674/NQ-UBTVQH15; Ngày: 16/06/2025,37,T?nh Ninh Bình
13531,Xã Bình Giang,Xã,S?: 1674/NQ-UBTVQH15; Ngày: 16/06/2025,37,T?nh Ninh Bình
13540,Xã Bình An,Xã,S?: 1674/NQ-UBTVQH15; Ngày: 16/06/2025,37,T?nh Ninh Bình
13558,Xã Bình S?n,Xã,S?: 1674/NQ-UBTVQH15; Ngày: 16/06/2025,37,T?nh Ninh Bình
13573,Xã Lý Nhân,Xã,S?: 1674/NQ-UBTVQH15; Ngày: 16/06/2025,37,T?nh Ninh Bình
13579,Xã B?c Lý,Xã,S?: 1674/NQ-UBTVQH15; Ngày: 16/06/2025,37,T?nh Ninh Bình
13591,Xã Nam Xang,Xã,S?: 1674/NQ-UBTVQH15; Ngày: 16/06/2025,37,T?nh Ninh Bình
13594,Xã Tr?n Th??ng,Xã,S?: 1674/NQ-UBTVQH15; Ngày: 16/06/2025,37,T?nh Ninh Bình
13597,Xã V?nh Tr?,Xã,S?: 1674/NQ-UBTVQH15; Ngày: 16/06/2025,37,T?nh Ninh Bình
13609,Xã Nhân Hà,Xã,S?: 1674/NQ-UBTVQH15; Ngày: 16/06/2025,37,T?nh Ninh Bình
13627,Xã Nam Lý,Xã,S?: 1674/NQ-UBTVQH15; Ngày: 16/06/2025,37,T?nh Ninh Bình
13669,Ph??ng Nam ??nh,Ph??ng,S?: 1674/NQ-UBTVQH15; Ngày: 16/06/2025,37,T?nh Ninh Bình
13684,Ph??ng Thiên Tr??ng,Ph??ng,S?: 1674/NQ-UBTVQH15; Ngày: 16/06/2025,37,T?nh Ninh Bình
13693,Ph??ng ?ông A,Ph??ng,S?: 1674/NQ-UBTVQH15; Ngày: 16/06/2025,37,T?nh Ninh Bình
13699,Ph??ng Thành Nam,Ph??ng,S?: 1674/NQ-UBTVQH15; Ngày: 16/06/2025,37,T?nh Ninh Bình
13708,Ph??ng M? L?c,Ph??ng,S?: 1674/NQ-UBTVQH15; Ngày: 16/06/2025,37,T?nh Ninh Bình
13741,Xã V? B?n,Xã,S?: 1674/NQ-UBTVQH15; Ngày: 16/06/2025,37,T?nh Ninh Bình
13750,Xã Minh Tân,Xã,S?: 1674/NQ-UBTVQH15; Ngày: 16/06/2025,37,T?nh Ninh Bình
13753,Xã Hi?n Khánh,Xã,S?: 1674/NQ-UBTVQH15; Ngày: 16/06/2025,37,T?nh Ninh Bình
13777,Ph??ng Tr??ng Thi,Ph??ng,S?: 1674/NQ-UBTVQH15; Ngày: 16/06/2025,37,T?nh Ninh Bình
13786,Xã Liên Minh,Xã,S?: 1674/NQ-UBTVQH15; Ngày: 16/06/2025,37,T?nh Ninh Bình
13795,Xã Ý Yên,Xã,S?: 1674/NQ-UBTVQH15; Ngày: 16/06/2025,37,T?nh Ninh Bình
13807,Xã Tân Minh,Xã,S?: 1674/NQ-UBTVQH15; Ngày: 16/06/2025,37,T?nh Ninh Bình
13822,Xã Phong Doanh,Xã,S?: 1674/NQ-UBTVQH15; Ngày: 16/06/2025,37,T?nh Ninh Bình
13834,Xã V? D??ng,Xã,S?: 1674/NQ-UBTVQH15; Ngày: 16/06/2025,37,T?nh Ninh Bình
13864,Xã V?n Th?ng,Xã,S?: 1674/NQ-UBTVQH15; Ngày: 16/06/2025,37,T?nh Ninh Bình
13870,Xã Yên C??ng,Xã,S?: 1674/NQ-UBTVQH15; Ngày: 16/06/2025,37,T?nh Ninh Bình
13879,Xã Yên ??ng,Xã,S?: 1674/NQ-UBTVQH15; Ngày: 16/06/2025,37,T?nh Ninh Bình
13891,Xã Ngh?a H?ng,Xã,S?: 1674/NQ-UBTVQH15; Ngày: 16/06/2025,37,T?nh Ninh Bình
13894,Xã R?ng ?ông,Xã,S?: 1674/NQ-UBTVQH15; Ngày: 16/06/2025,37,T?nh Ninh Bình
13900,Xã ??ng Th?nh,Xã,S?: 1674/NQ-UBTVQH15; Ngày: 16/06/2025,37,T?nh Ninh Bình
13918,Xã Ngh?a S?n,Xã,S?: 1674/NQ-UBTVQH15; Ngày: 16/06/2025,37,T?nh Ninh Bình
13927,Xã H?ng Phong,Xã,S?: 1674/NQ-UBTVQH15; Ngày: 16/06/2025,37,T?nh Ninh Bình
13939,Xã Qu? Nh?t,Xã,S?: 1674/NQ-UBTVQH15; Ngày: 16/06/2025,37,T?nh Ninh Bình
13957,Xã Ngh?a Lâm,Xã,S?: 1674/NQ-UBTVQH15; Ngày: 16/06/2025,37,T?nh Ninh Bình
13966,Xã Nam Tr?c,Xã,S?: 1674/NQ-UBTVQH15; Ngày: 16/06/2025,37,T?nh Ninh Bình
13972,Ph??ng V? Khê,Ph??ng,S?: 1674/NQ-UBTVQH15; Ngày: 16/06/2025,37,T?nh Ninh Bình
13984,Ph??ng H?ng Quang,Ph??ng,S?: 1674/NQ-UBTVQH15; Ngày: 16/06/2025,37,T?nh Ninh Bình
13987,Xã Nam H?ng,Xã,S?: 1674/NQ-UBTVQH15; Ngày: 16/06/2025,37,T?nh Ninh Bình
14005,Xã Nam Ninh,Xã,S?: 1674/NQ-UBTVQH15; Ngày: 16/06/2025,37,T?nh Ninh Bình
14011,Xã Nam Minh,Xã,S?: 1674/NQ-UBTVQH15; Ngày: 16/06/2025,37,T?nh Ninh Bình
14014,Xã Nam ??ng,Xã,S?: 1674/NQ-UBTVQH15; Ngày: 16/06/2025,37,T?nh Ninh Bình
14026,Xã C? L?,Xã,S?: 1674/NQ-UBTVQH15; Ngày: 16/06/2025,37,T?nh Ninh Bình
14038,Xã Ninh Giang,Xã,S?: 1674/NQ-UBTVQH15; Ngày: 16/06/2025,37,T?nh Ninh Bình
14053,Xã Tr?c Ninh,Xã,S?: 1674/NQ-UBTVQH15; Ngày: 16/06/2025,37,T?nh Ninh Bình
14056,Xã Cát Thành,Xã,S?: 1674/NQ-UBTVQH15; Ngày: 16/06/2025,37,T?nh Ninh Bình
14062,Xã Quang H?ng,Xã,S?: 1674/NQ-UBTVQH15; Ngày: 16/06/2025,37,T?nh Ninh Bình
14071,Xã Minh Thái,Xã,S?: 1674/NQ-UBTVQH15; Ngày: 16/06/2025,37,T?nh Ninh Bình
14077,Xã Ninh C??ng,Xã,S?: 1674/NQ-UBTVQH15; Ngày: 16/06/2025,37,T?nh Ninh Bình
14089,Xã Xuân Tr??ng,Xã,S?: 1674/NQ-UBTVQH15; Ngày: 16/06/2025,37,T?nh Ninh Bình
14095,Xã Xuân H?ng,Xã,S?: 1674/NQ-UBTVQH15; Ngày: 16/06/2025,37,T?nh Ninh Bình
14104,Xã Xuân Giang,Xã,S?: 1674/NQ-UBTVQH15; Ngày: 16/06/2025,37,T?nh Ninh Bình
14122,Xã Xuân H?ng,Xã,S?: 1674/NQ-UBTVQH15; Ngày: 16/06/2025,37,T?nh Ninh Bình
14161,Xã Giao Minh,Xã,S?: 1674/NQ-UBTVQH15; Ngày: 16/06/2025,37,T?nh Ninh Bình
14167,Xã Giao Thu?,Xã,S?: 1674/NQ-UBTVQH15; Ngày: 16/06/2025,37,T?nh Ninh Bình
14179,Xã Giao H?ng,Xã,S?: 1674/NQ-UBTVQH15; Ngày: 16/06/2025,37,T?nh Ninh Bình
14182,Xã Giao Hoà,Xã,S?: 1674/NQ-UBTVQH15; Ngày: 16/06/2025,37,T?nh Ninh Bình
14194,Xã Giao Bình,Xã,S?: 1674/NQ-UBTVQH15; Ngày: 16/06/2025,37,T?nh Ninh Bình
14203,Xã Giao Phúc,Xã,S?: 1674/NQ-UBTVQH15; Ngày: 16/06/2025,37,T?nh Ninh Bình
14212,Xã Giao Ninh,Xã,S?: 1674/NQ-UBTVQH15; Ngày: 16/06/2025,37,T?nh Ninh Bình
14215,Xã H?i H?u,Xã,S?: 1674/NQ-UBTVQH15; Ngày: 16/06/2025,37,T?nh Ninh Bình
14218,Xã H?i Ti?n,Xã,S?: 1674/NQ-UBTVQH15; Ngày: 16/06/2025,37,T?nh Ninh Bình
14221,Xã H?i Th?nh,Xã,S?: 1674/NQ-UBTVQH15; Ngày: 16/06/2025,37,T?nh Ninh Bình
14236,Xã H?i Anh,Xã,S?: 1674/NQ-UBTVQH15; Ngày: 16/06/2025,37,T?nh Ninh Bình
14248,Xã H?i H?ng,Xã,S?: 1674/NQ-UBTVQH15; Ngày: 16/06/2025,37,T?nh Ninh Bình
14281,Xã H?i An,Xã,S?: 1674/NQ-UBTVQH15; Ngày: 16/06/2025,37,T?nh Ninh Bình
14287,Xã H?i Quang,Xã,S?: 1674/NQ-UBTVQH15; Ngày: 16/06/2025,37,T?nh Ninh Bình
14308,Xã H?i Xuân,Xã,S?: 1674/NQ-UBTVQH15; Ngày: 16/06/2025,37,T?nh Ninh Bình
14329,Ph??ng Hoa L?,Ph??ng,S?: 1674/NQ-UBTVQH15; Ngày: 16/06/2025,37,T?nh Ninh Bình
14359,Ph??ng Nam Hoa L?,Ph??ng,S?: 1674/NQ-UBTVQH15; Ngày: 16/06/2025,37,T?nh Ninh Bình
14362,Ph??ng Tam ?i?p,Ph??ng,S?: 1674/NQ-UBTVQH15; Ngày: 16/06/2025,37,T?nh Ninh Bình
14365,Ph??ng Trung S?n,Ph??ng,S?: 1674/NQ-UBTVQH15; Ngày: 16/06/2025,37,T?nh Ninh Bình
14371,Ph??ng Yên S?n,Ph??ng,S?: 1674/NQ-UBTVQH15; Ngày: 16/06/2025,37,T?nh Ninh Bình
14389,Xã Gia Lâm,Xã,S?: 1674/NQ-UBTVQH15; Ngày: 16/06/2025,37,T?nh Ninh Bình
14401,Xã Gia T??ng,Xã,S?: 1674/NQ-UBTVQH15; Ngày: 16/06/2025,37,T?nh Ninh Bình
14404,Xã Cúc Ph??ng,Xã,S?: 1674/NQ-UBTVQH15; Ngày: 16/06/2025,37,T?nh Ninh Bình
14407,Xã Phú S?n,Xã,S?: 1674/NQ-UBTVQH15; Ngày: 16/06/2025,37,T?nh Ninh Bình
14428,Xã Nho Quan,Xã,S?: 1674/NQ-UBTVQH15; Ngày: 16/06/2025,37,T?nh Ninh Bình
14434,Xã Thanh S?n,Xã,S?: 1674/NQ-UBTVQH15; Ngày: 16/06/2025,37,T?nh Ninh Bình
14452,Xã Qu?nh L?u,Xã,S?: 1674/NQ-UBTVQH15; Ngày: 16/06/2025,37,T?nh Ninh Bình
14458,Xã Phú Long,Xã,S?: 1674/NQ-UBTVQH15; Ngày: 16/06/2025,37,T?nh Ninh Bình
14464,Xã Gia Vi?n,Xã,S?: 1674/NQ-UBTVQH15; Ngày: 16/06/2025,37,T?nh Ninh Bình
14482,Xã Gia H?ng,Xã,S?: 1674/NQ-UBTVQH15; Ngày: 16/06/2025,37,T?nh Ninh Bình
14488,Xã Gia Vân,Xã,S?: 1674/NQ-UBTVQH15; Ngày: 16/06/2025,37,T?nh Ninh Bình
14494,Xã Gia Tr?n,Xã,S?: 1674/NQ-UBTVQH15; Ngày: 16/06/2025,37,T?nh Ninh Bình
14500,Xã ??i Hoàng,Xã,S?: 1674/NQ-UBTVQH15; Ngày: 16/06/2025,37,T?nh Ninh Bình
14524,Xã Gia Phong,Xã,S?: 1674/NQ-UBTVQH15; Ngày: 16/06/2025,37,T?nh Ninh Bình
14533,Ph??ng Tây Hoa L?,Ph??ng,S?: 1674/NQ-UBTVQH15; Ngày: 16/06/2025,37,T?nh Ninh Bình
14560,Xã Yên Khánh,Xã,S?: 1674/NQ-UBTVQH15; Ngày: 16/06/2025,37,T?nh Ninh Bình
14563,Xã Khánh Thi?n,Xã,S?: 1674/NQ-UBTVQH15; Ngày: 16/06/2025,37,T?nh Ninh Bình
14566,Ph??ng ?ông Hoa L?,Ph??ng,S?: 1674/NQ-UBTVQH15; Ngày: 16/06/2025,37,T?nh Ninh Bình
14608,Xã Khánh Trung,Xã,S?: 1674/NQ-UBTVQH15; Ngày: 16/06/2025,37,T?nh Ninh Bình
14611,Xã Khánh Nh?c,Xã,S?: 1674/NQ-UBTVQH15; Ngày: 16/06/2025,37,T?nh Ninh Bình
14614,Xã Khánh H?i,Xã,S?: 1674/NQ-UBTVQH15; Ngày: 16/06/2025,37,T?nh Ninh Bình
14620,Xã Phát Di?m,Xã,S?: 1674/NQ-UBTVQH15; Ngày: 16/06/2025,37,T?nh Ninh Bình
14623,Xã Bình Minh,Xã,S?: 1674/NQ-UBTVQH15; Ngày: 16/06/2025,37,T?nh Ninh Bình
14638,Xã Kim S?n,Xã,S?: 1674/NQ-UBTVQH15; Ngày: 16/06/2025,37,T?nh Ninh Bình
14647,Xã Quang Thi?n,Xã,S?: 1674/NQ-UBTVQH15; Ngày: 16/06/2025,37,T?nh Ninh Bình
14653,Xã Ch?t Bình,Xã,S?: 1674/NQ-UBTVQH15; Ngày: 16/06/2025,37,T?nh Ninh Bình
14674,Xã Lai Thành,Xã,S?: 1674/NQ-UBTVQH15; Ngày: 16/06/2025,37,T?nh Ninh Bình
14677,Xã ??nh Hóa,Xã,S?: 1674/NQ-UBTVQH15; Ngày: 16/06/2025,37,T?nh Ninh Bình
14698,Xã Kim ?ông,Xã,S?: 1674/NQ-UBTVQH15; Ngày: 16/06/2025,37,T?nh Ninh Bình
14701,Xã Yên Mô,Xã,S?: 1674/NQ-UBTVQH15; Ngày: 16/06/2025,37,T?nh Ninh Bình
14725,Ph??ng Yên Th?ng,Ph??ng,S?: 1674/NQ-UBTVQH15; Ngày: 16/06/2025,37,T?nh Ninh Bình
14728,Xã Yên T?,Xã,S?: 1674/NQ-UBTVQH15; Ngày: 16/06/2025,37,T?nh Ninh Bình
14743,Xã Yên M?c,Xã,S?: 1674/NQ-UBTVQH15; Ngày: 16/06/2025,37,T?nh Ninh Bình
14746,Xã ??ng Thái,Xã,S?: 1674/NQ-UBTVQH15; Ngày: 16/06/2025,37,T?nh Ninh Bình
14758,Ph??ng Hàm R?ng,Ph??ng,S?: 1686/NQ-UBTVQH15; Ngày: 16/06/2025,38,T?nh Thanh Hóa
14797,Ph??ng H?c Thành,Ph??ng,S?: 1686/NQ-UBTVQH15; Ngày: 16/06/2025,38,T?nh Thanh Hóa
14812,Ph??ng B?m S?n,Ph??ng,S?: 1686/NQ-UBTVQH15; Ngày: 16/06/2025,38,T?nh Thanh Hóa
14818,Ph??ng Quang Trung,Ph??ng,S?: 1686/NQ-UBTVQH15; Ngày: 16/06/2025,38,T?nh Thanh Hóa
14845,Xã M??ng Lát,Xã,S?: 1686/NQ-UBTVQH15; Ngày: 16/06/2025,38,T?nh Thanh Hóa
14848,Xã Tam Chung,Xã,S?: 1686/NQ-UBTVQH15; Ngày: 16/06/2025,38,T?nh Thanh Hóa
14854,Xã M??ng Lý,Xã,S?: 1686/NQ-UBTVQH15; Ngày: 16/06/2025,38,T?nh Thanh Hóa
14857,Xã Trung Lý,Xã,S?: 1686/NQ-UBTVQH15; Ngày: 16/06/2025,38,T?nh Thanh Hóa
14860,Xã Quang Chi?u,Xã,S?: 1686/NQ-UBTVQH15; Ngày: 16/06/2025,38,T?nh Thanh Hóa
14863,Xã Pù Nhi,Xã,S?: 1686/NQ-UBTVQH15; Ngày: 16/06/2025,38,T?nh Thanh Hóa
14864,Xã Nhi S?n,Xã,S?: 1686/NQ-UBTVQH15; Ngày: 16/06/2025,38,T?nh Thanh Hóa
14866,Xã M??ng Chanh,Xã,S?: 1686/NQ-UBTVQH15; Ngày: 16/06/2025,38,T?nh Thanh Hóa
14869,Xã H?i Xuân,Xã,S?: 1686/NQ-UBTVQH15; Ngày: 16/06/2025,38,T?nh Thanh Hóa
14872,Xã Trung Thành,Xã,S?: 1686/NQ-UBTVQH15; Ngày: 16/06/2025,38,T?nh Thanh Hóa
14875,Xã Trung S?n,Xã,S?: 1686/NQ-UBTVQH15; Ngày: 16/06/2025,38,T?nh Thanh Hóa
14878,Xã Phú L?,Xã,S?: 1686/NQ-UBTVQH15; Ngày: 16/06/2025,38,T?nh Thanh Hóa
14890,Xã Phú Xuân,Xã,S?: 1686/NQ-UBTVQH15; Ngày: 16/06/2025,38,T?nh Thanh Hóa
14896,Xã Hi?n Ki?t,Xã,S?: 1686/NQ-UBTVQH15; Ngày: 16/06/2025,38,T?nh Thanh Hóa
14902,Xã Nam Xuân,Xã,S?: 1686/NQ-UBTVQH15; Ngày: 16/06/2025,38,T?nh Thanh Hóa
14908,Xã Thiên Ph?,Xã,S?: 1686/NQ-UBTVQH15; Ngày: 16/06/2025,38,T?nh Thanh Hóa
14923,Xã Bá Th??c,Xã,S?: 1686/NQ-UBTVQH15; Ngày: 16/06/2025,38,T?nh Thanh Hóa
14932,Xã ?i?n Quang,Xã,S?: 1686/NQ-UBTVQH15; Ngày: 16/06/2025,38,T?nh Thanh Hóa
14950,Xã ?i?n L?,Xã,S?: 1686/NQ-UBTVQH15; Ngày: 16/06/2025,38,T?nh Thanh Hóa
14953,Xã Quý L??ng,Xã,S?: 1686/NQ-UBTVQH15; Ngày: 16/06/2025,38,T?nh Thanh Hóa
14956,Xã Pù Luông,Xã,S?: 1686/NQ-UBTVQH15; Ngày: 16/06/2025,38,T?nh Thanh Hóa
14959,Xã C? L?ng,Xã,S?: 1686/NQ-UBTVQH15; Ngày: 16/06/2025,38,T?nh Thanh Hóa
14974,Xã V?n Nho,Xã,S?: 1686/NQ-UBTVQH15; Ngày: 16/06/2025,38,T?nh Thanh Hóa
14980,Xã Thi?t ?ng,Xã,S?: 1686/NQ-UBTVQH15; Ngày: 16/06/2025,38,T?nh Thanh Hóa
15001,Xã Trung H?,Xã,S?: 1686/NQ-UBTVQH15; Ngày: 16/06/2025,38,T?nh Thanh Hóa
15007,Xã Tam Thanh,Xã,S?: 1686/NQ-UBTVQH15; Ngày: 16/06/2025,38,T?nh Thanh Hóa
15010,Xã S?n Th?y,Xã,S?: 1686/NQ-UBTVQH15; Ngày: 16/06/2025,38,T?nh Thanh Hóa
15013,Xã Na Mèo,Xã,S?: 1686/NQ-UBTVQH15; Ngày: 16/06/2025,38,T?nh Thanh Hóa
15016,Xã Quan S?n,Xã,S?: 1686/NQ-UBTVQH15; Ngày: 16/06/2025,38,T?nh Thanh Hóa
15019,Xã Tam L?,Xã,S?: 1686/NQ-UBTVQH15; Ngày: 16/06/2025,38,T?nh Thanh Hóa
15022,Xã S?n ?i?n,Xã,S?: 1686/NQ-UBTVQH15; Ngày: 16/06/2025,38,T?nh Thanh Hóa
15025,Xã M??ng Mìn,Xã,S?: 1686/NQ-UBTVQH15; Ngày: 16/06/2025,38,T?nh Thanh Hóa
15031,Xã Yên Kh??ng,Xã,S?: 1686/NQ-UBTVQH15; Ngày: 16/06/2025,38,T?nh Thanh Hóa
15034,Xã Yên Th?ng,Xã,S?: 1686/NQ-UBTVQH15; Ngày: 16/06/2025,38,T?nh Thanh Hóa
15043,Xã Giao An,Xã,S?: 1686/NQ-UBTVQH15; Ngày: 16/06/2025,38,T?nh Thanh Hóa
15049,Xã V?n Phú,Xã,S?: 1686/NQ-UBTVQH15; Ngày: 16/06/2025,38,T?nh Thanh Hóa
15055,Xã Linh S?n,Xã,S?: 1686/NQ-UBTVQH15; Ngày: 16/06/2025,38,T?nh Thanh Hóa
15058,Xã ??ng L??ng,Xã,S?: 1686/NQ-UBTVQH15; Ngày: 16/06/2025,38,T?nh Thanh Hóa
15061,Xã Ng?c L?c,Xã,S?: 1686/NQ-UBTVQH15; Ngày: 16/06/2025,38,T?nh Thanh Hóa
15085,Xã Th?ch L?p,Xã,S?: 1686/NQ-UBTVQH15; Ngày: 16/06/2025,38,T?nh Thanh Hóa
15091,Xã Ng?c Liên,Xã,S?: 1686/NQ-UBTVQH15; Ngày: 16/06/2025,38,T?nh Thanh Hóa
15106,Xã Nguy?t ?n,Xã,S?: 1686/NQ-UBTVQH15; Ngày: 16/06/2025,38,T?nh Thanh Hóa
15112,Xã Kiên Th?,Xã,S?: 1686/NQ-UBTVQH15; Ngày: 16/06/2025,38,T?nh Thanh Hóa
15124,Xã Minh S?n,Xã,S?: 1686/NQ-UBTVQH15; Ngày: 16/06/2025,38,T?nh Thanh Hóa
15127,Xã C?m Th?y,Xã,S?: 1686/NQ-UBTVQH15; Ngày: 16/06/2025,38,T?nh Thanh Hóa
15142,Xã C?m Th?ch,Xã,S?: 1686/NQ-UBTVQH15; Ngày: 16/06/2025,38,T?nh Thanh Hóa
15148,Xã C?m Tú,Xã,S?: 1686/NQ-UBTVQH15; Ngày: 16/06/2025,38,T?nh Thanh Hóa
15163,Xã C?m Vân,Xã,S?: 1686/NQ-UBTVQH15; Ngày: 16/06/2025,38,T?nh Thanh Hóa
15178,Xã C?m Tân,Xã,S?: 1686/NQ-UBTVQH15; Ngày: 16/06/2025,38,T?nh Thanh Hóa
15187,Xã Kim Tân,Xã,S?: 1686/NQ-UBTVQH15; Ngày: 16/06/2025,38,T?nh Thanh Hóa
15190,Xã Vân Du,Xã,S?: 1686/NQ-UBTVQH15; Ngày: 16/06/2025,38,T?nh Thanh Hóa
15199,Xã Th?ch Qu?ng,Xã,S?: 1686/NQ-UBTVQH15; Ngày: 16/06/2025,38,T?nh Thanh Hóa
15211,Xã Th?ch Bình,Xã,S?: 1686/NQ-UBTVQH15; Ngày: 16/06/2025,38,T?nh Thanh Hóa
15229,Xã Thành Vinh,Xã,S?: 1686/NQ-UBTVQH15; Ngày: 16/06/2025,38,T?nh Thanh Hóa
15250,Xã Ng?c Tr?o,Xã,S?: 1686/NQ-UBTVQH15; Ngày: 16/06/2025,38,T?nh Thanh Hóa
15271,Xã Hà Trung,Xã,S?: 1686/NQ-UBTVQH15; Ngày: 16/06/2025,38,T?nh Thanh Hóa
15274,Xã Hà Long,Xã,S?: 1686/NQ-UBTVQH15; Ngày: 16/06/2025,38,T?nh Thanh Hóa
15286,Xã Ho?t Giang,Xã,S?: 1686/NQ-UBTVQH15; Ngày: 16/06/2025,38,T?nh Thanh Hóa
15298,Xã L?nh To?i,Xã,S?: 1686/NQ-UBTVQH15; Ngày: 16/06/2025,38,T?nh Thanh Hóa
15316,Xã T?ng S?n,Xã,S?: 1686/NQ-UBTVQH15; Ngày: 16/06/2025,38,T?nh Thanh Hóa
15349,Xã V?nh L?c,Xã,S?: 1686/NQ-UBTVQH15; Ngày: 16/06/2025,38,T?nh Thanh Hóa
15361,Xã Tây ?ô,Xã,S?: 1686/NQ-UBTVQH15; Ngày: 16/06/2025,38,T?nh Thanh Hóa
15382,Xã Bi?n Th??ng,Xã,S?: 1686/NQ-UBTVQH15; Ngày: 16/06/2025,38,T?nh Thanh Hóa
15409,Xã Yên Phú,Xã,S?: 1686/NQ-UBTVQH15; Ngày: 16/06/2025,38,T?nh Thanh Hóa
15412,Xã Quý L?c,Xã,S?: 1686/NQ-UBTVQH15; Ngày: 16/06/2025,38,T?nh Thanh Hóa
15421,Xã Yên Tr??ng,Xã,S?: 1686/NQ-UBTVQH15; Ngày: 16/06/2025,38,T?nh Thanh Hóa
15442,Xã Yên Ninh,Xã,S?: 1686/NQ-UBTVQH15; Ngày: 16/06/2025,38,T?nh Thanh Hóa
15448,Xã ??nh Hòa,Xã,S?: 1686/NQ-UBTVQH15; Ngày: 16/06/2025,38,T?nh Thanh Hóa
15457,Xã ??nh Tân,Xã,S?: 1686/NQ-UBTVQH15; Ngày: 16/06/2025,38,T?nh Thanh Hóa
15469,Xã Yên ??nh,Xã,S?: 1686/NQ-UBTVQH15; Ngày: 16/06/2025,38,T?nh Thanh Hóa
15499,Xã Th? Xuân,Xã,S?: 1686/NQ-UBTVQH15; Ngày: 16/06/2025,38,T?nh Thanh Hóa
15505,Xã Th? Long,Xã,S?: 1686/NQ-UBTVQH15; Ngày: 16/06/2025,38,T?nh Thanh Hóa
15520,Xã Xuân Hòa,Xã,S?: 1686/NQ-UBTVQH15; Ngày: 16/06/2025,38,T?nh Thanh Hóa
15544,Xã Lam S?n,Xã,S?: 1686/NQ-UBTVQH15; Ngày: 16/06/2025,38,T?nh Thanh Hóa
15553,Xã Sao Vàng,Xã,S?: 1686/NQ-UBTVQH15; Ngày: 16/06/2025,38,T?nh Thanh Hóa
15568,Xã Th? L?p,Xã,S?: 1686/NQ-UBTVQH15; Ngày: 16/06/2025,38,T?nh Thanh Hóa
15574,Xã Xuân Tín,Xã,S?: 1686/NQ-UBTVQH15; Ngày: 16/06/2025,38,T?nh Thanh Hóa
15592,Xã Xuân L?p,Xã,S?: 1686/NQ-UBTVQH15; Ngày: 16/06/2025,38,T?nh Thanh Hóa
15607,Xã Bát M?t,Xã,S?: 1686/NQ-UBTVQH15; Ngày: 16/06/2025,38,T?nh Thanh Hóa
15610,Xã Yên Nhân,Xã,S?: 1686/NQ-UBTVQH15; Ngày: 16/06/2025,38,T?nh Thanh Hóa
15622,Xã V?n Xuân,Xã,S?: 1686/NQ-UBTVQH15; Ngày: 16/06/2025,38,T?nh Thanh Hóa
15628,Xã L??ng S?n,Xã,S?: 1686/NQ-UBTVQH15; Ngày: 16/06/2025,38,T?nh Thanh Hóa
15634,Xã Lu?n Thành,Xã,S?: 1686/NQ-UBTVQH15; Ngày: 16/06/2025,38,T?nh Thanh Hóa
15643,Xã Th?ng L?c,Xã,S?: 1686/NQ-UBTVQH15; Ngày: 16/06/2025,38,T?nh Thanh Hóa
15646,Xã Th??ng Xuân,Xã,S?: 1686/NQ-UBTVQH15; Ngày: 16/06/2025,38,T?nh Thanh Hóa
15658,Xã Xuân Chinh,Xã,S?: 1686/NQ-UBTVQH15; Ngày: 16/06/2025,38,T?nh Thanh Hóa
15661,Xã Tân Thành,Xã,S?: 1686/NQ-UBTVQH15; Ngày: 16/06/2025,38,T?nh Thanh Hóa
15664,Xã Tri?u S?n,Xã,S?: 1686/NQ-UBTVQH15; Ngày: 16/06/2025,38,T?nh Thanh Hóa
15667,Xã Th? Bình,Xã,S?: 1686/NQ-UBTVQH15; Ngày: 16/06/2025,38,T?nh Thanh Hóa
15682,Xã H?p Ti?n,Xã,S?: 1686/NQ-UBTVQH15; Ngày: 16/06/2025,38,T?nh Thanh Hóa
15715,Xã Tân Ninh,Xã,S?: 1686/NQ-UBTVQH15; Ngày: 16/06/2025,38,T?nh Thanh Hóa
15724,Xã ??ng Ti?n,Xã,S?: 1686/NQ-UBTVQH15; Ngày: 16/06/2025,38,T?nh Thanh Hóa
15754,Xã Th? Ng?c,Xã,S?: 1686/NQ-UBTVQH15; Ngày: 16/06/2025,38,T?nh Thanh Hóa
15763,Xã Th? Phú,Xã,S?: 1686/NQ-UBTVQH15; Ngày: 16/06/2025,38,T?nh Thanh Hóa
15766,Xã An Nông,Xã,S?: 1686/NQ-UBTVQH15; Ngày: 16/06/2025,38,T?nh Thanh Hóa
15772,Xã Thi?u Hóa,Xã,S?: 1686/NQ-UBTVQH15; Ngày: 16/06/2025,38,T?nh Thanh Hóa
15778,Xã Thi?u Ti?n,Xã,S?: 1686/NQ-UBTVQH15; Ngày: 16/06/2025,38,T?nh Thanh Hóa
15796,Xã Thi?u Quang,Xã,S?: 1686/NQ-UBTVQH15; Ngày: 16/06/2025,38,T?nh Thanh Hóa
15820,Xã Thi?u Toán,Xã,S?: 1686/NQ-UBTVQH15; Ngày: 16/06/2025,38,T?nh Thanh Hóa
15835,Xã Thi?u Trung,Xã,S?: 1686/NQ-UBTVQH15; Ngày: 16/06/2025,38,T?nh Thanh Hóa
15853,Ph??ng ?ông Ti?n,Ph??ng,S?: 1686/NQ-UBTVQH15; Ngày: 16/06/2025,38,T?nh Thanh Hóa
15865,Xã Ho?ng Hóa,Xã,S?: 1686/NQ-UBTVQH15; Ngày: 16/06/2025,38,T?nh Thanh Hóa
15880,Xã Ho?ng Giang,Xã,S?: 1686/NQ-UBTVQH15; Ngày: 16/06/2025,38,T?nh Thanh Hóa
15889,Xã Ho?ng Phú,Xã,S?: 1686/NQ-UBTVQH15; Ngày: 16/06/2025,38,T?nh Thanh Hóa
15910,Xã Ho?ng S?n,Xã,S?: 1686/NQ-UBTVQH15; Ngày: 16/06/2025,38,T?nh Thanh Hóa
15925,Ph??ng Nguy?t Viên,Ph??ng,S?: 1686/NQ-UBTVQH15; Ngày: 16/06/2025,38,T?nh Thanh Hóa
15961,Xã Ho?ng L?c,Xã,S?: 1686/NQ-UBTVQH15; Ngày: 16/06/2025,38,T?nh Thanh Hóa
15976,Xã Ho?ng Châu,Xã,S?: 1686/NQ-UBTVQH15; Ngày: 16/06/2025,38,T?nh Thanh Hóa
15991,Xã Ho?ng Ti?n,Xã,S?: 1686/NQ-UBTVQH15; Ngày: 16/06/2025,38,T?nh Thanh Hóa
16000,Xã Ho?ng Thanh,Xã,S?: 1686/NQ-UBTVQH15; Ngày: 16/06/2025,38,T?nh Thanh Hóa
16012,Xã H?u L?c,Xã,S?: 1686/NQ-UBTVQH15; Ngày: 16/06/2025,38,T?nh Thanh Hóa
16021,Xã Tri?u L?c,Xã,S?: 1686/NQ-UBTVQH15; Ngày: 16/06/2025,38,T?nh Thanh Hóa
16033,Xã ?ông Thành,Xã,S?: 1686/NQ-UBTVQH15; Ngày: 16/06/2025,38,T?nh Thanh Hóa
16072,Xã Hoa L?c,Xã,S?: 1686/NQ-UBTVQH15; Ngày: 16/06/2025,38,T?nh Thanh Hóa
16078,Xã V?n L?c,Xã,S?: 1686/NQ-UBTVQH15; Ngày: 16/06/2025,38,T?nh Thanh Hóa
16093,Xã Nga S?n,Xã,S?: 1686/NQ-UBTVQH15; Ngày: 16/06/2025,38,T?nh Thanh Hóa
16108,Xã Tân Ti?n,Xã,S?: 1686/NQ-UBTVQH15; Ngày: 16/06/2025,38,T?nh Thanh Hóa
16114,Xã Nga Th?ng,Xã,S?: 1686/NQ-UBTVQH15; Ngày: 16/06/2025,38,T?nh Thanh Hóa
16138,Xã H? V??ng,Xã,S?: 1686/NQ-UBTVQH15; Ngày: 16/06/2025,38,T?nh Thanh Hóa
16144,Xã Nga An,Xã,S?: 1686/NQ-UBTVQH15; Ngày: 16/06/2025,38,T?nh Thanh Hóa
16171,Xã Ba ?ình,Xã,S?: 1686/NQ-UBTVQH15; Ngày: 16/06/2025,38,T?nh Thanh Hóa
16174,Xã Nh? Xuân,Xã,S?: 1686/NQ-UBTVQH15; Ngày: 16/06/2025,38,T?nh Thanh Hóa
16177,Xã Xuân Bình,Xã,S?: 1686/NQ-UBTVQH15; Ngày: 16/06/2025,38,T?nh Thanh Hóa
16186,Xã Hóa Qu?,Xã,S?: 1686/NQ-UBTVQH15; Ngày: 16/06/2025,38,T?nh Thanh Hóa
16213,Xã Thanh Phong,Xã,S?: 1686/NQ-UBTVQH15; Ngày: 16/06/2025,38,T?nh Thanh Hóa
16222,Xã Thanh Quân,Xã,S?: 1686/NQ-UBTVQH15; Ngày: 16/06/2025,38,T?nh Thanh Hóa
16225,Xã Th??ng Ninh,Xã,S?: 1686/NQ-UBTVQH15; Ngày: 16/06/2025,38,T?nh Thanh Hóa
16228,Xã Nh? Thanh,Xã,S?: 1686/NQ-UBTVQH15; Ngày: 16/06/2025,38,T?nh Thanh Hóa
16234,Xã Xuân Du,Xã,S?: 1686/NQ-UBTVQH15; Ngày: 16/06/2025,38,T?nh Thanh Hóa
16249,Xã M?u Lâm,Xã,S?: 1686/NQ-UBTVQH15; Ngày: 16/06/2025,38,T?nh Thanh Hóa
16258,Xã Xuân Thái,Xã,S?: 1686/NQ-UBTVQH15; Ngày: 16/06/2025,38,T?nh Thanh Hóa
16264,Xã Yên Th?,Xã,S?: 1686/NQ-UBTVQH15; Ngày: 16/06/2025,38,T?nh Thanh Hóa
16273,Xã Thanh K?,Xã,S?: 1686/NQ-UBTVQH15; Ngày: 16/06/2025,38,T?nh Thanh Hóa
16279,Xã Nông C?ng,Xã,S?: 1686/NQ-UBTVQH15; Ngày: 16/06/2025,38,T?nh Thanh Hóa
16297,Xã Trung Chính,Xã,S?: 1686/NQ-UBTVQH15; Ngày: 16/06/2025,38,T?nh Thanh Hóa
16309,Xã Th?ng L?i,Xã,S?: 1686/NQ-UBTVQH15; Ngày: 16/06/2025,38,T?nh Thanh Hóa
16342,Xã Th?ng Bình,Xã,S?: 1686/NQ-UBTVQH15; Ngày: 16/06/2025,38,T?nh Thanh Hóa
16348,Xã Tr??ng V?n,Xã,S?: 1686/NQ-UBTVQH15; Ngày: 16/06/2025,38,T?nh Thanh Hóa
16363,Xã T??ng L?nh,Xã,S?: 1686/NQ-UBTVQH15; Ngày: 16/06/2025,38,T?nh Thanh Hóa
16369,Xã Công Chính,Xã,S?: 1686/NQ-UBTVQH15; Ngày: 16/06/2025,38,T?nh Thanh Hóa
16378,Ph??ng ?ông S?n,Ph??ng,S?: 1686/NQ-UBTVQH15; Ngày: 16/06/2025,38,T?nh Thanh Hóa
16417,Ph??ng ?ông Quang,Ph??ng,S?: 1686/NQ-UBTVQH15; Ngày: 16/06/2025,38,T?nh Thanh Hóa
16438,Xã L?u V?,Xã,S?: 1686/NQ-UBTVQH15; Ngày: 16/06/2025,38,T?nh Thanh Hóa
16480,Xã Qu?ng Yên,Xã,S?: 1686/NQ-UBTVQH15; Ngày: 16/06/2025,38,T?nh Thanh Hóa
16489,Xã Qu?ng Chính,Xã,S?: 1686/NQ-UBTVQH15; Ngày: 16/06/2025,38,T?nh Thanh Hóa
16498,Xã Qu?ng Ng?c,Xã,S?: 1686/NQ-UBTVQH15; Ngày: 16/06/2025,38,T?nh Thanh Hóa
16516,Ph??ng Nam S?m S?n,Ph??ng,S?: 1686/NQ-UBTVQH15; Ngày: 16/06/2025,38,T?nh Thanh Hóa
16522,Ph??ng Qu?ng Phú,Ph??ng,S?: 1686/NQ-UBTVQH15; Ngày: 16/06/2025,38,T?nh Thanh Hóa
16531,Ph??ng S?m S?n,Ph??ng,S?: 1686/NQ-UBTVQH15; Ngày: 16/06/2025,38,T?nh Thanh Hóa
16540,Xã Qu?ng Ninh,Xã,S?: 1686/NQ-UBTVQH15; Ngày: 16/06/2025,38,T?nh Thanh Hóa
16543,Xã Qu?ng Bình,Xã,S?: 1686/NQ-UBTVQH15; Ngày: 16/06/2025,38,T?nh Thanh Hóa
16549,Xã Tiên Trang,Xã,S?: 1686/NQ-UBTVQH15; Ngày: 16/06/2025,38,T?nh Thanh Hóa
16561,Ph??ng T?nh Gia,Ph??ng,S?: 1686/NQ-UBTVQH15; Ngày: 16/06/2025,38,T?nh Thanh Hóa
16576,Ph??ng Ng?c S?n,Ph??ng,S?: 1686/NQ-UBTVQH15; Ngày: 16/06/2025,38,T?nh Thanh Hóa
16591,Xã Các S?n,Xã,S?: 1686/NQ-UBTVQH15; Ngày: 16/06/2025,38,T?nh Thanh Hóa
16594,Ph??ng Tân Dân,Ph??ng,S?: 1686/NQ-UBTVQH15; Ngày: 16/06/2025,38,T?nh Thanh Hóa
16597,Ph??ng H?i L?nh,Ph??ng,S?: 1686/NQ-UBTVQH15; Ngày: 16/06/2025,38,T?nh Thanh Hóa
16609,Ph??ng ?ào Duy T?,Ph??ng,S?: 1686/NQ-UBTVQH15; Ngày: 16/06/2025,38,T?nh Thanh Hóa
16624,Ph??ng Trúc Lâm,Ph??ng,S?: 1686/NQ-UBTVQH15; Ngày: 16/06/2025,38,T?nh Thanh Hóa
16636,Xã Tr??ng Lâm,Xã,S?: 1686/NQ-UBTVQH15; Ngày: 16/06/2025,38,T?nh Thanh Hóa
16645,Ph??ng H?i Bình,Ph??ng,S?: 1686/NQ-UBTVQH15; Ngày: 16/06/2025,38,T?nh Thanh Hóa
16654,Ph??ng Nghi S?n,Ph??ng,S?: 1686/NQ-UBTVQH15; Ngày: 16/06/2025,38,T?nh Thanh Hóa
16681,Ph??ng Thành Vinh,Ph??ng,S?: 1678/NQ-UBTVQH15; Ngày: 16/06/2025,40,T?nh Ngh? An
16690,Ph??ng Tr??ng Vinh,Ph??ng,S?: 1678/NQ-UBTVQH15; Ngày: 16/06/2025,40,T?nh Ngh? An
16702,Ph??ng Vinh Phú,Ph??ng,S?: 1678/NQ-UBTVQH15; Ngày: 16/06/2025,40,T?nh Ngh? An
16708,Ph??ng Vinh L?c,Ph??ng,S?: 1678/NQ-UBTVQH15; Ngày: 16/06/2025,40,T?nh Ngh? An
16732,Ph??ng C?a Lò,Ph??ng,S?: 1678/NQ-UBTVQH15; Ngày: 16/06/2025,40,T?nh Ngh? An
16738,Xã Qu? Phong,Xã,S?: 1678/NQ-UBTVQH15; Ngày: 16/06/2025,40,T?nh Ngh? An
16744,Xã Thông Th?,Xã,S?: 1678/NQ-UBTVQH15; Ngày: 16/06/2025,40,T?nh Ngh? An
16750,Xã Ti?n Phong,Xã,S?: 1678/NQ-UBTVQH15; Ngày: 16/06/2025,40,T?nh Ngh? An
16756,Xã Tri L?,Xã,S?: 1678/NQ-UBTVQH15; Ngày: 16/06/2025,40,T?nh Ngh? An
16774,Xã M??ng Quàng,Xã,S?: 1678/NQ-UBTVQH15; Ngày: 16/06/2025,40,T?nh Ngh? An
16777,Xã Qu? Châu,Xã,S?: 1678/NQ-UBTVQH15; Ngày: 16/06/2025,40,T?nh Ngh? An
16792,Xã Châu Ti?n,Xã,S?: 1678/NQ-UBTVQH15; Ngày: 16/06/2025,40,T?nh Ngh? An
16801,Xã Hùng Chân,Xã,S?: 1678/NQ-UBTVQH15; Ngày: 16/06/2025,40,T?nh Ngh? An
16804,Xã Châu Bình,Xã,S?: 1678/NQ-UBTVQH15; Ngày: 16/06/2025,40,T?nh Ngh? An
16813,Xã M??ng Xén,Xã,S?: 1678/NQ-UBTVQH15; Ngày: 16/06/2025,40,T?nh Ngh? An
16816,Xã M? Lý,Xã,S?: 1678/NQ-UBTVQH15; Ngày: 16/06/2025,40,T?nh Ngh? An
16819,Xã B?c Lý,Xã,S?: 1678/NQ-UBTVQH15; Ngày: 16/06/2025,40,T?nh Ngh? An
16822,Xã Keng ?u,Xã,S?: 1678/NQ-UBTVQH15; Ngày: 16/06/2025,40,T?nh Ngh? An
16828,Xã Hu?i T?,Xã,S?: 1678/NQ-UBTVQH15; Ngày: 16/06/2025,40,T?nh Ngh? An
16831,Xã M??ng L?ng,Xã,S?: 1678/NQ-UBTVQH15; Ngày: 16/06/2025,40,T?nh Ngh? An
16834,Xã Na Loi,Xã,S?: 1678/NQ-UBTVQH15; Ngày: 16/06/2025,40,T?nh Ngh? An
16837,Xã N?m C?n,Xã,S?: 1678/NQ-UBTVQH15; Ngày: 16/06/2025,40,T?nh Ngh? An
16849,Xã H?u Ki?m,Xã,S?: 1678/NQ-UBTVQH15; Ngày: 16/06/2025,40,T?nh Ngh? An
16855,Xã Chiêu L?u,Xã,S?: 1678/NQ-UBTVQH15; Ngày: 16/06/2025,40,T?nh Ngh? An
16858,Xã M??ng Típ,Xã,S?: 1678/NQ-UBTVQH15; Ngày: 16/06/2025,40,T?nh Ngh? An
16870,Xã Na Ngoi,Xã,S?: 1678/NQ-UBTVQH15; Ngày: 16/06/2025,40,T?nh Ngh? An
16876,Xã T??ng D??ng,Xã,S?: 1678/NQ-UBTVQH15; Ngày: 16/06/2025,40,T?nh Ngh? An
16882,Xã Nhôn Mai,Xã,S?: 1678/NQ-UBTVQH15; Ngày: 16/06/2025,40,T?nh Ngh? An
16885,Xã H?u Khuông,Xã,S?: 1678/NQ-UBTVQH15; Ngày: 16/06/2025,40,T?nh Ngh? An
16903,Xã Nga My,Xã,S?: 1678/NQ-UBTVQH15; Ngày: 16/06/2025,40,T?nh Ngh? An
16906,Xã L??ng Minh,Xã,S?: 1678/NQ-UBTVQH15; Ngày: 16/06/2025,40,T?nh Ngh? An
16909,Xã Yên Hòa,Xã,S?: 1678/NQ-UBTVQH15; Ngày: 16/06/2025,40,T?nh Ngh? An
16912,Xã Yên Na,Xã,S?: 1678/NQ-UBTVQH15; Ngày: 16/06/2025,40,T?nh Ngh? An
16933,Xã Tam Quang,Xã,S?: 1678/NQ-UBTVQH15; Ngày: 16/06/2025,40,T?nh Ngh? An
16936,Xã Tam Thái,Xã,S?: 1678/NQ-UBTVQH15; Ngày: 16/06/2025,40,T?nh Ngh? An
16939,Ph??ng Thái Hòa,Ph??ng,S?: 1678/NQ-UBTVQH15; Ngày: 16/06/2025,40,T?nh Ngh? An
16941,Xã Ngh?a ?àn,Xã,S?: 1678/NQ-UBTVQH15; Ngày: 16/06/2025,40,T?nh Ngh? An
16951,Xã Ngh?a Lâm,Xã,S?: 1678/NQ-UBTVQH15; Ngày: 16/06/2025,40,T?nh Ngh? An
16969,Xã Ngh?a Th?,Xã,S?: 1678/NQ-UBTVQH15; Ngày: 16/06/2025,40,T?nh Ngh? An
16972,Xã Ngh?a H?ng,Xã,S?: 1678/NQ-UBTVQH15; Ngày: 16/06/2025,40,T?nh Ngh? An
16975,Xã Ngh?a Mai,Xã,S?: 1678/NQ-UBTVQH15; Ngày: 16/06/2025,40,T?nh Ngh? An
17011,Ph??ng Tây Hi?u,Ph??ng,S?: 1678/NQ-UBTVQH15; Ngày: 16/06/2025,40,T?nh Ngh? An
17017,Xã ?ông Hi?u,Xã,S?: 1678/NQ-UBTVQH15; Ngày: 16/06/2025,40,T?nh Ngh? An
17029,Xã Ngh?a L?c,Xã,S?: 1678/NQ-UBTVQH15; Ngày: 16/06/2025,40,T?nh Ngh? An
17032,Xã Ngh?a Khánh,Xã,S?: 1678/NQ-UBTVQH15; Ngày: 16/06/2025,40,T?nh Ngh? An
17035,Xã Qu? H?p,Xã,S?: 1678/NQ-UBTVQH15; Ngày: 16/06/2025,40,T?nh Ngh? An
17044,Xã Châu H?ng,Xã,S?: 1678/NQ-UBTVQH15; Ngày: 16/06/2025,40,T?nh Ngh? An
17056,Xã Châu L?c,Xã,S?: 1678/NQ-UBTVQH15; Ngày: 16/06/2025,40,T?nh Ngh? An
17059,Xã Tam H?p,Xã,S?: 1678/NQ-UBTVQH15; Ngày: 16/06/2025,40,T?nh Ngh? An
17071,Xã Minh H?p,Xã,S?: 1678/NQ-UBTVQH15; Ngày: 16/06/2025,40,T?nh Ngh? An
17077,Xã M??ng Ham,Xã,S?: 1678/NQ-UBTVQH15; Ngày: 16/06/2025,40,T?nh Ngh? An
17089,Xã M??ng Ch?ng,Xã,S?: 1678/NQ-UBTVQH15; Ngày: 16/06/2025,40,T?nh Ngh? An
17110,Ph??ng Hoàng Mai,Ph??ng,S?: 1678/NQ-UBTVQH15; Ngày: 16/06/2025,40,T?nh Ngh? An
17125,Ph??ng Qu?nh Mai,Ph??ng,S?: 1678/NQ-UBTVQH15; Ngày: 16/06/2025,40,T?nh Ngh? An
17128,Ph??ng Tân Mai,Ph??ng,S?: 1678/NQ-UBTVQH15; Ngày: 16/06/2025,40,T?nh Ngh? An
17143,Xã Qu?nh V?n,Xã,S?: 1678/NQ-UBTVQH15; Ngày: 16/06/2025,40,T?nh Ngh? An
17149,Xã Qu?nh Tam,Xã,S?: 1678/NQ-UBTVQH15; Ngày: 16/06/2025,40,T?nh Ngh? An
17170,Xã Qu?nh S?n,Xã,S?: 1678/NQ-UBTVQH15; Ngày: 16/06/2025,40,T?nh Ngh? An
17176,Xã Qu?nh Anh,Xã,S?: 1678/NQ-UBTVQH15; Ngày: 16/06/2025,40,T?nh Ngh? An
17179,Xã Qu?nh L?u,Xã,S?: 1678/NQ-UBTVQH15; Ngày: 16/06/2025,40,T?nh Ngh? An
17212,Xã Qu?nh Phú,Xã,S?: 1678/NQ-UBTVQH15; Ngày: 16/06/2025,40,T?nh Ngh? An
17224,Xã Qu?nh Th?ng,Xã,S?: 1678/NQ-UBTVQH15; Ngày: 16/06/2025,40,T?nh Ngh? An
17230,Xã Bình Chu?n,Xã,S?: 1678/NQ-UBTVQH15; Ngày: 16/06/2025,40,T?nh Ngh? An
17239,Xã M?u Th?ch,Xã,S?: 1678/NQ-UBTVQH15; Ngày: 16/06/2025,40,T?nh Ngh? An
17242,Xã Cam Ph?c,Xã,S?: 1678/NQ-UBTVQH15; Ngày: 16/06/2025,40,T?nh Ngh? An
17248,Xã Châu Khê,Xã,S?: 1678/NQ-UBTVQH15; Ngày: 16/06/2025,40,T?nh Ngh? An
17254,Xã Con Cuông,Xã,S?: 1678/NQ-UBTVQH15; Ngày: 16/06/2025,40,T?nh Ngh? An
17263,Xã Môn S?n,Xã,S?: 1678/NQ-UBTVQH15; Ngày: 16/06/2025,40,T?nh Ngh? An
17266,Xã Tân K?,Xã,S?: 1678/NQ-UBTVQH15; Ngày: 16/06/2025,40,T?nh Ngh? An
17272,Xã Tân Phú,Xã,S?: 1678/NQ-UBTVQH15; Ngày: 16/06/2025,40,T?nh Ngh? An
17278,Xã Giai Xuân,Xã,S?: 1678/NQ-UBTVQH15; Ngày: 16/06/2025,40,T?nh Ngh? An
17284,Xã Ngh?a ??ng,Xã,S?: 1678/NQ-UBTVQH15; Ngày: 16/06/2025,40,T?nh Ngh? An
17287,Xã Tiên ??ng,Xã,S?: 1678/NQ-UBTVQH15; Ngày: 16/06/2025,40,T?nh Ngh? An
17305,Xã Tân An,Xã,S?: 1678/NQ-UBTVQH15; Ngày: 16/06/2025,40,T?nh Ngh? An
17326,Xã Ngh?a Hành,Xã,S?: 1678/NQ-UBTVQH15; Ngày: 16/06/2025,40,T?nh Ngh? An
17329,Xã Anh S?n,Xã,S?: 1678/NQ-UBTVQH15; Ngày: 16/06/2025,40,T?nh Ngh? An
17335,Xã Thành Bình Th?,Xã,S?: 1678/NQ-UBTVQH15; Ngày: 16/06/2025,40,T?nh Ngh? An
17344,Xã Nhân Hòa,Xã,S?: 1678/NQ-UBTVQH15; Ngày: 16/06/2025,40,T?nh Ngh? An
17357,Xã V?nh T??ng,Xã,S?: 1678/NQ-UBTVQH15; Ngày: 16/06/2025,40,T?nh Ngh? An
17365,Xã Anh S?n ?ông,Xã,S?: 1678/NQ-UBTVQH15; Ngày: 16/06/2025,40,T?nh Ngh? An
17380,Xã Yên Xuân,Xã,S?: 1678/NQ-UBTVQH15; Ngày: 16/06/2025,40,T?nh Ngh? An
17395,Xã Hùng Châu,Xã,S?: 1678/NQ-UBTVQH15; Ngày: 16/06/2025,40,T?nh Ngh? An
17416,Xã ??c Châu,Xã,S?: 1678/NQ-UBTVQH15; Ngày: 16/06/2025,40,T?nh Ngh? An
17419,Xã H?i Châu,Xã,S?: 1678/NQ-UBTVQH15; Ngày: 16/06/2025,40,T?nh Ngh? An
17443,Xã Qu?ng Châu,Xã,S?: 1678/NQ-UBTVQH15; Ngày: 16/06/2025,40,T?nh Ngh? An
17464,Xã Di?n Châu,Xã,S?: 1678/NQ-UBTVQH15; Ngày: 16/06/2025,40,T?nh Ngh? An
17476,Xã Minh Châu,Xã,S?: 1678/NQ-UBTVQH15; Ngày: 16/06/2025,40,T?nh Ngh? An
17479,Xã An Châu,Xã,S?: 1678/NQ-UBTVQH15; Ngày: 16/06/2025,40,T?nh Ngh? An
17488,Xã Tân Châu,Xã,S?: 1678/NQ-UBTVQH15; Ngày: 16/06/2025,40,T?nh Ngh? An
17506,Xã Yên Thành,Xã,S?: 1678/NQ-UBTVQH15; Ngày: 16/06/2025,40,T?nh Ngh? An
17515,Xã Bình Minh,Xã,S?: 1678/NQ-UBTVQH15; Ngày: 16/06/2025,40,T?nh Ngh? An
17521,Xã Quang ??ng,Xã,S?: 1678/NQ-UBTVQH15; Ngày: 16/06/2025,40,T?nh Ngh? An
17524,Xã Giai L?c,Xã,S?: 1678/NQ-UBTVQH15; Ngày: 16/06/2025,40,T?nh Ngh? An
17530,Xã ?ông Thành,Xã,S?: 1678/NQ-UBTVQH15; Ngày: 16/06/2025,40,T?nh Ngh? An
17560,Xã Vân Du,Xã,S?: 1678/NQ-UBTVQH15; Ngày: 16/06/2025,40,T?nh Ngh? An
17569,Xã Quan Thành,Xã,S?: 1678/NQ-UBTVQH15; Ngày: 16/06/2025,40,T?nh Ngh? An
17605,Xã H?p Minh,Xã,S?: 1678/NQ-UBTVQH15; Ngày: 16/06/2025,40,T?nh Ngh? An
17611,Xã Vân T?,Xã,S?: 1678/NQ-UBTVQH15; Ngày: 16/06/2025,40,T?nh Ngh? An
17623,Xã B?ch Ng?c,Xã,S?: 1678/NQ-UBTVQH15; Ngày: 16/06/2025,40,T?nh Ngh? An
17641,Xã L??ng S?n,Xã,S?: 1678/NQ-UBTVQH15; Ngày: 16/06/2025,40,T?nh Ngh? An
17662,Xã ?ô L??ng,Xã,S?: 1678/NQ-UBTVQH15; Ngày: 16/06/2025,40,T?nh Ngh? An
17677,Xã V?n Hi?n,Xã,S?: 1678/NQ-UBTVQH15; Ngày: 16/06/2025,40,T?nh Ngh? An
17689,Xã Thu?n Trung,Xã,S?: 1678/NQ-UBTVQH15; Ngày: 16/06/2025,40,T?nh Ngh? An
17707,Xã B?ch Hà,Xã,S?: 1678/NQ-UBTVQH15; Ngày: 16/06/2025,40,T?nh Ngh? An
17713,Xã ??i ??ng,Xã,S?: 1678/NQ-UBTVQH15; Ngày: 16/06/2025,40,T?nh Ngh? An
17722,Xã H?nh Lâm,Xã,S?: 1678/NQ-UBTVQH15; Ngày: 16/06/2025,40,T?nh Ngh? An
17728,Xã Cát Ng?n,Xã,S?: 1678/NQ-UBTVQH15; Ngày: 16/06/2025,40,T?nh Ngh? An
17743,Xã Tam ??ng,Xã,S?: 1678/NQ-UBTVQH15; Ngày: 16/06/2025,40,T?nh Ngh? An
17759,Xã S?n Lâm,Xã,S?: 1678/NQ-UBTVQH15; Ngày: 16/06/2025,40,T?nh Ngh? An
17770,Xã Hoa Quân,Xã,S?: 1678/NQ-UBTVQH15; Ngày: 16/06/2025,40,T?nh Ngh? An
17779,Xã Xuân Lâm,Xã,S?: 1678/NQ-UBTVQH15; Ngày: 16/06/2025,40,T?nh Ngh? An
17791,Xã Kim B?ng,Xã,S?: 1678/NQ-UBTVQH15; Ngày: 16/06/2025,40,T?nh Ngh? An
17818,Xã Bích Hào,Xã,S?: 1678/NQ-UBTVQH15; Ngày: 16/06/2025,40,T?nh Ngh? An
17827,Xã Nghi L?c,Xã,S?: 1678/NQ-UBTVQH15; Ngày: 16/06/2025,40,T?nh Ngh? An
17833,Xã H?i L?c,Xã,S?: 1678/NQ-UBTVQH15; Ngày: 16/06/2025,40,T?nh Ngh? An
17842,Xã Th?n L?nh,Xã,S?: 1678/NQ-UBTVQH15; Ngày: 16/06/2025,40,T?nh Ngh? An
17854,Xã V?n Ki?u,Xã,S?: 1678/NQ-UBTVQH15; Ngày: 16/06/2025,40,T?nh Ngh? An
17857,Xã Phúc L?c,Xã,S?: 1678/NQ-UBTVQH15; Ngày: 16/06/2025,40,T?nh Ngh? An
17866,Xã Trung L?c,Xã,S?: 1678/NQ-UBTVQH15; Ngày: 16/06/2025,40,T?nh Ngh? An
17878,Xã ?ông L?c,Xã,S?: 1678/NQ-UBTVQH15; Ngày: 16/06/2025,40,T?nh Ngh? An
17920,Ph??ng Vinh H?ng,Ph??ng,S?: 1678/NQ-UBTVQH15; Ngày: 16/06/2025,40,T?nh Ngh? An
17935,Xã Nam ?àn,Xã,S?: 1678/NQ-UBTVQH15; Ngày: 16/06/2025,40,T?nh Ngh? An
17944,Xã ??i Hu?,Xã,S?: 1678/NQ-UBTVQH15; Ngày: 16/06/2025,40,T?nh Ngh? An
17950,Xã V?n An,Xã,S?: 1678/NQ-UBTVQH15; Ngày: 16/06/2025,40,T?nh Ngh? An
17971,Xã Kim Liên,Xã,S?: 1678/NQ-UBTVQH15; Ngày: 16/06/2025,40,T?nh Ngh? An
17989,Xã Thiên Nh?n,Xã,S?: 1678/NQ-UBTVQH15; Ngày: 16/06/2025,40,T?nh Ngh? An
18001,Xã H?ng Nguyên,Xã,S?: 1678/NQ-UBTVQH15; Ngày: 16/06/2025,40,T?nh Ngh? An
18007,Xã Yên Trung,Xã,S?: 1678/NQ-UBTVQH15; Ngày: 16/06/2025,40,T?nh Ngh? An
18028,Xã H?ng Nguyên Nam,Xã,S?: 1678/NQ-UBTVQH15; Ngày: 16/06/2025,40,T?nh Ngh? An
18040,Xã Lam Thành,Xã,S?: 1678/NQ-UBTVQH15; Ngày: 16/06/2025,40,T?nh Ngh? An
18073,Ph??ng Thành Sen,Ph??ng,S?: 1665/NQ-UBTVQH15; Ngày: 16/06/2025,42,T?nh Hà T?nh
18100,Ph??ng Tr?n Phú,Ph??ng,S?: 1665/NQ-UBTVQH15; Ngày: 16/06/2025,42,T?nh Hà T?nh
18115,Ph??ng B?c H?ng L?nh,Ph??ng,S?: 1665/NQ-UBTVQH15; Ngày: 16/06/2025,42,T?nh Hà T?nh
18118,Ph??ng Nam H?ng L?nh,Ph??ng,S?: 1665/NQ-UBTVQH15; Ngày: 16/06/2025,42,T?nh Hà T?nh
18133,Xã H??ng S?n,Xã,S?: 1665/NQ-UBTVQH15; Ngày: 16/06/2025,42,T?nh Hà T?nh
18160,Xã S?n H?ng,Xã,S?: 1665/NQ-UBTVQH15; Ngày: 16/06/2025,42,T?nh Hà T?nh
18163,Xã S?n Ti?n,Xã,S?: 1665/NQ-UBTVQH15; Ngày: 16/06/2025,42,T?nh Hà T?nh
18172,Xã S?n Tây,Xã,S?: 1665/NQ-UBTVQH15; Ngày: 16/06/2025,42,T?nh Hà T?nh
18184,Xã S?n Giang,Xã,S?: 1665/NQ-UBTVQH15; Ngày: 16/06/2025,42,T?nh Hà T?nh
18196,Xã S?n Kim 1,Xã,S?: 1665/NQ-UBTVQH15; Ngày: 16/06/2025,42,T?nh Hà T?nh
18199,Xã S?n Kim 2,Xã,S?: 1665/NQ-UBTVQH15; Ngày: 16/06/2025,42,T?nh Hà T?nh
18202,Xã T? M?,Xã,S?: 1665/NQ-UBTVQH15; Ngày: 16/06/2025,42,T?nh Hà T?nh
18223,Xã Kim Hoa,Xã,S?: 1665/NQ-UBTVQH15; Ngày: 16/06/2025,42,T?nh Hà T?nh
18229,Xã ??c Th?,Xã,S?: 1665/NQ-UBTVQH15; Ngày: 16/06/2025,42,T?nh Hà T?nh
18244,Xã ??c Minh,Xã,S?: 1665/NQ-UBTVQH15; Ngày: 16/06/2025,42,T?nh Hà T?nh
18262,Xã ??c Quang,Xã,S?: 1665/NQ-UBTVQH15; Ngày: 16/06/2025,42,T?nh Hà T?nh
18277,Xã ??c Th?nh,Xã,S?: 1665/NQ-UBTVQH15; Ngày: 16/06/2025,42,T?nh Hà T?nh
18304,Xã ??c ??ng,Xã,S?: 1665/NQ-UBTVQH15; Ngày: 16/06/2025,42,T?nh Hà T?nh
18313,Xã V? Quang,Xã,S?: 1665/NQ-UBTVQH15; Ngày: 16/06/2025,42,T?nh Hà T?nh
18322,Xã Mai Hoa,Xã,S?: 1665/NQ-UBTVQH15; Ngày: 16/06/2025,42,T?nh Hà T?nh
18328,Xã Th??ng ??c,Xã,S?: 1665/NQ-UBTVQH15; Ngày: 16/06/2025,42,T?nh Hà T?nh
18352,Xã Nghi Xuân,Xã,S?: 1665/NQ-UBTVQH15; Ngày: 16/06/2025,42,T?nh Hà T?nh
18364,Xã ?an H?i,Xã,S?: 1665/NQ-UBTVQH15; Ngày: 16/06/2025,42,T?nh Hà T?nh
18373,Xã Tiên ?i?n,Xã,S?: 1665/NQ-UBTVQH15; Ngày: 16/06/2025,42,T?nh Hà T?nh
18394,Xã C? ??m,Xã,S?: 1665/NQ-UBTVQH15; Ngày: 16/06/2025,42,T?nh Hà T?nh
18406,Xã Can L?c,Xã,S?: 1665/NQ-UBTVQH15; Ngày: 16/06/2025,42,T?nh Hà T?nh
18409,Xã H?ng L?c,Xã,S?: 1665/NQ-UBTVQH15; Ngày: 16/06/2025,42,T?nh Hà T?nh
18418,Xã Tùng L?c,Xã,S?: 1665/NQ-UBTVQH15; Ngày: 16/06/2025,42,T?nh Hà T?nh
18436,Xã Tr??ng L?u,Xã,S?: 1665/NQ-UBTVQH15; Ngày: 16/06/2025,42,T?nh Hà T?nh
18466,Xã Gia Hanh,Xã,S?: 1665/NQ-UBTVQH15; Ngày: 16/06/2025,42,T?nh Hà T?nh
18481,Xã Xuân L?c,Xã,S?: 1665/NQ-UBTVQH15; Ngày: 16/06/2025,42,T?nh Hà T?nh
18484,Xã ??ng L?c,Xã,S?: 1665/NQ-UBTVQH15; Ngày: 16/06/2025,42,T?nh Hà T?nh
18496,Xã H??ng Khê,Xã,S?: 1665/NQ-UBTVQH15; Ngày: 16/06/2025,42,T?nh Hà T?nh
18502,Xã Hà Linh,Xã,S?: 1665/NQ-UBTVQH15; Ngày: 16/06/2025,42,T?nh Hà T?nh
18523,Xã H??ng Bình,Xã,S?: 1665/NQ-UBTVQH15; Ngày: 16/06/2025,42,T?nh Hà T?nh
18532,Xã H??ng Ph?,Xã,S?: 1665/NQ-UBTVQH15; Ngày: 16/06/2025,42,T?nh Hà T?nh
18544,Xã H??ng Xuân,Xã,S?: 1665/NQ-UBTVQH15; Ngày: 16/06/2025,42,T?nh Hà T?nh
18547,Xã Phúc Tr?ch,Xã,S?: 1665/NQ-UBTVQH15; Ngày: 16/06/2025,42,T?nh Hà T?nh
18550,Xã H??ng ?ô,Xã,S?: 1665/NQ-UBTVQH15; Ngày: 16/06/2025,42,T?nh Hà T?nh
18562,Xã Th?ch Hà,Xã,S?: 1665/NQ-UBTVQH15; Ngày: 16/06/2025,42,T?nh Hà T?nh
18568,Xã L?c Hà,Xã,S?: 1665/NQ-UBTVQH15; Ngày: 16/06/2025,42,T?nh Hà T?nh
18583,Xã Mai Ph?,Xã,S?: 1665/NQ-UBTVQH15; Ngày: 16/06/2025,42,T?nh Hà T?nh
18586,Xã ?ông Kinh,Xã,S?: 1665/NQ-UBTVQH15; Ngày: 16/06/2025,42,T?nh Hà T?nh
18601,Xã Vi?t Xuyên,Xã,S?: 1665/NQ-UBTVQH15; Ngày: 16/06/2025,42,T?nh Hà T?nh
18604,Xã Th?ch Khê,Xã,S?: 1665/NQ-UBTVQH15; Ngày: 16/06/2025,42,T?nh Hà T?nh
18619,Xã ??ng Ti?n,Xã,S?: 1665/NQ-UBTVQH15; Ngày: 16/06/2025,42,T?nh Hà T?nh
18628,Xã Th?ch L?c,Xã,S?: 1665/NQ-UBTVQH15; Ngày: 16/06/2025,42,T?nh Hà T?nh
18634,Xã Toàn L?u,Xã,S?: 1665/NQ-UBTVQH15; Ngày: 16/06/2025,42,T?nh Hà T?nh
18652,Ph??ng Hà Huy T?p,Ph??ng,S?: 1665/NQ-UBTVQH15; Ngày: 16/06/2025,42,T?nh Hà T?nh
18667,Xã Th?ch Xuân,Xã,S?: 1665/NQ-UBTVQH15; Ngày: 16/06/2025,42,T?nh Hà T?nh
18673,Xã C?m Xuyên,Xã,S?: 1665/NQ-UBTVQH15; Ngày: 16/06/2025,42,T?nh Hà T?nh
18676,Xã Thiên C?m,Xã,S?: 1665/NQ-UBTVQH15; Ngày: 16/06/2025,42,T?nh Hà T?nh
18682,Xã Yên Hòa,Xã,S?: 1665/NQ-UBTVQH15; Ngày: 16/06/2025,42,T?nh Hà T?nh
18685,Xã C?m Bình,Xã,S?: 1665/NQ-UBTVQH15; Ngày: 16/06/2025,42,T?nh Hà T?nh
18736,Xã C?m H?ng,Xã,S?: 1665/NQ-UBTVQH15; Ngày: 16/06/2025,42,T?nh Hà T?nh
18739,Xã C?m Du?,Xã,S?: 1665/NQ-UBTVQH15; Ngày: 16/06/2025,42,T?nh Hà T?nh
18742,Xã C?m Trung,Xã,S?: 1665/NQ-UBTVQH15; Ngày: 16/06/2025,42,T?nh Hà T?nh
18748,Xã C?m L?c,Xã,S?: 1665/NQ-UBTVQH15; Ngày: 16/06/2025,42,T?nh Hà T?nh
18754,Ph??ng Sông Trí,Ph??ng,S?: 1665/NQ-UBTVQH15; Ngày: 16/06/2025,42,T?nh Hà T?nh
18766,Xã K? Xuân,Xã,S?: 1665/NQ-UBTVQH15; Ngày: 16/06/2025,42,T?nh Hà T?nh
18775,Xã K? Anh,Xã,S?: 1665/NQ-UBTVQH15; Ngày: 16/06/2025,42,T?nh Hà T?nh
18781,Ph??ng H?i Ninh,Ph??ng,S?: 1665/NQ-UBTVQH15; Ngày: 16/06/2025,42,T?nh Hà T?nh
18787,Xã K? V?n,Xã,S?: 1665/NQ-UBTVQH15; Ngày: 16/06/2025,42,T?nh Hà T?nh
18790,Xã K? Khang,Xã,S?: 1665/NQ-UBTVQH15; Ngày: 16/06/2025,42,T?nh Hà T?nh
18814,Xã K? Hoa,Xã,S?: 1665/NQ-UBTVQH15; Ngày: 16/06/2025,42,T?nh Hà T?nh
18823,Ph??ng V?ng Áng,Ph??ng,S?: 1665/NQ-UBTVQH15; Ngày: 16/06/2025,42,T?nh Hà T?nh
18832,Ph??ng Hoành S?n,Ph??ng,S?: 1665/NQ-UBTVQH15; Ngày: 16/06/2025,42,T?nh Hà T?nh
18838,Xã K? L?c,Xã,S?: 1665/NQ-UBTVQH15; Ngày: 16/06/2025,42,T?nh Hà T?nh
18844,Xã K? Th??ng,Xã,S?: 1665/NQ-UBTVQH15; Ngày: 16/06/2025,42,T?nh Hà T?nh
18859,Ph??ng ??ng Thu?n,Ph??ng,S?: 1680/NQ-UBTVQH15; Ngày: 16/06/2025,44,T?nh Qu?ng Tr?
18871,Ph??ng ??ng S?n,Ph??ng,S?: 1680/NQ-UBTVQH15; Ngày: 16/06/2025,44,T?nh Qu?ng Tr?
18880,Ph??ng ??ng H?i,Ph??ng,S?: 1680/NQ-UBTVQH15; Ngày: 16/06/2025,44,T?nh Qu?ng Tr?
18901,Xã Minh Hóa,Xã,S?: 1680/NQ-UBTVQH15; Ngày: 16/06/2025,44,T?nh Qu?ng Tr?
18904,Xã Dân Hóa,Xã,S?: 1680/NQ-UBTVQH15; Ngày: 16/06/2025,44,T?nh Qu?ng Tr?
18919,Xã Tân Thành,Xã,S?: 1680/NQ-UBTVQH15; Ngày: 16/06/2025,44,T?nh Qu?ng Tr?
18922,Xã Kim ?i?n,Xã,S?: 1680/NQ-UBTVQH15; Ngày: 16/06/2025,44,T?nh Qu?ng Tr?
18943,Xã Kim Phú,Xã,S?: 1680/NQ-UBTVQH15; Ngày: 16/06/2025,44,T?nh Qu?ng Tr?
18949,Xã ??ng Lê,Xã,S?: 1680/NQ-UBTVQH15; Ngày: 16/06/2025,44,T?nh Qu?ng Tr?
18952,Xã Tuyên S?n,Xã,S?: 1680/NQ-UBTVQH15; Ngày: 16/06/2025,44,T?nh Qu?ng Tr?
18958,Xã Tuyên Lâm,Xã,S?: 1680/NQ-UBTVQH15; Ngày: 16/06/2025,44,T?nh Qu?ng Tr?
18985,Xã Tuyên Phú,Xã,S?: 1680/NQ-UBTVQH15; Ngày: 16/06/2025,44,T?nh Qu?ng Tr?
18991,Xã Tuyên Bình,Xã,S?: 1680/NQ-UBTVQH15; Ngày: 16/06/2025,44,T?nh Qu?ng Tr?
18997,Xã Tuyên Hóa,Xã,S?: 1680/NQ-UBTVQH15; Ngày: 16/06/2025,44,T?nh Qu?ng Tr?
19009,Ph??ng Ba ??n,Ph??ng,S?: 1680/NQ-UBTVQH15; Ngày: 16/06/2025,44,T?nh Qu?ng Tr?
19021,Xã Phú Tr?ch,Xã,S?: 1680/NQ-UBTVQH15; Ngày: 16/06/2025,44,T?nh Qu?ng Tr?
19030,Xã Trung Thu?n,Xã,S?: 1680/NQ-UBTVQH15; Ngày: 16/06/2025,44,T?nh Qu?ng Tr?
19033,Xã Hòa Tr?ch,Xã,S?: 1680/NQ-UBTVQH15; Ngày: 16/06/2025,44,T?nh Qu?ng Tr?
19051,Xã Tân Gianh,Xã,S?: 1680/NQ-UBTVQH15; Ngày: 16/06/2025,44,T?nh Qu?ng Tr?
19057,Xã Qu?ng Tr?ch,Xã,S?: 1680/NQ-UBTVQH15; Ngày: 16/06/2025,44,T?nh Qu?ng Tr?
19066,Ph??ng B?c Gianh,Ph??ng,S?: 1680/NQ-UBTVQH15; Ngày: 16/06/2025,44,T?nh Qu?ng Tr?
19075,Xã Nam Ba ??n,Xã,S?: 1680/NQ-UBTVQH15; Ngày: 16/06/2025,44,T?nh Qu?ng Tr?
19093,Xã Nam Gianh,Xã,S?: 1680/NQ-UBTVQH15; Ngày: 16/06/2025,44,T?nh Qu?ng Tr?
19111,Xã Hoàn Lão,Xã,S?: 1680/NQ-UBTVQH15; Ngày: 16/06/2025,44,T?nh Qu?ng Tr?
19126,Xã B?c Tr?ch,Xã,S?: 1680/NQ-UBTVQH15; Ngày: 16/06/2025,44,T?nh Qu?ng Tr?
19138,Xã Phong Nha,Xã,S?: 1680/NQ-UBTVQH15; Ngày: 16/06/2025,44,T?nh Qu?ng Tr?
19141,Xã B? Tr?ch,Xã,S?: 1680/NQ-UBTVQH15; Ngày: 16/06/2025,44,T?nh Qu?ng Tr?
19147,Xã Th??ng Tr?ch,Xã,S?: 1680/NQ-UBTVQH15; Ngày: 16/06/2025,44,T?nh Qu?ng Tr?
19159,Xã ?ông Tr?ch,Xã,S?: 1680/NQ-UBTVQH15; Ngày: 16/06/2025,44,T?nh Qu?ng Tr?
19198,Xã Nam Tr?ch,Xã,S?: 1680/NQ-UBTVQH15; Ngày: 16/06/2025,44,T?nh Qu?ng Tr?
19204,Xã Tr??ng S?n,Xã,S?: 1680/NQ-UBTVQH15; Ngày: 16/06/2025,44,T?nh Qu?ng Tr?
19207,Xã Qu?ng Ninh,Xã,S?: 1680/NQ-UBTVQH15; Ngày: 16/06/2025,44,T?nh Qu?ng Tr?
19225,Xã Ninh Châu,Xã,S?: 1680/NQ-UBTVQH15; Ngày: 16/06/2025,44,T?nh Qu?ng Tr?
19237,Xã Tr??ng Ninh,Xã,S?: 1680/NQ-UBTVQH15; Ngày: 16/06/2025,44,T?nh Qu?ng Tr?
19246,Xã L? Ninh,Xã,S?: 1680/NQ-UBTVQH15; Ngày: 16/06/2025,44,T?nh Qu?ng Tr?
19249,Xã L? Th?y,Xã,S?: 1680/NQ-UBTVQH15; Ngày: 16/06/2025,44,T?nh Qu?ng Tr?
19255,Xã Cam H?ng,Xã,S?: 1680/NQ-UBTVQH15; Ngày: 16/06/2025,44,T?nh Qu?ng Tr?
19288,Xã Sen Ng?,Xã,S?: 1680/NQ-UBTVQH15; Ngày: 16/06/2025,44,T?nh Qu?ng Tr?
19291,Xã Tân M?,Xã,S?: 1680/NQ-UBTVQH15; Ngày: 16/06/2025,44,T?nh Qu?ng Tr?
19309,Xã Tr??ng Phú,Xã,S?: 1680/NQ-UBTVQH15; Ngày: 16/06/2025,44,T?nh Qu?ng Tr?
19318,Xã Kim Ngân,Xã,S?: 1680/NQ-UBTVQH15; Ngày: 16/06/2025,44,T?nh Qu?ng Tr?
19333,Ph??ng ?ông Hà,Ph??ng,S?: 1680/NQ-UBTVQH15; Ngày: 16/06/2025,44,T?nh Qu?ng Tr?
19351,Ph??ng Nam ?ông Hà,Ph??ng,S?: 1680/NQ-UBTVQH15; Ngày: 16/06/2025,44,T?nh Qu?ng Tr?
19360,Ph??ng Qu?ng Tr?,Ph??ng,S?: 1680/NQ-UBTVQH15; Ngày: 16/06/2025,44,T?nh Qu?ng Tr?
19363,Xã V?nh Linh,Xã,S?: 1680/NQ-UBTVQH15; Ngày: 16/06/2025,44,T?nh Qu?ng Tr?
19366,Xã B?n Quan,Xã,S?: 1680/NQ-UBTVQH15; Ngày: 16/06/2025,44,T?nh Qu?ng Tr?
19372,Xã V?nh Hoàng,Xã,S?: 1680/NQ-UBTVQH15; Ngày: 16/06/2025,44,T?nh Qu?ng Tr?
19405,Xã V?nh Th?y,Xã,S?: 1680/NQ-UBTVQH15; Ngày: 16/06/2025,44,T?nh Qu?ng Tr?
19414,Xã C?a Tùng,Xã,S?: 1680/NQ-UBTVQH15; Ngày: 16/06/2025,44,T?nh Qu?ng Tr?
19429,Xã Khe Sanh,Xã,S?: 1680/NQ-UBTVQH15; Ngày: 16/06/2025,44,T?nh Qu?ng Tr?
19432,Xã Lao B?o,Xã,S?: 1680/NQ-UBTVQH15; Ngày: 16/06/2025,44,T?nh Qu?ng Tr?
19435,Xã H??ng L?p,Xã,S?: 1680/NQ-UBTVQH15; Ngày: 16/06/2025,44,T?nh Qu?ng Tr?
19441,Xã H??ng Phùng,Xã,S?: 1680/NQ-UBTVQH15; Ngày: 16/06/2025,44,T?nh Qu?ng Tr?
19462,Xã Tân L?p,Xã,S?: 1680/NQ-UBTVQH15; Ngày: 16/06/2025,44,T?nh Qu?ng Tr?
19483,Xã A D?i,Xã,S?: 1680/NQ-UBTVQH15; Ngày: 16/06/2025,44,T?nh Qu?ng Tr?
19489,Xã Lìa,Xã,S?: 1680/NQ-UBTVQH15; Ngày: 16/06/2025,44,T?nh Qu?ng Tr?
19495,Xã Gio Linh,Xã,S?: 1680/NQ-UBTVQH15; Ngày: 16/06/2025,44,T?nh Qu?ng Tr?
19496,Xã C?a Vi?t,Xã,S?: 1680/NQ-UBTVQH15; Ngày: 16/06/2025,44,T?nh Qu?ng Tr?
19501,Xã B?n H?i,Xã,S?: 1680/NQ-UBTVQH15; Ngày: 16/06/2025,44,T?nh Qu?ng Tr?
19537,Xã C?n Tiên,Xã,S?: 1680/NQ-UBTVQH15; Ngày: 16/06/2025,44,T?nh Qu?ng Tr?
19555,Xã H??ng Hi?p,Xã,S?: 1680/NQ-UBTVQH15; Ngày: 16/06/2025,44,T?nh Qu?ng Tr?
19564,Xã ?akrông,Xã,S?: 1680/NQ-UBTVQH15; Ngày: 16/06/2025,44,T?nh Qu?ng Tr?
19567,Xã Ba Lòng,Xã,S?: 1680/NQ-UBTVQH15; Ngày: 16/06/2025,44,T?nh Qu?ng Tr?
19588,Xã Tà R?t,Xã,S?: 1680/NQ-UBTVQH15; Ngày: 16/06/2025,44,T?nh Qu?ng Tr?
19594,Xã La Lay,Xã,S?: 1680/NQ-UBTVQH15; Ngày: 16/06/2025,44,T?nh Qu?ng Tr?
19597,Xã Cam L?,Xã,S?: 1680/NQ-UBTVQH15; Ngày: 16/06/2025,44,T?nh Qu?ng Tr?
19603,Xã Hi?u Giang,Xã,S?: 1680/NQ-UBTVQH15; Ngày: 16/06/2025,44,T?nh Qu?ng Tr?
19624,Xã Tri?u Phong,Xã,S?: 1680/NQ-UBTVQH15; Ngày: 16/06/2025,44,T?nh Qu?ng Tr?
19639,Xã Nam C?a Vi?t,Xã,S?: 1680/NQ-UBTVQH15; Ngày: 16/06/2025,44,T?nh Qu?ng Tr?
19645,Xã Tri?u Bình,Xã,S?: 1680/NQ-UBTVQH15; Ngày: 16/06/2025,44,T?nh Qu?ng Tr?
19654,Xã Tri?u C?,Xã,S?: 1680/NQ-UBTVQH15; Ngày: 16/06/2025,44,T?nh Qu?ng Tr?
19669,Xã Ái T?,Xã,S?: 1680/NQ-UBTVQH15; Ngày: 16/06/2025,44,T?nh Qu?ng Tr?
19681,Xã Diên Sanh,Xã,S?: 1680/NQ-UBTVQH15; Ngày: 16/06/2025,44,T?nh Qu?ng Tr?
19699,Xã V?nh ??nh,Xã,S?: 1680/NQ-UBTVQH15; Ngày: 16/06/2025,44,T?nh Qu?ng Tr?
19702,Xã H?i L?ng,Xã,S?: 1680/NQ-UBTVQH15; Ngày: 16/06/2025,44,T?nh Qu?ng Tr?
19735,Xã Nam H?i L?ng,Xã,S?: 1680/NQ-UBTVQH15; Ngày: 16/06/2025,44,T?nh Qu?ng Tr?
19741,Xã M? Th?y,Xã,S?: 1680/NQ-UBTVQH15; Ngày: 16/06/2025,44,T?nh Qu?ng Tr?
19742,??c khu C?n C?,??c khu,S?: 1680/NQ-UBTVQH15; Ngày: 16/06/2025,44,T?nh Qu?ng Tr?
19753,Ph??ng Phú Xuân,Ph??ng,S?: 1675/NQ-UBTVQH15; Ngày: 16/06/2025,46,Thành ph? Hu?
19774,Ph??ng Kim Long,Ph??ng,S?: 1675/NQ-UBTVQH15; Ngày: 16/06/2025,46,Thành ph? Hu?
19777,Ph??ng V? D?,Ph??ng,S?: 1675/NQ-UBTVQH15; Ngày: 16/06/2025,46,Thành ph? Hu?
19789,Ph??ng Thu?n Hóa,Ph??ng,S?: 1675/NQ-UBTVQH15; Ngày: 16/06/2025,46,Thành ph? Hu?
19804,Ph??ng H??ng An,Ph??ng,S?: 1675/NQ-UBTVQH15; Ngày: 16/06/2025,46,Thành ph? Hu?
19813,Ph??ng Th?y Xuân,Ph??ng,S?: 1675/NQ-UBTVQH15; Ngày: 16/06/2025,46,Thành ph? Hu?
19815,Ph??ng An C?u,Ph??ng,S?: 1675/NQ-UBTVQH15; Ngày: 16/06/2025,46,Thành ph? Hu?
19819,Ph??ng Phong ?i?n,Ph??ng,S?: 1675/NQ-UBTVQH15; Ngày: 16/06/2025,46,Thành ph? Hu?
19828,Ph??ng Phong Phú,Ph??ng,S?: 1675/NQ-UBTVQH15; Ngày: 16/06/2025,46,Thành ph? Hu?
19831,Ph??ng Phong Dinh,Ph??ng,S?: 1675/NQ-UBTVQH15; Ngày: 16/06/2025,46,Thành ph? Hu?
19858,Ph??ng Phong Thái,Ph??ng,S?: 1675/NQ-UBTVQH15; Ngày: 16/06/2025,46,Thành ph? Hu?
19867,Xã Qu?ng ?i?n,Xã,S?: 1675/NQ-UBTVQH15; Ngày: 16/06/2025,46,Thành ph? Hu?
19873,Ph??ng Phong Qu?ng,Ph??ng,S?: 1675/NQ-UBTVQH15; Ngày: 16/06/2025,46,Thành ph? Hu?
19885,Xã ?an ?i?n,Xã,S?: 1675/NQ-UBTVQH15; Ngày: 16/06/2025,46,Thành ph? Hu?
19900,Ph??ng Thu?n An,Ph??ng,S?: 1675/NQ-UBTVQH15; Ngày: 16/06/2025,46,Thành ph? Hu?
19909,Ph??ng D??ng N?,Ph??ng,S?: 1675/NQ-UBTVQH15; Ngày: 16/06/2025,46,Thành ph? Hu?
19918,Xã Phú H?,Xã,S?: 1675/NQ-UBTVQH15; Ngày: 16/06/2025,46,Thành ph? Hu?
19930,Ph??ng M? Th??ng,Ph??ng,S?: 1675/NQ-UBTVQH15; Ngày: 16/06/2025,46,Thành ph? Hu?
19942,Xã Phú Vang,Xã,S?: 1675/NQ-UBTVQH15; Ngày: 16/06/2025,46,Thành ph? Hu?
19945,Xã Phú Vinh,Xã,S?: 1675/NQ-UBTVQH15; Ngày: 16/06/2025,46,Thành ph? Hu?
19960,Ph??ng Phú Bài,Ph??ng,S?: 1675/NQ-UBTVQH15; Ngày: 16/06/2025,46,Thành ph? Hu?
19969,Ph??ng Thanh Th?y,Ph??ng,S?: 1675/NQ-UBTVQH15; Ngày: 16/06/2025,46,Thành ph? Hu?
19975,Ph??ng H??ng Th?y,Ph??ng,S?: 1675/NQ-UBTVQH15; Ngày: 16/06/2025,46,Thành ph? Hu?
19996,Ph??ng H??ng Trà,Ph??ng,S?: 1675/NQ-UBTVQH15; Ngày: 16/06/2025,46,Thành ph? Hu?
20014,Ph??ng Hóa Châu,Ph??ng,S?: 1675/NQ-UBTVQH15; Ngày: 16/06/2025,46,Thành ph? Hu?
20017,Ph??ng Kim Trà,Ph??ng,S?: 1675/NQ-UBTVQH15; Ngày: 16/06/2025,46,Thành ph? Hu?
20035,Xã Bình ?i?n,Xã,S?: 1675/NQ-UBTVQH15; Ngày: 16/06/2025,46,Thành ph? Hu?
20044,Xã A L??i 2,Xã,S?: 1675/NQ-UBTVQH15; Ngày: 16/06/2025,46,Thành ph? Hu?
20050,Xã A L??i 5,Xã,S?: 1675/NQ-UBTVQH15; Ngày: 16/06/2025,46,Thành ph? Hu?
20056,Xã A L??i 1,Xã,S?: 1675/NQ-UBTVQH15; Ngày: 16/06/2025,46,Thành ph? Hu?
20071,Xã A L??i 3,Xã,S?: 1675/NQ-UBTVQH15; Ngày: 16/06/2025,46,Thành ph? Hu?
20101,Xã A L??i 4,Xã,S?: 1675/NQ-UBTVQH15; Ngày: 16/06/2025,46,Thành ph? Hu?
20107,Xã Phú L?c,Xã,S?: 1675/NQ-UBTVQH15; Ngày: 16/06/2025,46,Thành ph? Hu?
20122,Xã Vinh L?c,Xã,S?: 1675/NQ-UBTVQH15; Ngày: 16/06/2025,46,Thành ph? Hu?
20131,Xã H?ng L?c,Xã,S?: 1675/NQ-UBTVQH15; Ngày: 16/06/2025,46,Thành ph? Hu?
20137,Xã Chân Mây - L?ng Cô,Xã,S?: 1675/NQ-UBTVQH15; Ngày: 16/06/2025,46,Thành ph? Hu?
20140,Xã L?c An,Xã,S?: 1675/NQ-UBTVQH15; Ngày: 16/06/2025,46,Thành ph? Hu?
20161,Xã Khe Tre,Xã,S?: 1675/NQ-UBTVQH15; Ngày: 16/06/2025,46,Thành ph? Hu?
20179,Xã Nam ?ông,Xã,S?: 1675/NQ-UBTVQH15; Ngày: 16/06/2025,46,Thành ph? Hu?
20182,Xã Long Qu?ng,Xã,S?: 1675/NQ-UBTVQH15; Ngày: 16/06/2025,46,Thành ph? Hu?
20194,Ph??ng H?i Vân,Ph??ng,S?: 1659/NQ-UBTVQH15; Ngày: 16/06/2025,48,Thành ph? ?à N?ng
20197,Ph??ng Liên Chi?u,Ph??ng,S?: 1659/NQ-UBTVQH15; Ngày: 16/06/2025,48,Thành ph? ?à N?ng
20200,Ph??ng Hòa Khánh,Ph??ng,S?: 1659/NQ-UBTVQH15; Ngày: 16/06/2025,48,Thành ph? ?à N?ng
20209,Ph??ng Thanh Khê,Ph??ng,S?: 1659/NQ-UBTVQH15; Ngày: 16/06/2025,48,Thành ph? ?à N?ng
20242,Ph??ng H?i Châu,Ph??ng,S?: 1659/NQ-UBTVQH15; Ngày: 16/06/2025,48,Thành ph? ?à N?ng
20257,Ph??ng Hòa C??ng,Ph??ng,S?: 1659/NQ-UBTVQH15; Ngày: 16/06/2025,48,Thành ph? ?à N?ng
20260,Ph??ng C?m L?,Ph??ng,S?: 1659/NQ-UBTVQH15; Ngày: 16/06/2025,48,Thành ph? ?à N?ng
20263,Ph??ng S?n Trà,Ph??ng,S?: 1659/NQ-UBTVQH15; Ngày: 16/06/2025,48,Thành ph? ?à N?ng
20275,Ph??ng An H?i,Ph??ng,S?: 1659/NQ-UBTVQH15; Ngày: 16/06/2025,48,Thành ph? ?à N?ng
20285,Ph??ng Ng? Hành S?n,Ph??ng,S?: 1659/NQ-UBTVQH15; Ngày: 16/06/2025,48,Thành ph? ?à N?ng
20305,Ph??ng An Khê,Ph??ng,S?: 1659/NQ-UBTVQH15; Ngày: 16/06/2025,48,Thành ph? ?à N?ng
20308,Xã Bà Nà,Xã,S?: 1659/NQ-UBTVQH15; Ngày: 16/06/2025,48,Thành ph? ?à N?ng
20314,Ph??ng Hòa Xuân,Ph??ng,S?: 1659/NQ-UBTVQH15; Ngày: 16/06/2025,48,Thành ph? ?à N?ng
20320,Xã Hòa Vang,Xã,S?: 1659/NQ-UBTVQH15; Ngày: 16/06/2025,48,Thành ph? ?à N?ng
20332,Xã Hòa Ti?n,Xã,S?: 1659/NQ-UBTVQH15; Ngày: 16/06/2025,48,Thành ph? ?à N?ng
20333,???c khu Hoàng Sa,??c khu,S?: 1659/NQ-UBTVQH15; Ngày: 16/06/2025,48,Thành ph? ?à N?ng
20335,Ph??ng Bàn Th?ch,Ph??ng,S?: 1659/NQ-UBTVQH15; Ngày: 16/06/2025,48,Thành ph? ?à N?ng
20341,Ph??ng Tam K?,Ph??ng,S?: 1659/NQ-UBTVQH15; Ngày: 16/06/2025,48,Thành ph? ?à N?ng
20350,Ph??ng H??ng Trà,Ph??ng,S?: 1659/NQ-UBTVQH15; Ngày: 16/06/2025,48,Thành ph? ?à N?ng
20356,Ph??ng Qu?ng Phú,Ph??ng,S?: 1659/NQ-UBTVQH15; Ngày: 16/06/2025,48,Thành ph? ?à N?ng
20364,Xã Chiên ?àn,Xã,S?: 1659/NQ-UBTVQH15; Ngày: 16/06/2025,48,Thành ph? ?à N?ng
20380,Xã Tây H?,Xã,S?: 1659/NQ-UBTVQH15; Ngày: 16/06/2025,48,Thành ph? ?à N?ng
20392,Xã Phú Ninh,Xã,S?: 1659/NQ-UBTVQH15; Ngày: 16/06/2025,48,Thành ph? ?à N?ng
20401,Ph??ng H?i An Tây,Ph??ng,S?: 1659/NQ-UBTVQH15; Ngày: 16/06/2025,48,Thành ph? ?à N?ng
20410,Ph??ng H?i An,Ph??ng,S?: 1659/NQ-UBTVQH15; Ngày: 16/06/2025,48,Thành ph? ?à N?ng
20413,Ph??ng H?i An ?ông,Ph??ng,S?: 1659/NQ-UBTVQH15; Ngày: 16/06/2025,48,Thành ph? ?à N?ng
20434,Xã Tân Hi?p,Xã,S?: 1659/NQ-UBTVQH15; Ngày: 16/06/2025,48,Thành ph? ?à N?ng
20443,Xã Hùng S?n,Xã,S?: 1659/NQ-UBTVQH15; Ngày: 16/06/2025,48,Thành ph? ?à N?ng
20455,Xã Tây Giang,Xã,S?: 1659/NQ-UBTVQH15; Ngày: 16/06/2025,48,Thành ph? ?à N?ng
20458,Xã Av??ng,Xã,S?: 1659/NQ-UBTVQH15; Ngày: 16/06/2025,48,Thành ph? ?à N?ng
20467,Xã ?ông Giang,Xã,S?: 1659/NQ-UBTVQH15; Ngày: 16/06/2025,48,Thành ph? ?à N?ng
20476,Xã Sông Kôn,Xã,S?: 1659/NQ-UBTVQH15; Ngày: 16/06/2025,48,Thành ph? ?à N?ng
20485,Xã Sông Vàng,Xã,S?: 1659/NQ-UBTVQH15; Ngày: 16/06/2025,48,Thành ph? ?à N?ng
20494,Xã B?n Hiên,Xã,S?: 1659/NQ-UBTVQH15; Ngày: 16/06/2025,48,Thành ph? ?à N?ng
20500,Xã ??i L?c,Xã,S?: 1659/NQ-UBTVQH15; Ngày: 16/06/2025,48,Thành ph? ?à N?ng
20506,Xã Th??ng ??c,Xã,S?: 1659/NQ-UBTVQH15; Ngày: 16/06/2025,48,Thành ph? ?à N?ng
20515,Xã Hà Nha,Xã,S?: 1659/NQ-UBTVQH15; Ngày: 16/06/2025,48,Thành ph? ?à N?ng
20539,Xã Vu Gia,Xã,S?: 1659/NQ-UBTVQH15; Ngày: 16/06/2025,48,Thành ph? ?à N?ng
20542,Xã Phú Thu?n,Xã,S?: 1659/NQ-UBTVQH15; Ngày: 16/06/2025,48,Thành ph? ?à N?ng
20551,Ph??ng ?i?n Bàn,Ph??ng,S?: 1659/NQ-UBTVQH15; Ngày: 16/06/2025,48,Thành ph? ?à N?ng
20557,Ph??ng ?i?n Bàn B?c,Ph??ng,S?: 1659/NQ-UBTVQH15; Ngày: 16/06/2025,48,Thành ph? ?à N?ng
20569,Xã ?i?n Bàn Tây,Xã,S?: 1659/NQ-UBTVQH15; Ngày: 16/06/2025,48,Thành ph? ?à N?ng
20575,Ph??ng An Th?ng,Ph??ng,S?: 1659/NQ-UBTVQH15; Ngày: 16/06/2025,48,Thành ph? ?à N?ng
20579,Ph??ng ?i?n Bàn ?ông,Ph??ng,S?: 1659/NQ-UBTVQH15; Ngày: 16/06/2025,48,Thành ph? ?à N?ng
20587,Xã Gò N?i,Xã,S?: 1659/NQ-UBTVQH15; Ngày: 16/06/2025,48,Thành ph? ?à N?ng
20599,Xã Nam Ph??c,Xã,S?: 1659/NQ-UBTVQH15; Ngày: 16/06/2025,48,Thành ph? ?à N?ng
20611,Xã Thu B?n,Xã,S?: 1659/NQ-UBTVQH15; Ngày: 16/06/2025,48,Thành ph? ?à N?ng
20623,Xã Duy Xuyên,Xã,S?: 1659/NQ-UBTVQH15; Ngày: 16/06/2025,48,Thành ph? ?à N?ng
20635,Xã Duy Ngh?a,Xã,S?: 1659/NQ-UBTVQH15; Ngày: 16/06/2025,48,Thành ph? ?à N?ng
20641,Xã Qu? S?n,Xã,S?: 1659/NQ-UBTVQH15; Ngày: 16/06/2025,48,Thành ph? ?à N?ng
20650,Xã Xuân Phú,Xã,S?: 1659/NQ-UBTVQH15; Ngày: 16/06/2025,48,Thành ph? ?à N?ng
20656,Xã Nông S?n,Xã,S?: 1659/NQ-UBTVQH15; Ngày: 16/06/2025,48,Thành ph? ?à N?ng
20662,Xã Qu? S?n Trung,Xã,S?: 1659/NQ-UBTVQH15; Ngày: 16/06/2025,48,Thành ph? ?à N?ng
20669,Xã Qu? Ph??c,Xã,S?: 1659/NQ-UBTVQH15; Ngày: 16/06/2025,48,Thành ph? ?à N?ng
20695,Xã Th?nh M?,Xã,S?: 1659/NQ-UBTVQH15; Ngày: 16/06/2025,48,Thành ph? ?à N?ng
20698,Xã La Êê,Xã,S?: 1659/NQ-UBTVQH15; Ngày: 16/06/2025,48,Thành ph? ?à N?ng
20704,Xã La Dêê,Xã,S?: 1659/NQ-UBTVQH15; Ngày: 16/06/2025,48,Thành ph? ?à N?ng
20707,Xã Nam Giang,Xã,S?: 1659/NQ-UBTVQH15; Ngày: 16/06/2025,48,Thành ph? ?à N?ng
20710,Xã B?n Gi?ng,Xã,S?: 1659/NQ-UBTVQH15; Ngày: 16/06/2025,48,Thành ph? ?à N?ng
20716,Xã ??c Pring,Xã,S?: 1659/NQ-UBTVQH15; Ngày: 16/06/2025,48,Thành ph? ?à N?ng
20722,Xã Khâm ??c,Xã,S?: 1659/NQ-UBTVQH15; Ngày: 16/06/2025,48,Thành ph? ?à N?ng
20728,Xã Ph??c Hi?p,Xã,S?: 1659/NQ-UBTVQH15; Ngày: 16/06/2025,48,Thành ph? ?à N?ng
20734,Xã Ph??c N?ng,Xã,S?: 1659/NQ-UBTVQH15; Ngày: 16/06/2025,48,Thành ph? ?à N?ng
20740,Xã Ph??c Chánh,Xã,S?: 1659/NQ-UBTVQH15; Ngày: 16/06/2025,48,Thành ph? ?à N?ng
20752,Xã Ph??c Thành,Xã,S?: 1659/NQ-UBTVQH15; Ngày: 16/06/2025,48,Thành ph? ?à N?ng
20767,Xã Vi?t An,Xã,S?: 1659/NQ-UBTVQH15; Ngày: 16/06/2025,48,Thành ph? ?à N?ng
20770,Xã Ph??c Trà,Xã,S?: 1659/NQ-UBTVQH15; Ngày: 16/06/2025,48,Thành ph? ?à N?ng
20779,Xã Hi?p ??c,Xã,S?: 1659/NQ-UBTVQH15; Ngày: 16/06/2025,48,Thành ph? ?à N?ng
20791,Xã Th?ng Bình,Xã,S?: 1659/NQ-UBTVQH15; Ngày: 16/06/2025,48,Thành ph? ?à N?ng
20794,Xã Th?ng An,Xã,S?: 1659/NQ-UBTVQH15; Ngày: 16/06/2025,48,Thành ph? ?à N?ng
20818,Xã ??ng D??ng,Xã,S?: 1659/NQ-UBTVQH15; Ngày: 16/06/2025,48,Thành ph? ?à N?ng
20827,Xã Th?ng Phú,Xã,S?: 1659/NQ-UBTVQH15; Ngày: 16/06/2025,48,Thành ph? ?à N?ng
20836,Xã Th?ng Tr??ng,Xã,S?: 1659/NQ-UBTVQH15; Ngày: 16/06/2025,48,Thành ph? ?à N?ng
20848,Xã Th?ng ?i?n,Xã,S?: 1659/NQ-UBTVQH15; Ngày: 16/06/2025,48,Thành ph? ?à N?ng
20854,Xã Tiên Ph??c,Xã,S?: 1659/NQ-UBTVQH15; Ngày: 16/06/2025,48,Thành ph? ?à N?ng
20857,Xã S?n C?m Hà,Xã,S?: 1659/NQ-UBTVQH15; Ngày: 16/06/2025,48,Thành ph? ?à N?ng
20875,Xã Lãnh Ng?c,Xã,S?: 1659/NQ-UBTVQH15; Ngày: 16/06/2025,48,Thành ph? ?à N?ng
20878,Xã Th?nh Bình,Xã,S?: 1659/NQ-UBTVQH15; Ngày: 16/06/2025,48,Thành ph? ?à N?ng
20900,Xã Trà My,Xã,S?: 1659/NQ-UBTVQH15; Ngày: 16/06/2025,48,Thành ph? ?à N?ng
20908,Xã Trà Liên,Xã,S?: 1659/NQ-UBTVQH15; Ngày: 16/06/2025,48,Thành ph? ?à N?ng
20920,Xã Trà ??c,Xã,S?: 1659/NQ-UBTVQH15; Ngày: 16/06/2025,48,Thành ph? ?à N?ng
20923,Xã Trà Tân,Xã,S?: 1659/NQ-UBTVQH15; Ngày: 16/06/2025,48,Thành ph? ?à N?ng
20929,Xã Trà Giáp,Xã,S?: 1659/NQ-UBTVQH15; Ngày: 16/06/2025,48,Thành ph? ?à N?ng
20938,Xã Trà Leng,Xã,S?: 1659/NQ-UBTVQH15; Ngày: 16/06/2025,48,Thành ph? ?à N?ng
20941,Xã Trà T?p,Xã,S?: 1659/NQ-UBTVQH15; Ngày: 16/06/2025,48,Thành ph? ?à N?ng
20944,Xã Nam Trà My,Xã,S?: 1659/NQ-UBTVQH15; Ngày: 16/06/2025,48,Thành ph? ?à N?ng
20950,Xã Trà Linh,Xã,S?: 1659/NQ-UBTVQH15; Ngày: 16/06/2025,48,Thành ph? ?à N?ng
20959,Xã Trà Vân,Xã,S?: 1659/NQ-UBTVQH15; Ngày: 16/06/2025,48,Thành ph? ?à N?ng
20965,Xã Núi Thành,Xã,S?: 1659/NQ-UBTVQH15; Ngày: 16/06/2025,48,Thành ph? ?à N?ng
20971,Xã Tam Xuân,Xã,S?: 1659/NQ-UBTVQH15; Ngày: 16/06/2025,48,Thành ph? ?à N?ng
20977,Xã ??c Phú,Xã,S?: 1659/NQ-UBTVQH15; Ngày: 16/06/2025,48,Thành ph? ?à N?ng
20984,Xã Tam Anh,Xã,S?: 1659/NQ-UBTVQH15; Ngày: 16/06/2025,48,Thành ph? ?à N?ng
20992,Xã Tam H?i,Xã,S?: 1659/NQ-UBTVQH15; Ngày: 16/06/2025,48,Thành ph? ?à N?ng
21004,Xã Tam M?,Xã,S?: 1659/NQ-UBTVQH15; Ngày: 16/06/2025,48,Thành ph? ?à N?ng
21025,Ph??ng C?m Thành,Ph??ng,S?: 1677/NQ-UBTVQH15; Ngày: 16/06/2025,51,T?nh Qu?ng Ngãi
21028,Ph??ng Ngh?a L?,Ph??ng,S?: 1677/NQ-UBTVQH15; Ngày: 16/06/2025,51,T?nh Qu?ng Ngãi
21034,Xã An Phú,Xã,S?: 1677/NQ-UBTVQH15; Ngày: 16/06/2025,51,T?nh Qu?ng Ngãi
21040,Xã Bình S?n,Xã,S?: 1677/NQ-UBTVQH15; Ngày: 16/06/2025,51,T?nh Qu?ng Ngãi
21061,Xã V?n T??ng,Xã,S?: 1677/NQ-UBTVQH15; Ngày: 16/06/2025,51,T?nh Qu?ng Ngãi
21085,Xã Bình Minh,Xã,S?: 1677/NQ-UBTVQH15; Ngày: 16/06/2025,51,T?nh Qu?ng Ngãi
21100,Xã Bình Ch??ng,Xã,S?: 1677/NQ-UBTVQH15; Ngày: 16/06/2025,51,T?nh Qu?ng Ngãi
21109,Xã ?ông S?n,Xã,S?: 1677/NQ-UBTVQH15; Ngày: 16/06/2025,51,T?nh Qu?ng Ngãi
21115,Xã Trà B?ng,Xã,S?: 1677/NQ-UBTVQH15; Ngày: 16/06/2025,51,T?nh Qu?ng Ngãi
21124,Xã Thanh B?ng,Xã,S?: 1677/NQ-UBTVQH15; Ngày: 16/06/2025,51,T?nh Qu?ng Ngãi
21127,Xã ?ông Trà B?ng,Xã,S?: 1677/NQ-UBTVQH15; Ngày: 16/06/2025,51,T?nh Qu?ng Ngãi
21136,Xã Cà ?am,Xã,S?: 1677/NQ-UBTVQH15; Ngày: 16/06/2025,51,T?nh Qu?ng Ngãi
21154,Xã Tây Trà,Xã,S?: 1677/NQ-UBTVQH15; Ngày: 16/06/2025,51,T?nh Qu?ng Ngãi
21157,Xã Tây Trà B?ng,Xã,S?: 1677/NQ-UBTVQH15; Ngày: 16/06/2025,51,T?nh Qu?ng Ngãi
21172,Ph??ng Tr??ng Quang Tr?ng,Ph??ng,S?: 1677/NQ-UBTVQH15; Ngày: 16/06/2025,51,T?nh Qu?ng Ngãi
21181,Xã Th? Phong,Xã,S?: 1677/NQ-UBTVQH15; Ngày: 16/06/2025,51,T?nh Qu?ng Ngãi
21196,Xã Tr??ng Giang,Xã,S?: 1677/NQ-UBTVQH15; Ngày: 16/06/2025,51,T?nh Qu?ng Ngãi
21205,Xã Ba Gia,Xã,S?: 1677/NQ-UBTVQH15; Ngày: 16/06/2025,51,T?nh Qu?ng Ngãi
21211,Xã T?nh Khê,Xã,S?: 1677/NQ-UBTVQH15; Ngày: 16/06/2025,51,T?nh Qu?ng Ngãi
21220,Xã S?n T?nh,Xã,S?: 1677/NQ-UBTVQH15; Ngày: 16/06/2025,51,T?nh Qu?ng Ngãi
21235,Xã T? Ngh?a,Xã,S?: 1677/NQ-UBTVQH15; Ngày: 16/06/2025,51,T?nh Qu?ng Ngãi
21238,Xã V? Giang,Xã,S?: 1677/NQ-UBTVQH15; Ngày: 16/06/2025,51,T?nh Qu?ng Ngãi
21244,Xã Trà Giang,Xã,S?: 1677/NQ-UBTVQH15; Ngày: 16/06/2025,51,T?nh Qu?ng Ngãi
21250,Xã Ngh?a Giang,Xã,S?: 1677/NQ-UBTVQH15; Ngày: 16/06/2025,51,T?nh Qu?ng Ngãi
21289,Xã S?n Hà,Xã,S?: 1677/NQ-UBTVQH15; Ngày: 16/06/2025,51,T?nh Qu?ng Ngãi
21292,Xã S?n H?,Xã,S?: 1677/NQ-UBTVQH15; Ngày: 16/06/2025,51,T?nh Qu?ng Ngãi
21307,Xã S?n Linh,Xã,S?: 1677/NQ-UBTVQH15; Ngày: 16/06/2025,51,T?nh Qu?ng Ngãi
21319,Xã S?n Th?y,Xã,S?: 1677/NQ-UBTVQH15; Ngày: 16/06/2025,51,T?nh Qu?ng Ngãi
21325,Xã S?n K?,Xã,S?: 1677/NQ-UBTVQH15; Ngày: 16/06/2025,51,T?nh Qu?ng Ngãi
21334,Xã S?n Tây Th??ng,Xã,S?: 1677/NQ-UBTVQH15; Ngày: 16/06/2025,51,T?nh Qu?ng Ngãi
21340,Xã S?n Tây,Xã,S?: 1677/NQ-UBTVQH15; Ngày: 16/06/2025,51,T?nh Qu?ng Ngãi
21343,Xã S?n Tây H?,Xã,S?: 1677/NQ-UBTVQH15; Ngày: 16/06/2025,51,T?nh Qu?ng Ngãi
21349,Xã S?n Mai,Xã,S?: 1677/NQ-UBTVQH15; Ngày: 16/06/2025,51,T?nh Qu?ng Ngãi
21361,Xã Minh Long,Xã,S?: 1677/NQ-UBTVQH15; Ngày: 16/06/2025,51,T?nh Qu?ng Ngãi
21364,Xã Ngh?a Hành,Xã,S?: 1677/NQ-UBTVQH15; Ngày: 16/06/2025,51,T?nh Qu?ng Ngãi
21370,Xã Ph??c Giang,Xã,S?: 1677/NQ-UBTVQH15; Ngày: 16/06/2025,51,T?nh Qu?ng Ngãi
21385,Xã ?ình C??ng,Xã,S?: 1677/NQ-UBTVQH15; Ngày: 16/06/2025,51,T?nh Qu?ng Ngãi
21388,Xã Thi?n Tín,Xã,S?: 1677/NQ-UBTVQH15; Ngày: 16/06/2025,51,T?nh Qu?ng Ngãi
21400,Xã M? ??c,Xã,S?: 1677/NQ-UBTVQH15; Ngày: 16/06/2025,51,T?nh Qu?ng Ngãi
21409,Xã Long Ph?ng,Xã,S?: 1677/NQ-UBTVQH15; Ngày: 16/06/2025,51,T?nh Qu?ng Ngãi
21421,Xã M? Cày,Xã,S?: 1677/NQ-UBTVQH15; Ngày: 16/06/2025,51,T?nh Qu?ng Ngãi
21433,Xã Lân Phong,Xã,S?: 1677/NQ-UBTVQH15; Ngày: 16/06/2025,51,T?nh Qu?ng Ngãi
21439,Ph??ng ??c Ph?,Ph??ng,S?: 1677/NQ-UBTVQH15; Ngày: 16/06/2025,51,T?nh Qu?ng Ngãi
21451,Ph??ng Trà Câu,Ph??ng,S?: 1677/NQ-UBTVQH15; Ngày: 16/06/2025,51,T?nh Qu?ng Ngãi
21457,Xã Nguy?n Nghiêm,Xã,S?: 1677/NQ-UBTVQH15; Ngày: 16/06/2025,51,T?nh Qu?ng Ngãi
21472,Xã Khánh C??ng,Xã,S?: 1677/NQ-UBTVQH15; Ngày: 16/06/2025,51,T?nh Qu?ng Ngãi
21478,Ph??ng Sa Hu?nh,Ph??ng,S?: 1677/NQ-UBTVQH15; Ngày: 16/06/2025,51,T?nh Qu?ng Ngãi
21484,Xã Ba T?,Xã,S?: 1677/NQ-UBTVQH15; Ngày: 16/06/2025,51,T?nh Qu?ng Ngãi
21490,Xã Ba Vinh,Xã,S?: 1677/NQ-UBTVQH15; Ngày: 16/06/2025,51,T?nh Qu?ng Ngãi
21496,Xã Ba ??ng,Xã,S?: 1677/NQ-UBTVQH15; Ngày: 16/06/2025,51,T?nh Qu?ng Ngãi
21499,Xã Ba Dinh,Xã,S?: 1677/NQ-UBTVQH15; Ngày: 16/06/2025,51,T?nh Qu?ng Ngãi
21520,Xã ??ng Thùy Trâm,Xã,S?: 1677/NQ-UBTVQH15; Ngày: 16/06/2025,51,T?nh Qu?ng Ngãi
21523,Xã Ba Tô,Xã,S?: 1677/NQ-UBTVQH15; Ngày: 16/06/2025,51,T?nh Qu?ng Ngãi
21529,Xã Ba Vì,Xã,S?: 1677/NQ-UBTVQH15; Ngày: 16/06/2025,51,T?nh Qu?ng Ngãi
21538,Xã Ba Xa,Xã,S?: 1677/NQ-UBTVQH15; Ngày: 16/06/2025,51,T?nh Qu?ng Ngãi
21548,??c khu Lý S?n,??c khu,S?: 1677/NQ-UBTVQH15; Ngày: 16/06/2025,51,T?nh Qu?ng Ngãi
23284,Ph??ng ??k C?m,Ph??ng,S?: 1677/NQ-UBTVQH15; Ngày: 16/06/2025,51,T?nh Qu?ng Ngãi
23293,Ph??ng Kon Tum,Ph??ng,S?: 1677/NQ-UBTVQH15; Ngày: 16/06/2025,51,T?nh Qu?ng Ngãi
23302,Ph??ng ??k Bla,Ph??ng,S?: 1677/NQ-UBTVQH15; Ngày: 16/06/2025,51,T?nh Qu?ng Ngãi
23317,Xã Ng?k Bay,Xã,S?: 1677/NQ-UBTVQH15; Ngày: 16/06/2025,51,T?nh Qu?ng Ngãi
23326,Xã Ia Chim,Xã,S?: 1677/NQ-UBTVQH15; Ngày: 16/06/2025,51,T?nh Qu?ng Ngãi
23332,Xã ??k R? Wa,Xã,S?: 1677/NQ-UBTVQH15; Ngày: 16/06/2025,51,T?nh Qu?ng Ngãi
23341,Xã ??k Pék,Xã,S?: 1677/NQ-UBTVQH15; Ngày: 16/06/2025,51,T?nh Qu?ng Ngãi
23344,Xã ??k Plô,Xã,S?: 1677/NQ-UBTVQH15; Ngày: 16/06/2025,51,T?nh Qu?ng Ngãi
23356,Xã X?p,Xã,S?: 1677/NQ-UBTVQH15; Ngày: 16/06/2025,51,T?nh Qu?ng Ngãi
23365,Xã Ng?c Linh,Xã,S?: 1677/NQ-UBTVQH15; Ngày: 16/06/2025,51,T?nh Qu?ng Ngãi
23368,Xã ??k Long,Xã,S?: 1677/NQ-UBTVQH15; Ngày: 16/06/2025,51,T?nh Qu?ng Ngãi
23374,Xã ??k Môn,Xã,S?: 1677/NQ-UBTVQH15; Ngày: 16/06/2025,51,T?nh Qu?ng Ngãi
23377,Xã B? Y,Xã,S?: 1677/NQ-UBTVQH15; Ngày: 16/06/2025,51,T?nh Qu?ng Ngãi
23383,Xã D?c Nông,Xã,S?: 1677/NQ-UBTVQH15; Ngày: 16/06/2025,51,T?nh Qu?ng Ngãi
23392,Xã Sa Loong,Xã,S?: 1677/NQ-UBTVQH15; Ngày: 16/06/2025,51,T?nh Qu?ng Ngãi
23401,Xã ??k Tô,Xã,S?: 1677/NQ-UBTVQH15; Ngày: 16/06/2025,51,T?nh Qu?ng Ngãi
23416,Xã ??k Sao,Xã,S?: 1677/NQ-UBTVQH15; Ngày: 16/06/2025,51,T?nh Qu?ng Ngãi
23419,Xã ??k T? Kan,Xã,S?: 1677/NQ-UBTVQH15; Ngày: 16/06/2025,51,T?nh Qu?ng Ngãi
23425,Xã Tu M? Rông,Xã,S?: 1677/NQ-UBTVQH15; Ngày: 16/06/2025,51,T?nh Qu?ng Ngãi
23428,Xã Ng?k T?,Xã,S?: 1677/NQ-UBTVQH15; Ngày: 16/06/2025,51,T?nh Qu?ng Ngãi
23430,Xã Kon ?ào,Xã,S?: 1677/NQ-UBTVQH15; Ngày: 16/06/2025,51,T?nh Qu?ng Ngãi
23446,Xã M?ng Ri,Xã,S?: 1677/NQ-UBTVQH15; Ngày: 16/06/2025,51,T?nh Qu?ng Ngãi
23455,Xã M?ng Bút,Xã,S?: 1677/NQ-UBTVQH15; Ngày: 16/06/2025,51,T?nh Qu?ng Ngãi
23473,Xã M?ng ?en,Xã,S?: 1677/NQ-UBTVQH15; Ngày: 16/06/2025,51,T?nh Qu?ng Ngãi
23476,Xã Kon Plông,Xã,S?: 1677/NQ-UBTVQH15; Ngày: 16/06/2025,51,T?nh Qu?ng Ngãi
23479,Xã ??k Rve,Xã,S?: 1677/NQ-UBTVQH15; Ngày: 16/06/2025,51,T?nh Qu?ng Ngãi
23485,Xã ??k Kôi,Xã,S?: 1677/NQ-UBTVQH15; Ngày: 16/06/2025,51,T?nh Qu?ng Ngãi
23497,Xã Kon Braih,Xã,S?: 1677/NQ-UBTVQH15; Ngày: 16/06/2025,51,T?nh Qu?ng Ngãi
23500,Xã ??k Hà,Xã,S?: 1677/NQ-UBTVQH15; Ngày: 16/06/2025,51,T?nh Qu?ng Ngãi
23504,Xã ??k Pxi,Xã,S?: 1677/NQ-UBTVQH15; Ngày: 16/06/2025,51,T?nh Qu?ng Ngãi
23510,Xã ??k Ui,Xã,S?: 1677/NQ-UBTVQH15; Ngày: 16/06/2025,51,T?nh Qu?ng Ngãi
23512,Xã ??k Mar,Xã,S?: 1677/NQ-UBTVQH15; Ngày: 16/06/2025,51,T?nh Qu?ng Ngãi
23515,Xã Ng?k Réo,Xã,S?: 1677/NQ-UBTVQH15; Ngày: 16/06/2025,51,T?nh Qu?ng Ngãi
23527,Xã Sa Th?y,Xã,S?: 1677/NQ-UBTVQH15; Ngày: 16/06/2025,51,T?nh Qu?ng Ngãi
23530,Xã R? K?i,Xã,S?: 1677/NQ-UBTVQH15; Ngày: 16/06/2025,51,T?nh Qu?ng Ngãi
23534,Xã Sa Bình,Xã,S?: 1677/NQ-UBTVQH15; Ngày: 16/06/2025,51,T?nh Qu?ng Ngãi
23535,Xã Ia ?al,Xã,S?: 1677/NQ-UBTVQH15; Ngày: 16/06/2025,51,T?nh Qu?ng Ngãi
23536,Xã Mô Rai,Xã,S?: 1677/NQ-UBTVQH15; Ngày: 16/06/2025,51,T?nh Qu?ng Ngãi
23538,Xã Ia T?i,Xã,S?: 1677/NQ-UBTVQH15; Ngày: 16/06/2025,51,T?nh Qu?ng Ngãi
23548,Xã Ya Ly,Xã,S?: 1677/NQ-UBTVQH15; Ngày: 16/06/2025,51,T?nh Qu?ng Ngãi
21553,Ph??ng Quy Nh?n B?c,Ph??ng,S?: 1664/NQ-UBTVQH15; Ngày: 16/06/2025,52,T?nh Gia Lai
21583,Ph??ng Quy Nh?n,Ph??ng,S?: 1664/NQ-UBTVQH15; Ngày: 16/06/2025,52,T?nh Gia Lai
21589,Ph??ng Quy Nh?n Tây,Ph??ng,S?: 1664/NQ-UBTVQH15; Ngày: 16/06/2025,52,T?nh Gia Lai
21592,Ph??ng Quy Nh?n Nam,Ph??ng,S?: 1664/NQ-UBTVQH15; Ngày: 16/06/2025,52,T?nh Gia Lai
21601,Ph??ng Quy Nh?n ?ông,Ph??ng,S?: 1664/NQ-UBTVQH15; Ngày: 16/06/2025,52,T?nh Gia Lai
21607,Xã Nh?n Châu,Xã,S?: 1664/NQ-UBTVQH15; Ngày: 16/06/2025,52,T?nh Gia Lai
21609,Xã An Lão,Xã,S?: 1664/NQ-UBTVQH15; Ngày: 16/06/2025,52,T?nh Gia Lai
21616,Xã An Vinh,Xã,S?: 1664/NQ-UBTVQH15; Ngày: 16/06/2025,52,T?nh Gia Lai
21622,Xã An Toàn,Xã,S?: 1664/NQ-UBTVQH15; Ngày: 16/06/2025,52,T?nh Gia Lai
21628,Xã An Hòa,Xã,S?: 1664/NQ-UBTVQH15; Ngày: 16/06/2025,52,T?nh Gia Lai
21637,Ph??ng Tam Quan,Ph??ng,S?: 1664/NQ-UBTVQH15; Ngày: 16/06/2025,52,T?nh Gia Lai
21640,Ph??ng B?ng S?n,Ph??ng,S?: 1664/NQ-UBTVQH15; Ngày: 16/06/2025,52,T?nh Gia Lai
21655,Ph??ng Hoài Nh?n B?c,Ph??ng,S?: 1664/NQ-UBTVQH15; Ngày: 16/06/2025,52,T?nh Gia Lai
21661,Ph??ng Hoài Nh?n Tây,Ph??ng,S?: 1664/NQ-UBTVQH15; Ngày: 16/06/2025,52,T?nh Gia Lai
21664,Ph??ng Hoài Nh?n,Ph??ng,S?: 1664/NQ-UBTVQH15; Ngày: 16/06/2025,52,T?nh Gia Lai
21670,Ph??ng Hoài Nh?n ?ông,Ph??ng,S?: 1664/NQ-UBTVQH15; Ngày: 16/06/2025,52,T?nh Gia Lai
21673,Ph??ng Hoài Nh?n Nam,Ph??ng,S?: 1664/NQ-UBTVQH15; Ngày: 16/06/2025,52,T?nh Gia Lai
21688,Xã Hoài Ân,Xã,S?: 1664/NQ-UBTVQH15; Ngày: 16/06/2025,52,T?nh Gia Lai
21697,Xã Ân H?o,Xã,S?: 1664/NQ-UBTVQH15; Ngày: 16/06/2025,52,T?nh Gia Lai
21703,Xã V?n ??c,Xã,S?: 1664/NQ-UBTVQH15; Ngày: 16/06/2025,52,T?nh Gia Lai
21715,Xã Ân T??ng,Xã,S?: 1664/NQ-UBTVQH15; Ngày: 16/06/2025,52,T?nh Gia Lai
21727,Xã Kim S?n,Xã,S?: 1664/NQ-UBTVQH15; Ngày: 16/06/2025,52,T?nh Gia Lai
21730,Xã Phù M?,Xã,S?: 1664/NQ-UBTVQH15; Ngày: 16/06/2025,52,T?nh Gia Lai
21733,Xã Bình D??ng,Xã,S?: 1664/NQ-UBTVQH15; Ngày: 16/06/2025,52,T?nh Gia Lai
21739,Xã Phù M? B?c,Xã,S?: 1664/NQ-UBTVQH15; Ngày: 16/06/2025,52,T?nh Gia Lai
21751,Xã Phù M? ?ông,Xã,S?: 1664/NQ-UBTVQH15; Ngày: 16/06/2025,52,T?nh Gia Lai
21757,Xã Phù M? Tây,Xã,S?: 1664/NQ-UBTVQH15; Ngày: 16/06/2025,52,T?nh Gia Lai
21769,Xã An L??ng,Xã,S?: 1664/NQ-UBTVQH15; Ngày: 16/06/2025,52,T?nh Gia Lai
21775,Xã Phù M? Nam,Xã,S?: 1664/NQ-UBTVQH15; Ngày: 16/06/2025,52,T?nh Gia Lai
21786,Xã V?nh Th?nh,Xã,S?: 1664/NQ-UBTVQH15; Ngày: 16/06/2025,52,T?nh Gia Lai
21787,Xã V?nh S?n,Xã,S?: 1664/NQ-UBTVQH15; Ngày: 16/06/2025,52,T?nh Gia Lai
21796,Xã V?nh Th?nh,Xã,S?: 1664/NQ-UBTVQH15; Ngày: 16/06/2025,52,T?nh Gia Lai
21805,Xã V?nh Quang,Xã,S?: 1664/NQ-UBTVQH15; Ngày: 16/06/2025,52,T?nh Gia Lai
21808,Xã Tây S?n,Xã,S?: 1664/NQ-UBTVQH15; Ngày: 16/06/2025,52,T?nh Gia Lai
21817,Xã Bình Hi?p,Xã,S?: 1664/NQ-UBTVQH15; Ngày: 16/06/2025,52,T?nh Gia Lai
21820,Xã Bình Khê,Xã,S?: 1664/NQ-UBTVQH15; Ngày: 16/06/2025,52,T?nh Gia Lai
21829,Xã Bình An,Xã,S?: 1664/NQ-UBTVQH15; Ngày: 16/06/2025,52,T?nh Gia Lai
21835,Xã Bình Phú,Xã,S?: 1664/NQ-UBTVQH15; Ngày: 16/06/2025,52,T?nh Gia Lai
21853,Xã Phù Cát,Xã,S?: 1664/NQ-UBTVQH15; Ngày: 16/06/2025,52,T?nh Gia Lai
21859,Xã ?? Gi,Xã,S?: 1664/NQ-UBTVQH15; Ngày: 16/06/2025,52,T?nh Gia Lai
21868,Xã H?i S?n,Xã,S?: 1664/NQ-UBTVQH15; Ngày: 16/06/2025,52,T?nh Gia Lai
21871,Xã Hòa H?i,Xã,S?: 1664/NQ-UBTVQH15; Ngày: 16/06/2025,52,T?nh Gia Lai
21880,Xã Cát Ti?n,Xã,S?: 1664/NQ-UBTVQH15; Ngày: 16/06/2025,52,T?nh Gia Lai
21892,Xã Xuân An,Xã,S?: 1664/NQ-UBTVQH15; Ngày: 16/06/2025,52,T?nh Gia Lai
21901,Xã Ngô Mây,Xã,S?: 1664/NQ-UBTVQH15; Ngày: 16/06/2025,52,T?nh Gia Lai
21907,Ph??ng Bình ??nh,Ph??ng,S?: 1664/NQ-UBTVQH15; Ngày: 16/06/2025,52,T?nh Gia Lai
21910,Ph??ng An Nh?n,Ph??ng,S?: 1664/NQ-UBTVQH15; Ngày: 16/06/2025,52,T?nh Gia Lai
21925,Ph??ng An Nh?n B?c,Ph??ng,S?: 1664/NQ-UBTVQH15; Ngày: 16/06/2025,52,T?nh Gia Lai
21934,Ph??ng An Nh?n ?ông,Ph??ng,S?: 1664/NQ-UBTVQH15; Ngày: 16/06/2025,52,T?nh Gia Lai
21940,Xã An Nh?n Tây,Xã,S?: 1664/NQ-UBTVQH15; Ngày: 16/06/2025,52,T?nh Gia Lai
21943,Ph??ng An Nh?n Nam,Ph??ng,S?: 1664/NQ-UBTVQH15; Ngày: 16/06/2025,52,T?nh Gia Lai
21952,Xã Tuy Ph??c,Xã,S?: 1664/NQ-UBTVQH15; Ngày: 16/06/2025,52,T?nh Gia Lai
21964,Xã Tuy Ph??c B?c,Xã,S?: 1664/NQ-UBTVQH15; Ngày: 16/06/2025,52,T?nh Gia Lai
21970,Xã Tuy Ph??c ?ông,Xã,S?: 1664/NQ-UBTVQH15; Ngày: 16/06/2025,52,T?nh Gia Lai
21985,Xã Tuy Ph??c Tây,Xã,S?: 1664/NQ-UBTVQH15; Ngày: 16/06/2025,52,T?nh Gia Lai
21994,Xã Vân Canh,Xã,S?: 1664/NQ-UBTVQH15; Ngày: 16/06/2025,52,T?nh Gia Lai
21997,Xã Canh Liên,Xã,S?: 1664/NQ-UBTVQH15; Ngày: 16/06/2025,52,T?nh Gia Lai
22006,Xã Canh Vinh,Xã,S?: 1664/NQ-UBTVQH15; Ngày: 16/06/2025,52,T?nh Gia Lai
23563,Ph??ng Diên H?ng,Ph??ng,S?: 1664/NQ-UBTVQH15; Ngày: 16/06/2025,52,T?nh Gia Lai
23575,Ph??ng Pleiku,Ph??ng,S?: 1664/NQ-UBTVQH15; Ngày: 16/06/2025,52,T?nh Gia Lai
23584,Ph??ng Th?ng Nh?t,Ph??ng,S?: 1664/NQ-UBTVQH15; Ngày: 16/06/2025,52,T?nh Gia Lai
23586,Ph??ng H?i Phú,Ph??ng,S?: 1664/NQ-UBTVQH15; Ngày: 16/06/2025,52,T?nh Gia Lai
23590,Xã Bi?n H?,Xã,S?: 1664/NQ-UBTVQH15; Ngày: 16/06/2025,52,T?nh Gia Lai
23602,Ph??ng An Phú,Ph??ng,S?: 1664/NQ-UBTVQH15; Ngày: 16/06/2025,52,T?nh Gia Lai
23611,Xã Gào,Xã,S?: 1664/NQ-UBTVQH15; Ngày: 16/06/2025,52,T?nh Gia Lai
23614,Ph??ng An Bình,Ph??ng,S?: 1664/NQ-UBTVQH15; Ngày: 16/06/2025,52,T?nh Gia Lai
23617,Ph??ng An Khê,Ph??ng,S?: 1664/NQ-UBTVQH15; Ngày: 16/06/2025,52,T?nh Gia Lai
23629,Xã C?u An,Xã,S?: 1664/NQ-UBTVQH15; Ngày: 16/06/2025,52,T?nh Gia Lai
23638,Xã Kbang,Xã,S?: 1664/NQ-UBTVQH15; Ngày: 16/06/2025,52,T?nh Gia Lai
23644,Xã ?ak Rong,Xã,S?: 1664/NQ-UBTVQH15; Ngày: 16/06/2025,52,T?nh Gia Lai
23647,Xã S?n Lang,Xã,S?: 1664/NQ-UBTVQH15; Ngày: 16/06/2025,52,T?nh Gia Lai
23650,Xã Krong,Xã,S?: 1664/NQ-UBTVQH15; Ngày: 16/06/2025,52,T?nh Gia Lai
23668,Xã T? Tung,Xã,S?: 1664/NQ-UBTVQH15; Ngày: 16/06/2025,52,T?nh Gia Lai
23674,Xã Kông B? La,Xã,S?: 1664/NQ-UBTVQH15; Ngày: 16/06/2025,52,T?nh Gia Lai
23677,Xã ?ak ?oa,Xã,S?: 1664/NQ-UBTVQH15; Ngày: 16/06/2025,52,T?nh Gia Lai
23683,Xã ?ak S?mei,Xã,S?: 1664/NQ-UBTVQH15; Ngày: 16/06/2025,52,T?nh Gia Lai
23701,Xã Kon Gang,Xã,S?: 1664/NQ-UBTVQH15; Ngày: 16/06/2025,52,T?nh Gia Lai
23710,Xã Ia B?ng,Xã,S?: 1664/NQ-UBTVQH15; Ngày: 16/06/2025,52,T?nh Gia Lai
23714,Xã KDang,Xã,S?: 1664/NQ-UBTVQH15; Ngày: 16/06/2025,52,T?nh Gia Lai
23722,Xã Ch? P?h,Xã,S?: 1664/NQ-UBTVQH15; Ngày: 16/06/2025,52,T?nh Gia Lai
23728,Xã Ia Kh??l,Xã,S?: 1664/NQ-UBTVQH15; Ngày: 16/06/2025,52,T?nh Gia Lai
23734,Xã Ia Ly,Xã,S?: 1664/NQ-UBTVQH15; Ngày: 16/06/2025,52,T?nh Gia Lai
23749,Xã Ia Phí,Xã,S?: 1664/NQ-UBTVQH15; Ngày: 16/06/2025,52,T?nh Gia Lai
23764,Xã Ia Grai,Xã,S?: 1664/NQ-UBTVQH15; Ngày: 16/06/2025,52,T?nh Gia Lai
23767,Xã Ia Hrung,Xã,S?: 1664/NQ-UBTVQH15; Ngày: 16/06/2025,52,T?nh Gia Lai
23776,Xã Ia Krái,Xã,S?: 1664/NQ-UBTVQH15; Ngày: 16/06/2025,52,T?nh Gia Lai
23782,Xã Ia O,Xã,S?: 1664/NQ-UBTVQH15; Ngày: 16/06/2025,52,T?nh Gia Lai
23788,Xã Ia Chia,Xã,S?: 1664/NQ-UBTVQH15; Ngày: 16/06/2025,52,T?nh Gia Lai
23794,Xã Mang Yang,Xã,S?: 1664/NQ-UBTVQH15; Ngày: 16/06/2025,52,T?nh Gia Lai
23798,Xã Ayun,Xã,S?: 1664/NQ-UBTVQH15; Ngày: 16/06/2025,52,T?nh Gia Lai
23799,Xã Hra,Xã,S?: 1664/NQ-UBTVQH15; Ngày: 16/06/2025,52,T?nh Gia Lai
23812,Xã L? Pang,Xã,S?: 1664/NQ-UBTVQH15; Ngày: 16/06/2025,52,T?nh Gia Lai
23818,Xã Kon Chiêng,Xã,S?: 1664/NQ-UBTVQH15; Ngày: 16/06/2025,52,T?nh Gia Lai
23824,Xã Kông Chro,Xã,S?: 1664/NQ-UBTVQH15; Ngày: 16/06/2025,52,T?nh Gia Lai
23830,Xã Ch? Krey,Xã,S?: 1664/NQ-UBTVQH15; Ngày: 16/06/2025,52,T?nh Gia Lai
23833,Xã Ya Ma,Xã,S?: 1664/NQ-UBTVQH15; Ngày: 16/06/2025,52,T?nh Gia Lai
23839,Xã SRó,Xã,S?: 1664/NQ-UBTVQH15; Ngày: 16/06/2025,52,T?nh Gia Lai
23842,Xã ??k Song,Xã,S?: 1664/NQ-UBTVQH15; Ngày: 16/06/2025,52,T?nh Gia Lai
23851,Xã Ch? Long,Xã,S?: 1664/NQ-UBTVQH15; Ngày: 16/06/2025,52,T?nh Gia Lai
23857,Xã ??c C?,Xã,S?: 1664/NQ-UBTVQH15; Ngày: 16/06/2025,52,T?nh Gia Lai
23866,Xã Ia Krêl,Xã,S?: 1664/NQ-UBTVQH15; Ngày: 16/06/2025,52,T?nh Gia Lai
23869,Xã Ia D?k,Xã,S?: 1664/NQ-UBTVQH15; Ngày: 16/06/2025,52,T?nh Gia Lai
23872,Xã Ia Dom,Xã,S?: 1664/NQ-UBTVQH15; Ngày: 16/06/2025,52,T?nh Gia Lai
23881,Xã Ia Pnôn,Xã,S?: 1664/NQ-UBTVQH15; Ngày: 16/06/2025,52,T?nh Gia Lai
23884,Xã Ia Nan,Xã,S?: 1664/NQ-UBTVQH15; Ngày: 16/06/2025,52,T?nh Gia Lai
23887,Xã Ch? Prông,Xã,S?: 1664/NQ-UBTVQH15; Ngày: 16/06/2025,52,T?nh Gia Lai
23896,Xã Bàu C?n,Xã,S?: 1664/NQ-UBTVQH15; Ngày: 16/06/2025,52,T?nh Gia Lai
23908,Xã Ia Tôr,Xã,S?: 1664/NQ-UBTVQH15; Ngày: 16/06/2025,52,T?nh Gia Lai
23911,Xã Ia Boòng,Xã,S?: 1664/NQ-UBTVQH15; Ngày: 16/06/2025,52,T?nh Gia Lai
23917,Xã Ia Púch,Xã,S?: 1664/NQ-UBTVQH15; Ngày: 16/06/2025,52,T?nh Gia Lai
23926,Xã Ia Pia,Xã,S?: 1664/NQ-UBTVQH15; Ngày: 16/06/2025,52,T?nh Gia Lai
23935,Xã Ia Lâu,Xã,S?: 1664/NQ-UBTVQH15; Ngày: 16/06/2025,52,T?nh Gia Lai
23938,Xã Ia M?,Xã,S?: 1664/NQ-UBTVQH15; Ngày: 16/06/2025,52,T?nh Gia Lai
23941,Xã Ch? Sê,Xã,S?: 1664/NQ-UBTVQH15; Ngày: 16/06/2025,52,T?nh Gia Lai
23942,Xã Ch? P?h,Xã,S?: 1664/NQ-UBTVQH15; Ngày: 16/06/2025,52,T?nh Gia Lai
23947,Xã B? Ngoong,Xã,S?: 1664/NQ-UBTVQH15; Ngày: 16/06/2025,52,T?nh Gia Lai
23954,Xã Al Bá,Xã,S?: 1664/NQ-UBTVQH15; Ngày: 16/06/2025,52,T?nh Gia Lai
23971,Xã Ia Hrú,Xã,S?: 1664/NQ-UBTVQH15; Ngày: 16/06/2025,52,T?nh Gia Lai
23977,Xã Ia Ko,Xã,S?: 1664/NQ-UBTVQH15; Ngày: 16/06/2025,52,T?nh Gia Lai
23986,Xã Ia Le,Xã,S?: 1664/NQ-UBTVQH15; Ngày: 16/06/2025,52,T?nh Gia Lai
23995,Xã ?ak P?,Xã,S?: 1664/NQ-UBTVQH15; Ngày: 16/06/2025,52,T?nh Gia Lai
24007,Xã Ya H?i,Xã,S?: 1664/NQ-UBTVQH15; Ngày: 16/06/2025,52,T?nh Gia Lai
24013,Xã P? Tó,Xã,S?: 1664/NQ-UBTVQH15; Ngày: 16/06/2025,52,T?nh Gia Lai
24022,Xã Ia Pa,Xã,S?: 1664/NQ-UBTVQH15; Ngày: 16/06/2025,52,T?nh Gia Lai
24028,Xã Ia Tul,Xã,S?: 1664/NQ-UBTVQH15; Ngày: 16/06/2025,52,T?nh Gia Lai
24043,Xã Phú Thi?n,Xã,S?: 1664/NQ-UBTVQH15; Ngày: 16/06/2025,52,T?nh Gia Lai
24044,Ph??ng Ayun Pa,Ph??ng,S?: 1664/NQ-UBTVQH15; Ngày: 16/06/2025,52,T?nh Gia Lai
24049,Xã Ch? A Thai,Xã,S?: 1664/NQ-UBTVQH15; Ngày: 16/06/2025,52,T?nh Gia Lai
24061,Xã Ia Hiao,Xã,S?: 1664/NQ-UBTVQH15; Ngày: 16/06/2025,52,T?nh Gia Lai
24065,Xã Ia Rbol,Xã,S?: 1664/NQ-UBTVQH15; Ngày: 16/06/2025,52,T?nh Gia Lai
24073,Xã Ia Sao,Xã,S?: 1664/NQ-UBTVQH15; Ngày: 16/06/2025,52,T?nh Gia Lai
24076,Xã Phú Túc,Xã,S?: 1664/NQ-UBTVQH15; Ngày: 16/06/2025,52,T?nh Gia Lai
24100,Xã Ia Dreh,Xã,S?: 1664/NQ-UBTVQH15; Ngày: 16/06/2025,52,T?nh Gia Lai
24109,Xã Uar,Xã,S?: 1664/NQ-UBTVQH15; Ngày: 16/06/2025,52,T?nh Gia Lai
24112,Xã Ia Rsai,Xã,S?: 1664/NQ-UBTVQH15; Ngày: 16/06/2025,52,T?nh Gia Lai
22333,Ph??ng B?c Nha Trang,Ph??ng,S?: 1667/NQ-UBTVQH15; Ngày: 16/06/2025,56,T?nh Khánh Hòa
22366,Ph??ng Nha Trang,Ph??ng,S?: 1667/NQ-UBTVQH15; Ngày: 16/06/2025,56,T?nh Khánh Hòa
22390,Ph??ng Tây Nha Trang,Ph??ng,S?: 1667/NQ-UBTVQH15; Ngày: 16/06/2025,56,T?nh Khánh Hòa
22402,Ph??ng Nam Nha Trang,Ph??ng,S?: 1667/NQ-UBTVQH15; Ngày: 16/06/2025,56,T?nh Khánh Hòa
22411,Ph??ng B?c Cam Ranh,Ph??ng,S?: 1667/NQ-UBTVQH15; Ngày: 16/06/2025,56,T?nh Khánh Hòa
22420,Ph??ng Cam Ranh,Ph??ng,S?: 1667/NQ-UBTVQH15; Ngày: 16/06/2025,56,T?nh Khánh Hòa
22423,Ph??ng Ba Ngòi,Ph??ng,S?: 1667/NQ-UBTVQH15; Ngày: 16/06/2025,56,T?nh Khánh Hòa
22432,Ph??ng Cam Linh,Ph??ng,S?: 1667/NQ-UBTVQH15; Ngày: 16/06/2025,56,T?nh Khánh Hòa
22435,Xã Cam Hi?p,Xã,S?: 1667/NQ-UBTVQH15; Ngày: 16/06/2025,56,T?nh Khánh Hòa
22453,Xã Cam Lâm,Xã,S?: 1667/NQ-UBTVQH15; Ngày: 16/06/2025,56,T?nh Khánh Hòa
22465,Xã Cam An,Xã,S?: 1667/NQ-UBTVQH15; Ngày: 16/06/2025,56,T?nh Khánh Hòa
22480,Xã Nam Cam Ranh,Xã,S?: 1667/NQ-UBTVQH15; Ngày: 16/06/2025,56,T?nh Khánh Hòa
22489,Xã V?n Ninh,Xã,S?: 1667/NQ-UBTVQH15; Ngày: 16/06/2025,56,T?nh Khánh Hòa
22498,Xã Tu Bông,Xã,S?: 1667/NQ-UBTVQH15; Ngày: 16/06/2025,56,T?nh Khánh Hòa
22504,Xã ??i Lãnh,Xã,S?: 1667/NQ-UBTVQH15; Ngày: 16/06/2025,56,T?nh Khánh Hòa
22516,Xã V?n Th?ng,Xã,S?: 1667/NQ-UBTVQH15; Ngày: 16/06/2025,56,T?nh Khánh Hòa
22525,Xã V?n H?ng,Xã,S?: 1667/NQ-UBTVQH15; Ngày: 16/06/2025,56,T?nh Khánh Hòa
22528,Ph??ng Ninh Hòa,Ph??ng,S?: 1667/NQ-UBTVQH15; Ngày: 16/06/2025,56,T?nh Khánh Hòa
22546,Xã B?c Ninh Hòa,Xã,S?: 1667/NQ-UBTVQH15; Ngày: 16/06/2025,56,T?nh Khánh Hòa
22552,Xã Tây Ninh Hòa,Xã,S?: 1667/NQ-UBTVQH15; Ngày: 16/06/2025,56,T?nh Khánh Hòa
22558,Xã Hòa Trí,Xã,S?: 1667/NQ-UBTVQH15; Ngày: 16/06/2025,56,T?nh Khánh Hòa
22561,Ph??ng ?ông Ninh Hòa,Ph??ng,S?: 1667/NQ-UBTVQH15; Ngày: 16/06/2025,56,T?nh Khánh Hòa
22576,Xã Tân ??nh,Xã,S?: 1667/NQ-UBTVQH15; Ngày: 16/06/2025,56,T?nh Khánh Hòa
22591,Ph??ng Hòa Th?ng,Ph??ng,S?: 1667/NQ-UBTVQH15; Ngày: 16/06/2025,56,T?nh Khánh Hòa
22597,Xã Nam Ninh Hòa,Xã,S?: 1667/NQ-UBTVQH15; Ngày: 16/06/2025,56,T?nh Khánh Hòa
22609,Xã Khánh V?nh,Xã,S?: 1667/NQ-UBTVQH15; Ngày: 16/06/2025,56,T?nh Khánh Hòa
22612,Xã Trung Khánh V?nh,Xã,S?: 1667/NQ-UBTVQH15; Ngày: 16/06/2025,56,T?nh Khánh Hòa
22615,Xã B?c Khánh V?nh,Xã,S?: 1667/NQ-UBTVQH15; Ngày: 16/06/2025,56,T?nh Khánh Hòa
22624,Xã Tây Khánh V?nh,Xã,S?: 1667/NQ-UBTVQH15; Ngày: 16/06/2025,56,T?nh Khánh Hòa
22648,Xã Nam Khánh V?nh,Xã,S?: 1667/NQ-UBTVQH15; Ngày: 16/06/2025,56,T?nh Khánh Hòa
22651,Xã Diên Khánh,Xã,S?: 1667/NQ-UBTVQH15; Ngày: 16/06/2025,56,T?nh Khánh Hòa
22657,Xã Diên ?i?n,Xã,S?: 1667/NQ-UBTVQH15; Ngày: 16/06/2025,56,T?nh Khánh Hòa
22660,Xã Diên Lâm,Xã,S?: 1667/NQ-UBTVQH15; Ngày: 16/06/2025,56,T?nh Khánh Hòa
22672,Xã Diên Th?,Xã,S?: 1667/NQ-UBTVQH15; Ngày: 16/06/2025,56,T?nh Khánh Hòa
22678,Xã Diên L?c,Xã,S?: 1667/NQ-UBTVQH15; Ngày: 16/06/2025,56,T?nh Khánh Hòa
22702,Xã Su?i Hi?p,Xã,S?: 1667/NQ-UBTVQH15; Ngày: 16/06/2025,56,T?nh Khánh Hòa
22708,Xã Su?i D?u,Xã,S?: 1667/NQ-UBTVQH15; Ngày: 16/06/2025,56,T?nh Khánh Hòa
22714,Xã Khánh S?n,Xã,S?: 1667/NQ-UBTVQH15; Ngày: 16/06/2025,56,T?nh Khánh Hòa
22720,Xã Tây Khánh S?n,Xã,S?: 1667/NQ-UBTVQH15; Ngày: 16/06/2025,56,T?nh Khánh Hòa
22732,Xã ?ông Khánh S?n,Xã,S?: 1667/NQ-UBTVQH15; Ngày: 16/06/2025,56,T?nh Khánh Hòa
22736,??c khu Tr??ng Sa,??c khu,S?: 1667/NQ-UBTVQH15; Ngày: 16/06/2025,56,T?nh Khánh Hòa
22738,Ph??ng ?ô Vinh,Ph??ng,S?: 1667/NQ-UBTVQH15; Ngày: 16/06/2025,56,T?nh Khánh Hòa
22741,Ph??ng B?o An,Ph??ng,S?: 1667/NQ-UBTVQH15; Ngày: 16/06/2025,56,T?nh Khánh Hòa
22759,Ph??ng Phan Rang,Ph??ng,S?: 1667/NQ-UBTVQH15; Ngày: 16/06/2025,56,T?nh Khánh Hòa
22780,Ph??ng ?ông H?i,Ph??ng,S?: 1667/NQ-UBTVQH15; Ngày: 16/06/2025,56,T?nh Khánh Hòa
22786,Xã Bác Ái Tây,Xã,S?: 1667/NQ-UBTVQH15; Ngày: 16/06/2025,56,T?nh Khánh Hòa
22795,Xã Bác Ái,Xã,S?: 1667/NQ-UBTVQH15; Ngày: 16/06/2025,56,T?nh Khánh Hòa
22801,Xã Bác Ái ?ông,Xã,S?: 1667/NQ-UBTVQH15; Ngày: 16/06/2025,56,T?nh Khánh Hòa
22810,Xã Ninh S?n,Xã,S?: 1667/NQ-UBTVQH15; Ngày: 16/06/2025,56,T?nh Khánh Hòa
22813,Xã Lâm S?n,Xã,S?: 1667/NQ-UBTVQH15; Ngày: 16/06/2025,56,T?nh Khánh Hòa
22822,Xã M? S?n,Xã,S?: 1667/NQ-UBTVQH15; Ngày: 16/06/2025,56,T?nh Khánh Hòa
22828,Xã Anh D?ng,Xã,S?: 1667/NQ-UBTVQH15; Ngày: 16/06/2025,56,T?nh Khánh Hòa
22834,Ph??ng Ninh Ch?,Ph??ng,S?: 1667/NQ-UBTVQH15; Ngày: 16/06/2025,56,T?nh Khánh Hòa
22840,Xã Công H?i,Xã,S?: 1667/NQ-UBTVQH15; Ngày: 16/06/2025,56,T?nh Khánh Hòa
22846,Xã V?nh H?i,Xã,S?: 1667/NQ-UBTVQH15; Ngày: 16/06/2025,56,T?nh Khánh Hòa
22849,Xã Thu?n B?c,Xã,S?: 1667/NQ-UBTVQH15; Ngày: 16/06/2025,56,T?nh Khánh Hòa
22852,Xã Ninh H?i,Xã,S?: 1667/NQ-UBTVQH15; Ngày: 16/06/2025,56,T?nh Khánh Hòa
22861,Xã Xuân H?i,Xã,S?: 1667/NQ-UBTVQH15; Ngày: 16/06/2025,56,T?nh Khánh Hòa
22870,Xã Ninh Ph??c,Xã,S?: 1667/NQ-UBTVQH15; Ngày: 16/06/2025,56,T?nh Khánh Hòa
22873,Xã Ph??c H?u,Xã,S?: 1667/NQ-UBTVQH15; Ngày: 16/06/2025,56,T?nh Khánh Hòa
22888,Xã Ph??c Dinh,Xã,S?: 1667/NQ-UBTVQH15; Ngày: 16/06/2025,56,T?nh Khánh Hòa
22891,Xã Ph??c H?u,Xã,S?: 1667/NQ-UBTVQH15; Ngày: 16/06/2025,56,T?nh Khánh Hòa
22897,Xã Thu?n Nam,Xã,S?: 1667/NQ-UBTVQH15; Ngày: 16/06/2025,56,T?nh Khánh Hòa
22900,Xã Ph??c Hà,Xã,S?: 1667/NQ-UBTVQH15; Ngày: 16/06/2025,56,T?nh Khánh Hòa
22909,Xã Cà Ná,Xã,S?: 1667/NQ-UBTVQH15; Ngày: 16/06/2025,56,T?nh Khánh Hòa
22015, Ph??ng Tuy Hòa,Ph??ng,S?: 1660/NQ-UBTVQH15; Ngày: 16/06/2025,66,T?nh ??k L?k
22045, Ph??ng Bình Ki?n,Ph??ng,S?: 1660/NQ-UBTVQH15; Ngày: 16/06/2025,66,T?nh ??k L?k
22051, Ph??ng Sông C?u,Ph??ng,S?: 1660/NQ-UBTVQH15; Ngày: 16/06/2025,66,T?nh ??k L?k
22057,Xã Xuân L?c,Xã,S?: 1660/NQ-UBTVQH15; Ngày: 16/06/2025,66,T?nh ??k L?k
22060,Xã Xuân C?nh,Xã,S?: 1660/NQ-UBTVQH15; Ngày: 16/06/2025,66,T?nh ??k L?k
22075,Xã Xuân Th?,Xã,S?: 1660/NQ-UBTVQH15; Ngày: 16/06/2025,66,T?nh ??k L?k
22076, Ph??ng Xuân ?ài,Ph??ng,S?: 1660/NQ-UBTVQH15; Ngày: 16/06/2025,66,T?nh ??k L?k
22081,Xã ??ng Xuân,Xã,S?: 1660/NQ-UBTVQH15; Ngày: 16/06/2025,66,T?nh ??k L?k
22090,Xã Xuân Lãnh,Xã,S?: 1660/NQ-UBTVQH15; Ngày: 16/06/2025,66,T?nh ??k L?k
22096,Xã Phú M?,Xã,S?: 1660/NQ-UBTVQH15; Ngày: 16/06/2025,66,T?nh ??k L?k
22111,Xã Xuân Ph??c,Xã,S?: 1660/NQ-UBTVQH15; Ngày: 16/06/2025,66,T?nh ??k L?k
22114,Xã Tuy An B?c,Xã,S?: 1660/NQ-UBTVQH15; Ngày: 16/06/2025,66,T?nh ??k L?k
22120,Xã Tuy An ?ông,Xã,S?: 1660/NQ-UBTVQH15; Ngày: 16/06/2025,66,T?nh ??k L?k
22132,Xã Tuy An Tây,Xã,S?: 1660/NQ-UBTVQH15; Ngày: 16/06/2025,66,T?nh ??k L?k
22147,Xã Ô Loan,Xã,S?: 1660/NQ-UBTVQH15; Ngày: 16/06/2025,66,T?nh ??k L?k
22153,Xã Tuy An Nam,Xã,S?: 1660/NQ-UBTVQH15; Ngày: 16/06/2025,66,T?nh ??k L?k
22165,Xã S?n Hòa,Xã,S?: 1660/NQ-UBTVQH15; Ngày: 16/06/2025,66,T?nh ??k L?k
22171,Xã Tây S?n,Xã,S?: 1660/NQ-UBTVQH15; Ngày: 16/06/2025,66,T?nh ??k L?k
22177,Xã Vân Hòa,Xã,S?: 1660/NQ-UBTVQH15; Ngày: 16/06/2025,66,T?nh ??k L?k
22192,Xã Su?i Trai,Xã,S?: 1660/NQ-UBTVQH15; Ngày: 16/06/2025,66,T?nh ??k L?k
22207,Xã Sông Hinh,Xã,S?: 1660/NQ-UBTVQH15; Ngày: 16/06/2025,66,T?nh ??k L?k
22222,Xã ??c Bình,Xã,S?: 1660/NQ-UBTVQH15; Ngày: 16/06/2025,66,T?nh ??k L?k
22225,Xã Ea Bá,Xã,S?: 1660/NQ-UBTVQH15; Ngày: 16/06/2025,66,T?nh ??k L?k
22237,Xã Ea Ly,Xã,S?: 1660/NQ-UBTVQH15; Ngày: 16/06/2025,66,T?nh ??k L?k
22240,  Ph??ng Phú Yên,Ph??ng,S?: 1660/NQ-UBTVQH15; Ngày: 16/06/2025,66,T?nh ??k L?k
22250,Xã S?n Thành,Xã,S?: 1660/NQ-UBTVQH15; Ngày: 16/06/2025,66,T?nh ??k L?k
22255,Xã Tây Hòa,Xã,S?: 1660/NQ-UBTVQH15; Ngày: 16/06/2025,66,T?nh ??k L?k
22258, Ph??ng ?ông Hòa,Ph??ng,S?: 1660/NQ-UBTVQH15; Ngày: 16/06/2025,66,T?nh ??k L?k
22261, Ph??ng Hòa Hi?p,Ph??ng,S?: 1660/NQ-UBTVQH15; Ngày: 16/06/2025,66,T?nh ??k L?k
22276,Xã Hòa Th?nh,Xã,S?: 1660/NQ-UBTVQH15; Ngày: 16/06/2025,66,T?nh ??k L?k
22285,Xã Hòa M?,Xã,S?: 1660/NQ-UBTVQH15; Ngày: 16/06/2025,66,T?nh ??k L?k
22291,Xã Hòa Xuân,Xã,S?: 1660/NQ-UBTVQH15; Ngày: 16/06/2025,66,T?nh ??k L?k
22303,Xã Phú Hòa 2,Xã,S?: 1660/NQ-UBTVQH15; Ngày: 16/06/2025,66,T?nh ??k L?k
22319,Xã Phú Hòa 1,Xã,S?: 1660/NQ-UBTVQH15; Ngày: 16/06/2025,66,T?nh ??k L?k
24121, Ph??ng Tân L?p,Ph??ng,S?: 1660/NQ-UBTVQH15; Ngày: 16/06/2025,66,T?nh ??k L?k
24133, Ph??ng Buôn Ma Thu?t,Ph??ng,S?: 1660/NQ-UBTVQH15; Ngày: 16/06/2025,66,T?nh ??k L?k
24154, Ph??ng Thành Nh?t,Ph??ng,S?: 1660/NQ-UBTVQH15; Ngày: 16/06/2025,66,T?nh ??k L?k
24163, Ph??ng Tân An,Ph??ng,S?: 1660/NQ-UBTVQH15; Ngày: 16/06/2025,66,T?nh ??k L?k
24169, Ph??ng Ea Kao,Ph??ng,S?: 1660/NQ-UBTVQH15; Ngày: 16/06/2025,66,T?nh ??k L?k
24175,Xã Hòa Phú,Xã,S?: 1660/NQ-UBTVQH15; Ngày: 16/06/2025,66,T?nh ??k L?k
24181,Xã Ea Dr?ng,Xã,S?: 1660/NQ-UBTVQH15; Ngày: 16/06/2025,66,T?nh ??k L?k
24184,Xã Ea H’Leo,Xã,S?: 1660/NQ-UBTVQH15; Ngày: 16/06/2025,66,T?nh ??k L?k
24187,Xã Ea Hiao,Xã,S?: 1660/NQ-UBTVQH15; Ngày: 16/06/2025,66,T?nh ??k L?k
24193,Xã Ea Wy,Xã,S?: 1660/NQ-UBTVQH15; Ngày: 16/06/2025,66,T?nh ??k L?k
24208,Xã Ea Kh?l,Xã,S?: 1660/NQ-UBTVQH15; Ngày: 16/06/2025,66,T?nh ??k L?k
24211,Xã Ea Súp,Xã,S?: 1660/NQ-UBTVQH15; Ngày: 16/06/2025,66,T?nh ??k L?k
24214,Xã Ia L?p,Xã,S?: 1660/NQ-UBTVQH15; Ngày: 16/06/2025,66,T?nh ??k L?k
24217,Xã Ea R?k,Xã,S?: 1660/NQ-UBTVQH15; Ngày: 16/06/2025,66,T?nh ??k L?k
24221,Xã Ia Rvê,Xã,S?: 1660/NQ-UBTVQH15; Ngày: 16/06/2025,66,T?nh ??k L?k
24229,Xã Ea Bung,Xã,S?: 1660/NQ-UBTVQH15; Ngày: 16/06/2025,66,T?nh ??k L?k
24235,Xã Buôn ?ôn,Xã,S?: 1660/NQ-UBTVQH15; Ngày: 16/06/2025,66,T?nh ??k L?k
24241,Xã Ea Wer,Xã,S?: 1660/NQ-UBTVQH15; Ngày: 16/06/2025,66,T?nh ??k L?k
24250,Xã Ea Nuôl,Xã,S?: 1660/NQ-UBTVQH15; Ngày: 16/06/2025,66,T?nh ??k L?k
24259,Xã Qu?ng Phú,Xã,S?: 1660/NQ-UBTVQH15; Ngày: 16/06/2025,66,T?nh ??k L?k
24265,Xã Ea Ki?t,Xã,S?: 1660/NQ-UBTVQH15; Ngày: 16/06/2025,66,T?nh ??k L?k
24277,Xã Ea Tul,Xã,S?: 1660/NQ-UBTVQH15; Ngày: 16/06/2025,66,T?nh ??k L?k
24280,Xã C? M’gar,Xã,S?: 1660/NQ-UBTVQH15; Ngày: 16/06/2025,66,T?nh ??k L?k
24286,Xã Ea M’Droh,Xã,S?: 1660/NQ-UBTVQH15; Ngày: 16/06/2025,66,T?nh ??k L?k
24301,Xã Cuôr ??ng,Xã,S?: 1660/NQ-UBTVQH15; Ngày: 16/06/2025,66,T?nh ??k L?k
24305, Ph??ng Buôn H?,Ph??ng,S?: 1660/NQ-UBTVQH15; Ngày: 16/06/2025,66,T?nh ??k L?k
24310,Xã Krông Búk,Xã,S?: 1660/NQ-UBTVQH15; Ngày: 16/06/2025,66,T?nh ??k L?k
24313,Xã C? P?ng,Xã,S?: 1660/NQ-UBTVQH15; Ngày: 16/06/2025,66,T?nh ??k L?k
24316,Xã P?ng Drang,Xã,S?: 1660/NQ-UBTVQH15; Ngày: 16/06/2025,66,T?nh ??k L?k
24328,Xã Ea Drông,Xã,S?: 1660/NQ-UBTVQH15; Ngày: 16/06/2025,66,T?nh ??k L?k
24340, Ph??ng C? Bao,Ph??ng,S?: 1660/NQ-UBTVQH15; Ngày: 16/06/2025,66,T?nh ??k L?k
24343,Xã Krông N?ng,Xã,S?: 1660/NQ-UBTVQH15; Ngày: 16/06/2025,66,T?nh ??k L?k
24346,Xã Dliê Ya,Xã,S?: 1660/NQ-UBTVQH15; Ngày: 16/06/2025,66,T?nh ??k L?k
24352,Xã Tam Giang,Xã,S?: 1660/NQ-UBTVQH15; Ngày: 16/06/2025,66,T?nh ??k L?k
24364,Xã Phú Xuân,Xã,S?: 1660/NQ-UBTVQH15; Ngày: 16/06/2025,66,T?nh ??k L?k
24373,Xã Ea Kar,Xã,S?: 1660/NQ-UBTVQH15; Ngày: 16/06/2025,66,T?nh ??k L?k
24376,Xã Ea Kn?p,Xã,S?: 1660/NQ-UBTVQH15; Ngày: 16/06/2025,66,T?nh ??k L?k
24400,Xã Ea P?l,Xã,S?: 1660/NQ-UBTVQH15; Ngày: 16/06/2025,66,T?nh ??k L?k
24403,Xã Ea Ô,Xã,S?: 1660/NQ-UBTVQH15; Ngày: 16/06/2025,66,T?nh ??k L?k
24406,Xã C? Yang,Xã,S?: 1660/NQ-UBTVQH15; Ngày: 16/06/2025,66,T?nh ??k L?k
24412,Xã M’Dr?k,Xã,S?: 1660/NQ-UBTVQH15; Ngày: 16/06/2025,66,T?nh ??k L?k
24415,Xã C? Prao,Xã,S?: 1660/NQ-UBTVQH15; Ngày: 16/06/2025,66,T?nh ??k L?k
24433,Xã Ea Riêng,Xã,S?: 1660/NQ-UBTVQH15; Ngày: 16/06/2025,66,T?nh ??k L?k
24436,Xã C? M’ta,Xã,S?: 1660/NQ-UBTVQH15; Ngày: 16/06/2025,66,T?nh ??k L?k
24444,Xã Krông Á,Xã,S?: 1660/NQ-UBTVQH15; Ngày: 16/06/2025,66,T?nh ??k L?k
24445,Xã Ea Trang,Xã,S?: 1660/NQ-UBTVQH15; Ngày: 16/06/2025,66,T?nh ??k L?k
24448,Xã Krông Bông,Xã,S?: 1660/NQ-UBTVQH15; Ngày: 16/06/2025,66,T?nh ??k L?k
24454,Xã Dang Kang,Xã,S?: 1660/NQ-UBTVQH15; Ngày: 16/06/2025,66,T?nh ??k L?k
24472,Xã Hòa S?n,Xã,S?: 1660/NQ-UBTVQH15; Ngày: 16/06/2025,66,T?nh ??k L?k
24478,Xã C? Pui,Xã,S?: 1660/NQ-UBTVQH15; Ngày: 16/06/2025,66,T?nh ??k L?k
24484,Xã Yang Mao,Xã,S?: 1660/NQ-UBTVQH15; Ngày: 16/06/2025,66,T?nh ??k L?k
24490,Xã Krông P?c,Xã,S?: 1660/NQ-UBTVQH15; Ngày: 16/06/2025,66,T?nh ??k L?k
24496,Xã Ea Kly,Xã,S?: 1660/NQ-UBTVQH15; Ngày: 16/06/2025,66,T?nh ??k L?k
24502,Xã Ea Phê,Xã,S?: 1660/NQ-UBTVQH15; Ngày: 16/06/2025,66,T?nh ??k L?k
24505,Xã Ea Knu?c,Xã,S?: 1660/NQ-UBTVQH15; Ngày: 16/06/2025,66,T?nh ??k L?k
24526,Xã Tân Ti?n,Xã,S?: 1660/NQ-UBTVQH15; Ngày: 16/06/2025,66,T?nh ??k L?k
24529,Xã V? B?n,Xã,S?: 1660/NQ-UBTVQH15; Ngày: 16/06/2025,66,T?nh ??k L?k
24538,Xã Krông Ana,Xã,S?: 1660/NQ-UBTVQH15; Ngày: 16/06/2025,66,T?nh ??k L?k
24540,Xã Ea Ning,Xã,S?: 1660/NQ-UBTVQH15; Ngày: 16/06/2025,66,T?nh ??k L?k
24544,Xã Ea Ktur,Xã,S?: 1660/NQ-UBTVQH15; Ngày: 16/06/2025,66,T?nh ??k L?k
24559,Xã Ea Na,Xã,S?: 1660/NQ-UBTVQH15; Ngày: 16/06/2025,66,T?nh ??k L?k
24561,Xã Dray Bh?ng,Xã,S?: 1660/NQ-UBTVQH15; Ngày: 16/06/2025,66,T?nh ??k L?k
24568,Xã Dur Km?l,Xã,S?: 1660/NQ-UBTVQH15; Ngày: 16/06/2025,66,T?nh ??k L?k
24580,Xã Liên S?n L?k,Xã,S?: 1660/NQ-UBTVQH15; Ngày: 16/06/2025,66,T?nh ??k L?k
24595,Xã ??k Liêng,Xã,S?: 1660/NQ-UBTVQH15; Ngày: 16/06/2025,66,T?nh ??k L?k
24598,Xã ??k Ph?i,Xã,S?: 1660/NQ-UBTVQH15; Ngày: 16/06/2025,66,T?nh ??k L?k
24604,Xã Krông Nô,Xã,S?: 1660/NQ-UBTVQH15; Ngày: 16/06/2025,66,T?nh ??k L?k
24607,Xã Nam Ka,Xã,S?: 1660/NQ-UBTVQH15; Ngày: 16/06/2025,66,T?nh ??k L?k
22918,Ph??ng M?i Né,Ph??ng,S?: 1671/NQ-UBTVQH15; Ngày: 16/06/2025,68,T?nh Lâm ??ng
22924,Ph??ng Phú Thu?,Ph??ng,S?: 1671/NQ-UBTVQH15; Ngày: 16/06/2025,68,T?nh Lâm ??ng
22933,Ph??ng Hàm Th?ng,Ph??ng,S?: 1671/NQ-UBTVQH15; Ngày: 16/06/2025,68,T?nh Lâm ??ng
22945,Ph??ng Phan Thi?t,Ph??ng,S?: 1671/NQ-UBTVQH15; Ngày: 16/06/2025,68,T?nh Lâm ??ng
22954,Ph??ng Ti?n Thành,Ph??ng,S?: 1671/NQ-UBTVQH15; Ngày: 16/06/2025,68,T?nh Lâm ??ng
22960,Ph??ng Bình Thu?n,Ph??ng,S?: 1671/NQ-UBTVQH15; Ngày: 16/06/2025,68,T?nh Lâm ??ng
22963,Xã Tuyên Quang,Xã,S?: 1671/NQ-UBTVQH15; Ngày: 16/06/2025,68,T?nh Lâm ??ng
22969,Xã Liên H??ng,Xã,S?: 1671/NQ-UBTVQH15; Ngày: 16/06/2025,68,T?nh Lâm ??ng
22972,Xã Phan Rí C?a,Xã,S?: 1671/NQ-UBTVQH15; Ngày: 16/06/2025,68,T?nh Lâm ??ng
22978,Xã Tuy Phong,Xã,S?: 1671/NQ-UBTVQH15; Ngày: 16/06/2025,68,T?nh Lâm ??ng
22981,Xã V?nh H?o,Xã,S?: 1671/NQ-UBTVQH15; Ngày: 16/06/2025,68,T?nh Lâm ??ng
23005,Xã B?c Bình,Xã,S?: 1671/NQ-UBTVQH15; Ngày: 16/06/2025,68,T?nh Lâm ??ng
23008,Xã Phan S?n,Xã,S?: 1671/NQ-UBTVQH15; Ngày: 16/06/2025,68,T?nh Lâm ??ng
23020,Xã H?i Ninh,Xã,S?: 1671/NQ-UBTVQH15; Ngày: 16/06/2025,68,T?nh Lâm ??ng
23023,Xã Sông L?y,Xã,S?: 1671/NQ-UBTVQH15; Ngày: 16/06/2025,68,T?nh Lâm ??ng
23032,Xã L??ng S?n,Xã,S?: 1671/NQ-UBTVQH15; Ngày: 16/06/2025,68,T?nh Lâm ??ng
23041,Xã H?ng Thái,Xã,S?: 1671/NQ-UBTVQH15; Ngày: 16/06/2025,68,T?nh Lâm ??ng
23053,Xã Hòa Th?ng,Xã,S?: 1671/NQ-UBTVQH15; Ngày: 16/06/2025,68,T?nh Lâm ??ng
23059,Xã Hàm Thu?n,Xã,S?: 1671/NQ-UBTVQH15; Ngày: 16/06/2025,68,T?nh Lâm ??ng
23065,Xã La D?,Xã,S?: 1671/NQ-UBTVQH15; Ngày: 16/06/2025,68,T?nh Lâm ??ng
23074,Xã ?ông Giang,Xã,S?: 1671/NQ-UBTVQH15; Ngày: 16/06/2025,68,T?nh Lâm ??ng
23086,Xã H?ng S?n,Xã,S?: 1671/NQ-UBTVQH15; Ngày: 16/06/2025,68,T?nh Lâm ??ng
23089,Xã Hàm Thu?n B?c,Xã,S?: 1671/NQ-UBTVQH15; Ngày: 16/06/2025,68,T?nh Lâm ??ng
23095,Xã Hàm Liêm,Xã,S?: 1671/NQ-UBTVQH15; Ngày: 16/06/2025,68,T?nh Lâm ??ng
23110,Xã Hàm Thu?n Nam,Xã,S?: 1671/NQ-UBTVQH15; Ngày: 16/06/2025,68,T?nh Lâm ??ng
23122,Xã Hàm Th?nh,Xã,S?: 1671/NQ-UBTVQH15; Ngày: 16/06/2025,68,T?nh Lâm ??ng
23128,Xã Hàm Ki?m,Xã,S?: 1671/NQ-UBTVQH15; Ngày: 16/06/2025,68,T?nh Lâm ??ng
23134,Xã Tân L?p,Xã,S?: 1671/NQ-UBTVQH15; Ngày: 16/06/2025,68,T?nh Lâm ??ng
23143,Xã Tân Thành,Xã,S?: 1671/NQ-UBTVQH15; Ngày: 16/06/2025,68,T?nh Lâm ??ng
23149,Xã Tánh Linh,Xã,S?: 1671/NQ-UBTVQH15; Ngày: 16/06/2025,68,T?nh Lâm ??ng
23152,Xã B?c Ru?ng,Xã,S?: 1671/NQ-UBTVQH15; Ngày: 16/06/2025,68,T?nh Lâm ??ng
23158,Xã Ngh? ??c,Xã,S?: 1671/NQ-UBTVQH15; Ngày: 16/06/2025,68,T?nh Lâm ??ng
23173,Xã ??ng Kho,Xã,S?: 1671/NQ-UBTVQH15; Ngày: 16/06/2025,68,T?nh Lâm ??ng
23188,Xã Su?i Ki?t,Xã,S?: 1671/NQ-UBTVQH15; Ngày: 16/06/2025,68,T?nh Lâm ??ng
23191,Xã ??c Linh,Xã,S?: 1671/NQ-UBTVQH15; Ngày: 16/06/2025,68,T?nh Lâm ??ng
23194,Xã Hoài ??c,Xã,S?: 1671/NQ-UBTVQH15; Ngày: 16/06/2025,68,T?nh Lâm ??ng
23200,Xã Nam Thành,Xã,S?: 1671/NQ-UBTVQH15; Ngày: 16/06/2025,68,T?nh Lâm ??ng
23227,Xã Trà Tân,Xã,S?: 1671/NQ-UBTVQH15; Ngày: 16/06/2025,68,T?nh Lâm ??ng
23230,Xã Tân Minh,Xã,S?: 1671/NQ-UBTVQH15; Ngày: 16/06/2025,68,T?nh Lâm ??ng
23231,Ph??ng Ph??c H?i,Ph??ng,S?: 1671/NQ-UBTVQH15; Ngày: 16/06/2025,68,T?nh Lâm ??ng
23235,Ph??ng La Gi,Ph??ng,S?: 1671/NQ-UBTVQH15; Ngày: 16/06/2025,68,T?nh Lâm ??ng
23236,Xã Hàm Tân,Xã,S?: 1671/NQ-UBTVQH15; Ngày: 16/06/2025,68,T?nh Lâm ??ng
23246,Xã Tân H?i,Xã,S?: 1671/NQ-UBTVQH15; Ngày: 16/06/2025,68,T?nh Lâm ??ng
23266,Xã S?n M?,Xã,S?: 1671/NQ-UBTVQH15; Ngày: 16/06/2025,68,T?nh Lâm ??ng
23272,??c khu Phú Quý,??c khu,S?: 1671/NQ-UBTVQH15; Ngày: 16/06/2025,68,T?nh Lâm ??ng
24611,Ph??ng B?c Gia Ngh?a,Ph??ng,S?: 1671/NQ-UBTVQH15; Ngày: 16/06/2025,68,T?nh Lâm ??ng
24615,Ph??ng Nam Gia Ngh?a,Ph??ng,S?: 1671/NQ-UBTVQH15; Ngày: 16/06/2025,68,T?nh Lâm ??ng
24616,Xã Qu?ng S?n,Xã,S?: 1671/NQ-UBTVQH15; Ngày: 16/06/2025,68,T?nh Lâm ??ng
24617,Ph??ng ?ông Gia Ngh?a,Ph??ng,S?: 1671/NQ-UBTVQH15; Ngày: 16/06/2025,68,T?nh Lâm ??ng
24620,Xã Qu?ng Hòa,Xã,S?: 1671/NQ-UBTVQH15; Ngày: 16/06/2025,68,T?nh Lâm ??ng
24631,Xã Qu?ng Khê,Xã,S?: 1671/NQ-UBTVQH15; Ngày: 16/06/2025,68,T?nh Lâm ??ng
24637,Xã Tà ?ùng,Xã,S?: 1671/NQ-UBTVQH15; Ngày: 16/06/2025,68,T?nh Lâm ??ng
24640,Xã C? Jút,Xã,S?: 1671/NQ-UBTVQH15; Ngày: 16/06/2025,68,T?nh Lâm ??ng
24646,Xã ??k Wil,Xã,S?: 1671/NQ-UBTVQH15; Ngày: 16/06/2025,68,T?nh Lâm ??ng
24649,Xã Nam Dong,Xã,S?: 1671/NQ-UBTVQH15; Ngày: 16/06/2025,68,T?nh Lâm ??ng
24664,Xã ??c L?p,Xã,S?: 1671/NQ-UBTVQH15; Ngày: 16/06/2025,68,T?nh Lâm ??ng
24670,Xã ??k Mil,Xã,S?: 1671/NQ-UBTVQH15; Ngày: 16/06/2025,68,T?nh Lâm ??ng
24678,Xã ??k S?k,Xã,S?: 1671/NQ-UBTVQH15; Ngày: 16/06/2025,68,T?nh Lâm ??ng
24682,Xã Thu?n An,Xã,S?: 1671/NQ-UBTVQH15; Ngày: 16/06/2025,68,T?nh Lâm ??ng
24688,Xã Krông Nô,Xã,S?: 1671/NQ-UBTVQH15; Ngày: 16/06/2025,68,T?nh Lâm ??ng
24697,Xã Nam ?à,Xã,S?: 1671/NQ-UBTVQH15; Ngày: 16/06/2025,68,T?nh Lâm ??ng
24703,Xã Nâm Nung,Xã,S?: 1671/NQ-UBTVQH15; Ngày: 16/06/2025,68,T?nh Lâm ??ng
24712,Xã Qu?ng Phú,Xã,S?: 1671/NQ-UBTVQH15; Ngày: 16/06/2025,68,T?nh Lâm ??ng
24717, Xã ??c An,Xã,S?: 1671/NQ-UBTVQH15; Ngày: 16/06/2025,68,T?nh Lâm ??ng
24718,Xã ??k Song,Xã,S?: 1671/NQ-UBTVQH15; Ngày: 16/06/2025,68,T?nh Lâm ??ng
24722,Xã Thu?n H?nh,Xã,S?: 1671/NQ-UBTVQH15; Ngày: 16/06/2025,68,T?nh Lâm ??ng
24730,Xã Tr??ng Xuân,Xã,S?: 1671/NQ-UBTVQH15; Ngày: 16/06/2025,68,T?nh Lâm ??ng
24733,Xã Ki?n ??c,Xã,S?: 1671/NQ-UBTVQH15; Ngày: 16/06/2025,68,T?nh Lâm ??ng
24736,Xã Qu?ng Tr?c,Xã,S?: 1671/NQ-UBTVQH15; Ngày: 16/06/2025,68,T?nh Lâm ??ng
24739,Xã Tuy ??c,Xã,S?: 1671/NQ-UBTVQH15; Ngày: 16/06/2025,68,T?nh Lâm ??ng
24748,Xã Qu?ng Tân,Xã,S?: 1671/NQ-UBTVQH15; Ngày: 16/06/2025,68,T?nh Lâm ??ng
24751,Xã Nhân C?,Xã,S?: 1671/NQ-UBTVQH15; Ngày: 16/06/2025,68,T?nh Lâm ??ng
24760,Xã Qu?ng Tín,Xã,S?: 1671/NQ-UBTVQH15; Ngày: 16/06/2025,68,T?nh Lâm ??ng
24778,Ph??ng Lâm Viên - ?à L?t,Ph??ng,S?: 1671/NQ-UBTVQH15; Ngày: 16/06/2025,68,T?nh Lâm ??ng
24781,Ph??ng Xuân H??ng - ?à L?t,Ph??ng,S?: 1671/NQ-UBTVQH15; Ngày: 16/06/2025,68,T?nh Lâm ??ng
24787,Ph??ng Cam Ly - ?à L?t,Ph??ng,S?: 1671/NQ-UBTVQH15; Ngày: 16/06/2025,68,T?nh Lâm ??ng
24805,Ph??ng Xuân Tr??ng - ?à L?t,Ph??ng,S?: 1671/NQ-UBTVQH15; Ngày: 16/06/2025,68,T?nh Lâm ??ng
24820,Ph??ng 2 B?o L?c,Ph??ng,S?: 1671/NQ-UBTVQH15; Ngày: 16/06/2025,68,T?nh Lâm ??ng
24823,Ph??ng 1 B?o L?c,Ph??ng,S?: 1671/NQ-UBTVQH15; Ngày: 16/06/2025,68,T?nh Lâm ??ng
24829,Ph??ng B’Lao,Ph??ng,S?: 1671/NQ-UBTVQH15; Ngày: 16/06/2025,68,T?nh Lâm ??ng
24841,Ph??ng 3 B?o L?c,Ph??ng,S?: 1671/NQ-UBTVQH15; Ngày: 16/06/2025,68,T?nh Lâm ??ng
24846,Ph??ng Lang Biang - ?à L?t,Ph??ng,S?: 1671/NQ-UBTVQH15; Ngày: 16/06/2025,68,T?nh Lâm ??ng
24848,Xã L?c D??ng,Xã,S?: 1671/NQ-UBTVQH15; Ngày: 16/06/2025,68,T?nh Lâm ??ng
24853,Xã ?am Rông 4,Xã,S?: 1671/NQ-UBTVQH15; Ngày: 16/06/2025,68,T?nh Lâm ??ng
24868,Xã Nam Ban Lâm Hà,Xã,S?: 1671/NQ-UBTVQH15; Ngày: 16/06/2025,68,T?nh Lâm ??ng
24871,Xã ?inh V?n Lâm Hà,Xã,S?: 1671/NQ-UBTVQH15; Ngày: 16/06/2025,68,T?nh Lâm ??ng
24875,Xã ?am Rông 3,Xã,S?: 1671/NQ-UBTVQH15; Ngày: 16/06/2025,68,T?nh Lâm ??ng
24877,Xã ?am Rông 2,Xã,S?: 1671/NQ-UBTVQH15; Ngày: 16/06/2025,68,T?nh Lâm ??ng
24883,Xã Nam Hà Lâm Hà,Xã,S?: 1671/NQ-UBTVQH15; Ngày: 16/06/2025,68,T?nh Lâm ??ng
24886,Xã ?am Rông 1,Xã,S?: 1671/NQ-UBTVQH15; Ngày: 16/06/2025,68,T?nh Lâm ??ng
24895,Xã Phú S?n Lâm Hà,Xã,S?: 1671/NQ-UBTVQH15; Ngày: 16/06/2025,68,T?nh Lâm ??ng
24907,Xã Phúc Th? Lâm Hà,Xã,S?: 1671/NQ-UBTVQH15; Ngày: 16/06/2025,68,T?nh Lâm ??ng
24916,Xã Tân Hà Lâm Hà,Xã,S?: 1671/NQ-UBTVQH15; Ngày: 16/06/2025,68,T?nh Lâm ??ng
24931,Xã ??n D??ng,Xã,S?: 1671/NQ-UBTVQH15; Ngày: 16/06/2025,68,T?nh Lâm ??ng
24934,Xã D’Ran,Xã,S?: 1671/NQ-UBTVQH15; Ngày: 16/06/2025,68,T?nh Lâm ??ng
24943,Xã Ka ?ô,Xã,S?: 1671/NQ-UBTVQH15; Ngày: 16/06/2025,68,T?nh Lâm ??ng
24955,Xã Qu?ng L?p,Xã,S?: 1671/NQ-UBTVQH15; Ngày: 16/06/2025,68,T?nh Lâm ??ng
24958,Xã ??c Tr?ng,Xã,S?: 1671/NQ-UBTVQH15; Ngày: 16/06/2025,68,T?nh Lâm ??ng
24967,Xã Hi?p Th?nh,Xã,S?: 1671/NQ-UBTVQH15; Ngày: 16/06/2025,68,T?nh Lâm ??ng
24976,Xã Tân H?i,Xã,S?: 1671/NQ-UBTVQH15; Ngày: 16/06/2025,68,T?nh Lâm ??ng
24985,Xã Ninh Gia,Xã,S?: 1671/NQ-UBTVQH15; Ngày: 16/06/2025,68,T?nh Lâm ??ng
24988,Xã Tà N?ng,Xã,S?: 1671/NQ-UBTVQH15; Ngày: 16/06/2025,68,T?nh Lâm ??ng
24991,Xã Tà Hine,Xã,S?: 1671/NQ-UBTVQH15; Ngày: 16/06/2025,68,T?nh Lâm ??ng
25000,Xã Di Linh,Xã,S?: 1671/NQ-UBTVQH15; Ngày: 16/06/2025,68,T?nh Lâm ??ng
25007,Xã ?inh Trang Th??ng,Xã,S?: 1671/NQ-UBTVQH15; Ngày: 16/06/2025,68,T?nh Lâm ??ng
25015,Xã Gia Hi?p,Xã,S?: 1671/NQ-UBTVQH15; Ngày: 16/06/2025,68,T?nh Lâm ??ng
25018,Xã B?o Thu?n,Xã,S?: 1671/NQ-UBTVQH15; Ngày: 16/06/2025,68,T?nh Lâm ??ng
25036,Xã Hòa Ninh,Xã,S?: 1671/NQ-UBTVQH15; Ngày: 16/06/2025,68,T?nh Lâm ??ng
25042,Xã Hòa B?c,Xã,S?: 1671/NQ-UBTVQH15; Ngày: 16/06/2025,68,T?nh Lâm ??ng
25051,Xã S?n ?i?n,Xã,S?: 1671/NQ-UBTVQH15; Ngày: 16/06/2025,68,T?nh Lâm ??ng
25054,Xã B?o Lâm 1,Xã,S?: 1671/NQ-UBTVQH15; Ngày: 16/06/2025,68,T?nh Lâm ??ng
25057,Xã B?o Lâm 5,Xã,S?: 1671/NQ-UBTVQH15; Ngày: 16/06/2025,68,T?nh Lâm ??ng
25063,Xã B?o Lâm 4,Xã,S?: 1671/NQ-UBTVQH15; Ngày: 16/06/2025,68,T?nh Lâm ??ng
25084,Xã B?o Lâm 2,Xã,S?: 1671/NQ-UBTVQH15; Ngày: 16/06/2025,68,T?nh Lâm ??ng
25093,Xã B?o Lâm 3,Xã,S?: 1671/NQ-UBTVQH15; Ngày: 16/06/2025,68,T?nh Lâm ??ng
25099,Xã ?? Huoai,Xã,S?: 1671/NQ-UBTVQH15; Ngày: 16/06/2025,68,T?nh Lâm ??ng
25105,Xã ?? Huoai 2,Xã,S?: 1671/NQ-UBTVQH15; Ngày: 16/06/2025,68,T?nh Lâm ??ng
25114,Xã ?? Huoai 3,Xã,S?: 1671/NQ-UBTVQH15; Ngày: 16/06/2025,68,T?nh Lâm ??ng
25126,Xã ?? T?h,Xã,S?: 1671/NQ-UBTVQH15; Ngày: 16/06/2025,68,T?nh Lâm ??ng
25135,Xã ?? T?h 3,Xã,S?: 1671/NQ-UBTVQH15; Ngày: 16/06/2025,68,T?nh Lâm ??ng
25138,Xã ?? T?h 2,Xã,S?: 1671/NQ-UBTVQH15; Ngày: 16/06/2025,68,T?nh Lâm ??ng
25159,Xã Cát Tiên,Xã,S?: 1671/NQ-UBTVQH15; Ngày: 16/06/2025,68,T?nh Lâm ??ng
25162,Xã Cát Tiên 3,Xã,S?: 1671/NQ-UBTVQH15; Ngày: 16/06/2025,68,T?nh Lâm ??ng
25180,Xã Cát Tiên 2,Xã,S?: 1671/NQ-UBTVQH15; Ngày: 16/06/2025,68,T?nh Lâm ??ng
25195,Ph??ng Bình Ph??c,Ph??ng,S?: 1662/NQ-UBTVQH15; Ngày: 16/06/2025,75,T?nh ??ng Nai
25210,Ph??ng ??ng Xoài,Ph??ng,S?: 1662/NQ-UBTVQH15; Ngày: 16/06/2025,75,T?nh ??ng Nai
25217,Ph??ng Ph??c Long,Ph??ng,S?: 1662/NQ-UBTVQH15; Ngày: 16/06/2025,75,T?nh ??ng Nai
25220,Ph??ng Ph??c Bình,Ph??ng,S?: 1662/NQ-UBTVQH15; Ngày: 16/06/2025,75,T?nh ??ng Nai
25222,Xã Bù Gia M?p,Xã,S?: 1662/NQ-UBTVQH15; Ngày: 16/06/2025,75,T?nh ??ng Nai
25225,Xã ??k ?,Xã,S?: 1662/NQ-UBTVQH15; Ngày: 16/06/2025,75,T?nh ??ng Nai
25231,Xã ?a Kia,Xã,S?: 1662/NQ-UBTVQH15; Ngày: 16/06/2025,75,T?nh ??ng Nai
25246,Xã Bình Tân,Xã,S?: 1662/NQ-UBTVQH15; Ngày: 16/06/2025,75,T?nh ??ng Nai
25252,Xã Phú Ri?ng,Xã,S?: 1662/NQ-UBTVQH15; Ngày: 16/06/2025,75,T?nh ??ng Nai
25255,Xã Long Hà,Xã,S?: 1662/NQ-UBTVQH15; Ngày: 16/06/2025,75,T?nh ??ng Nai
25261,Xã Phú Trung,Xã,S?: 1662/NQ-UBTVQH15; Ngày: 16/06/2025,75,T?nh ??ng Nai
25267,Xã Phú Ngh?a,Xã,S?: 1662/NQ-UBTVQH15; Ngày: 16/06/2025,75,T?nh ??ng Nai
25270,Xã L?c Ninh,Xã,S?: 1662/NQ-UBTVQH15; Ngày: 16/06/2025,75,T?nh ??ng Nai
25279,Xã L?c T?n,Xã,S?: 1662/NQ-UBTVQH15; Ngày: 16/06/2025,75,T?nh ??ng Nai
25280,Xã L?c Th?nh,Xã,S?: 1662/NQ-UBTVQH15; Ngày: 16/06/2025,75,T?nh ??ng Nai
25292,Xã L?c Quang,Xã,S?: 1662/NQ-UBTVQH15; Ngày: 16/06/2025,75,T?nh ??ng Nai
25294,Xã L?c Thành,Xã,S?: 1662/NQ-UBTVQH15; Ngày: 16/06/2025,75,T?nh ??ng Nai
25303,Xã L?c H?ng,Xã,S?: 1662/NQ-UBTVQH15; Ngày: 16/06/2025,75,T?nh ??ng Nai
25308,Xã Thi?n H?ng,Xã,S?: 1662/NQ-UBTVQH15; Ngày: 16/06/2025,75,T?nh ??ng Nai
25309,Xã H?ng Ph??c,Xã,S?: 1662/NQ-UBTVQH15; Ngày: 16/06/2025,75,T?nh ??ng Nai
25318,Xã Tân Ti?n,Xã,S?: 1662/NQ-UBTVQH15; Ngày: 16/06/2025,75,T?nh ??ng Nai
25326,Ph??ng Bình Long,Ph??ng,S?: 1662/NQ-UBTVQH15; Ngày: 16/06/2025,75,T?nh ??ng Nai
25333,Ph??ng An L?c,Ph??ng,S?: 1662/NQ-UBTVQH15; Ngày: 16/06/2025,75,T?nh ??ng Nai
25345,Xã Tân H?ng,Xã,S?: 1662/NQ-UBTVQH15; Ngày: 16/06/2025,75,T?nh ??ng Nai
25349,Xã Minh ??c,Xã,S?: 1662/NQ-UBTVQH15; Ngày: 16/06/2025,75,T?nh ??ng Nai
25351,Xã Tân Quan,Xã,S?: 1662/NQ-UBTVQH15; Ngày: 16/06/2025,75,T?nh ??ng Nai
25357,Xã Tân Khai,Xã,S?: 1662/NQ-UBTVQH15; Ngày: 16/06/2025,75,T?nh ??ng Nai
25363,Xã ??ng Phú,Xã,S?: 1662/NQ-UBTVQH15; Ngày: 16/06/2025,75,T?nh ??ng Nai
25378,Xã Tân L?i,Xã,S?: 1662/NQ-UBTVQH15; Ngày: 16/06/2025,75,T?nh ??ng Nai
25387,Xã Thu?n L?i,Xã,S?: 1662/NQ-UBTVQH15; Ngày: 16/06/2025,75,T?nh ??ng Nai
25390,Xã ??ng Tâm,Xã,S?: 1662/NQ-UBTVQH15; Ngày: 16/06/2025,75,T?nh ??ng Nai
25396,Xã Bù ??ng,Xã,S?: 1662/NQ-UBTVQH15; Ngày: 16/06/2025,75,T?nh ??ng Nai
25399,Xã ?ak Nhau,Xã,S?: 1662/NQ-UBTVQH15; Ngày: 16/06/2025,75,T?nh ??ng Nai
25402,Xã Th? S?n,Xã,S?: 1662/NQ-UBTVQH15; Ngày: 16/06/2025,75,T?nh ??ng Nai
25405,Xã Bom Bo,Xã,S?: 1662/NQ-UBTVQH15; Ngày: 16/06/2025,75,T?nh ??ng Nai
25417,Xã Ngh?a Trung,Xã,S?: 1662/NQ-UBTVQH15; Ngày: 16/06/2025,75,T?nh ??ng Nai
25420,Xã Ph??c S?n,Xã,S?: 1662/NQ-UBTVQH15; Ngày: 16/06/2025,75,T?nh ??ng Nai
25432,Ph??ng Ch?n Thành,Ph??ng,S?: 1662/NQ-UBTVQH15; Ngày: 16/06/2025,75,T?nh ??ng Nai
25441,Ph??ng Minh H?ng,Ph??ng,S?: 1662/NQ-UBTVQH15; Ngày: 16/06/2025,75,T?nh ??ng Nai
25450,Xã Nha Bích,Xã,S?: 1662/NQ-UBTVQH15; Ngày: 16/06/2025,75,T?nh ??ng Nai
25993,Ph??ng Tr?ng Dài,Ph??ng,S?: 1662/NQ-UBTVQH15; Ngày: 16/06/2025,75,T?nh ??ng Nai
26005,Ph??ng H? Nai,Ph??ng,S?: 1662/NQ-UBTVQH15; Ngày: 16/06/2025,75,T?nh ??ng Nai
26017,Ph??ng Tam Hi?p,Ph??ng,S?: 1662/NQ-UBTVQH15; Ngày: 16/06/2025,75,T?nh ??ng Nai
26020,Ph??ng Long Bình,Ph??ng,S?: 1662/NQ-UBTVQH15; Ngày: 16/06/2025,75,T?nh ??ng Nai
26041,Ph??ng Tr?n Biên,Ph??ng,S?: 1662/NQ-UBTVQH15; Ngày: 16/06/2025,75,T?nh ??ng Nai
26068,Ph??ng Biên Hòa,Ph??ng,S?: 1662/NQ-UBTVQH15; Ngày: 16/06/2025,75,T?nh ??ng Nai
26080,Ph??ng Long Khánh,Ph??ng,S?: 1662/NQ-UBTVQH15; Ngày: 16/06/2025,75,T?nh ??ng Nai
26089,Ph??ng Bình L?c,Ph??ng,S?: 1662/NQ-UBTVQH15; Ngày: 16/06/2025,75,T?nh ??ng Nai
26098,Ph??ng B?o Vinh,Ph??ng,S?: 1662/NQ-UBTVQH15; Ngày: 16/06/2025,75,T?nh ??ng Nai
26104,Ph??ng Xuân L?p,Ph??ng,S?: 1662/NQ-UBTVQH15; Ngày: 16/06/2025,75,T?nh ??ng Nai
26113,Ph??ng Hàng Gòn,Ph??ng,S?: 1662/NQ-UBTVQH15; Ngày: 16/06/2025,75,T?nh ??ng Nai
26116,Xã Tân Phú,Xã,S?: 1662/NQ-UBTVQH15; Ngày: 16/06/2025,75,T?nh ??ng Nai
26119,Xã ?ak Lua,Xã,S?: 1662/NQ-UBTVQH15; Ngày: 16/06/2025,75,T?nh ??ng Nai
26122,Xã Nam Cát Tiên,Xã,S?: 1662/NQ-UBTVQH15; Ngày: 16/06/2025,75,T?nh ??ng Nai
26134,Xã Tà Lài,Xã,S?: 1662/NQ-UBTVQH15; Ngày: 16/06/2025,75,T?nh ??ng Nai
26158,Xã Phú Lâm,Xã,S?: 1662/NQ-UBTVQH15; Ngày: 16/06/2025,75,T?nh ??ng Nai
26170,Xã Tr? An,Xã,S?: 1662/NQ-UBTVQH15; Ngày: 16/06/2025,75,T?nh ??ng Nai
26173,Xã Phú Lý,Xã,S?: 1662/NQ-UBTVQH15; Ngày: 16/06/2025,75,T?nh ??ng Nai
26179,Xã Tân An,Xã,S?: 1662/NQ-UBTVQH15; Ngày: 16/06/2025,75,T?nh ??ng Nai
26188,Ph??ng Tân Tri?u,Ph??ng,S?: 1662/NQ-UBTVQH15; Ngày: 16/06/2025,75,T?nh ??ng Nai
26206,Xã ??nh Quán,Xã,S?: 1662/NQ-UBTVQH15; Ngày: 16/06/2025,75,T?nh ??ng Nai
26209,Xã Thanh S?n,Xã,S?: 1662/NQ-UBTVQH15; Ngày: 16/06/2025,75,T?nh ??ng Nai
26215,Xã Phú Vinh,Xã,S?: 1662/NQ-UBTVQH15; Ngày: 16/06/2025,75,T?nh ??ng Nai
26221,Xã Phú Hòa,Xã,S?: 1662/NQ-UBTVQH15; Ngày: 16/06/2025,75,T?nh ??ng Nai
26227,Xã La Ngà,Xã,S?: 1662/NQ-UBTVQH15; Ngày: 16/06/2025,75,T?nh ??ng Nai
26248,Xã Tr?ng Bom,Xã,S?: 1662/NQ-UBTVQH15; Ngày: 16/06/2025,75,T?nh ??ng Nai
26254,Xã Bàu Hàm,Xã,S?: 1662/NQ-UBTVQH15; Ngày: 16/06/2025,75,T?nh ??ng Nai
26278,Xã Bình Minh,Xã,S?: 1662/NQ-UBTVQH15; Ngày: 16/06/2025,75,T?nh ??ng Nai
26281,Xã H?ng Th?nh,Xã,S?: 1662/NQ-UBTVQH15; Ngày: 16/06/2025,75,T?nh ??ng Nai
26296,Xã An Vi?n,Xã,S?: 1662/NQ-UBTVQH15; Ngày: 16/06/2025,75,T?nh ??ng Nai
26299,Xã Th?ng Nh?t,Xã,S?: 1662/NQ-UBTVQH15; Ngày: 16/06/2025,75,T?nh ??ng Nai
26311,Xã Gia Ki?m,Xã,S?: 1662/NQ-UBTVQH15; Ngày: 16/06/2025,75,T?nh ??ng Nai
26326,Xã D?u Giây,Xã,S?: 1662/NQ-UBTVQH15; Ngày: 16/06/2025,75,T?nh ??ng Nai
26332,Xã Xuân Qu?,Xã,S?: 1662/NQ-UBTVQH15; Ngày: 16/06/2025,75,T?nh ??ng Nai
26341,Xã C?m M?,Xã,S?: 1662/NQ-UBTVQH15; Ngày: 16/06/2025,75,T?nh ??ng Nai
26347,Xã Xuân ???ng,Xã,S?: 1662/NQ-UBTVQH15; Ngày: 16/06/2025,75,T?nh ??ng Nai
26359,Xã Xuân ?ông,Xã,S?: 1662/NQ-UBTVQH15; Ngày: 16/06/2025,75,T?nh ??ng Nai
26362,Xã Sông Ray,Xã,S?: 1662/NQ-UBTVQH15; Ngày: 16/06/2025,75,T?nh ??ng Nai
26368,Xã Long Thành,Xã,S?: 1662/NQ-UBTVQH15; Ngày: 16/06/2025,75,T?nh ??ng Nai
26374,Ph??ng Tam Ph??c,Ph??ng,S?: 1662/NQ-UBTVQH15; Ngày: 16/06/2025,75,T?nh ??ng Nai
26377,Ph??ng Ph??c Tân,Ph??ng,S?: 1662/NQ-UBTVQH15; Ngày: 16/06/2025,75,T?nh ??ng Nai
26380,Ph??ng Long H?ng,Ph??ng,S?: 1662/NQ-UBTVQH15; Ngày: 16/06/2025,75,T?nh ??ng Nai
26383,Xã An Ph??c,Xã,S?: 1662/NQ-UBTVQH15; Ngày: 16/06/2025,75,T?nh ??ng Nai
26389,Xã Bình An,Xã,S?: 1662/NQ-UBTVQH15; Ngày: 16/06/2025,75,T?nh ??ng Nai
26413,Xã Long Ph??c,Xã,S?: 1662/NQ-UBTVQH15; Ngày: 16/06/2025,75,T?nh ??ng Nai
26422,Xã Ph??c Thái,Xã,S?: 1662/NQ-UBTVQH15; Ngày: 16/06/2025,75,T?nh ??ng Nai
26425,Xã Xuân L?c,Xã,S?: 1662/NQ-UBTVQH15; Ngày: 16/06/2025,75,T?nh ??ng Nai
26428,Xã Xuân B?c,Xã,S?: 1662/NQ-UBTVQH15; Ngày: 16/06/2025,75,T?nh ??ng Nai
26434,Xã Xuân Thành,Xã,S?: 1662/NQ-UBTVQH15; Ngày: 16/06/2025,75,T?nh ??ng Nai
26446,Xã Xuân Hòa,Xã,S?: 1662/NQ-UBTVQH15; Ngày: 16/06/2025,75,T?nh ??ng Nai
26458,Xã Xuân Phú,Xã,S?: 1662/NQ-UBTVQH15; Ngày: 16/06/2025,75,T?nh ??ng Nai
26461,Xã Xuân ??nh,Xã,S?: 1662/NQ-UBTVQH15; Ngày: 16/06/2025,75,T?nh ??ng Nai
26485,Xã Nh?n Tr?ch,Xã,S?: 1662/NQ-UBTVQH15; Ngày: 16/06/2025,75,T?nh ??ng Nai
26491,Xã ??i Ph??c,Xã,S?: 1662/NQ-UBTVQH15; Ngày: 16/06/2025,75,T?nh ??ng Nai
26503,Xã Ph??c An,Xã,S?: 1662/NQ-UBTVQH15; Ngày: 16/06/2025,75,T?nh ??ng Nai
25747,Ph??ng Th? D?u M?t,Ph??ng,S?: 1685/NQ-UBTVQH15; Ngày: 16/06/2025,79,Thành ph? H? Chí Minh
25750,Ph??ng Phú L?i,Ph??ng,S?: 1685/NQ-UBTVQH15; Ngày: 16/06/2025,79,Thành ph? H? Chí Minh
25760,Ph??ng Bình D??ng,Ph??ng,S?: 1685/NQ-UBTVQH15; Ngày: 16/06/2025,79,Thành ph? H? Chí Minh
25768,Ph??ng Phú An,Ph??ng,S?: 1685/NQ-UBTVQH15; Ngày: 16/06/2025,79,Thành ph? H? Chí Minh
25771,Ph??ng Chánh Hi?p,Ph??ng,S?: 1685/NQ-UBTVQH15; Ngày: 16/06/2025,79,Thành ph? H? Chí Minh
25777,Xã D?u Ti?ng,Xã,S?: 1685/NQ-UBTVQH15; Ngày: 16/06/2025,79,Thành ph? H? Chí Minh
25780,Xã Minh Th?nh,Xã,S?: 1685/NQ-UBTVQH15; Ngày: 16/06/2025,79,Thành ph? H? Chí Minh
25792,Xã Long Hòa,Xã,S?: 1685/NQ-UBTVQH15; Ngày: 16/06/2025,79,Thành ph? H? Chí Minh
25807,Xã Thanh An,Xã,S?: 1685/NQ-UBTVQH15; Ngày: 16/06/2025,79,Thành ph? H? Chí Minh
25813,Ph??ng B?n Cát,Ph??ng,S?: 1685/NQ-UBTVQH15; Ngày: 16/06/2025,79,Thành ph? H? Chí Minh
25819,Xã Tr? V?n Th?,Xã,S?: 1685/NQ-UBTVQH15; Ngày: 16/06/2025,79,Thành ph? H? Chí Minh
25822,Xã Bàu Bàng,Xã,S?: 1685/NQ-UBTVQH15; Ngày: 16/06/2025,79,Thành ph? H? Chí Minh
25837,Ph??ng Chánh Phú Hòa,Ph??ng,S?: 1685/NQ-UBTVQH15; Ngày: 16/06/2025,79,Thành ph? H? Chí Minh
25840,Ph??ng Long Nguyên,Ph??ng,S?: 1685/NQ-UBTVQH15; Ngày: 16/06/2025,79,Thành ph? H? Chí Minh
25843,Ph??ng Tây Nam,Ph??ng,S?: 1685/NQ-UBTVQH15; Ngày: 16/06/2025,79,Thành ph? H? Chí Minh
25846,Ph??ng Th?i Hòa,Ph??ng,S?: 1685/NQ-UBTVQH15; Ngày: 16/06/2025,79,Thành ph? H? Chí Minh
25849,Ph??ng Hòa L?i,Ph??ng,S?: 1685/NQ-UBTVQH15; Ngày: 16/06/2025,79,Thành ph? H? Chí Minh
25858,Xã Phú Giáo,Xã,S?: 1685/NQ-UBTVQH15; Ngày: 16/06/2025,79,Thành ph? H? Chí Minh
25864,Xã Ph??c Thành,Xã,S?: 1685/NQ-UBTVQH15; Ngày: 16/06/2025,79,Thành ph? H? Chí Minh
25867,Xã An Long,Xã,S?: 1685/NQ-UBTVQH15; Ngày: 16/06/2025,79,Thành ph? H? Chí Minh
25882,Xã Ph??c Hòa,Xã,S?: 1685/NQ-UBTVQH15; Ngày: 16/06/2025,79,Thành ph? H? Chí Minh
25888,Ph??ng Tân Uyên,Ph??ng,S?: 1685/NQ-UBTVQH15; Ngày: 16/06/2025,79,Thành ph? H? Chí Minh
25891,Ph??ng Tân Khánh,Ph??ng,S?: 1685/NQ-UBTVQH15; Ngày: 16/06/2025,79,Thành ph? H? Chí Minh
25906,Xã B?c Tân Uyên,Xã,S?: 1685/NQ-UBTVQH15; Ngày: 16/06/2025,79,Thành ph? H? Chí Minh
25909,Xã Th??ng Tân,Xã,S?: 1685/NQ-UBTVQH15; Ngày: 16/06/2025,79,Thành ph? H? Chí Minh
25912,Ph??ng V?nh Tân,Ph??ng,S?: 1685/NQ-UBTVQH15; Ngày: 16/06/2025,79,Thành ph? H? Chí Minh
25915,Ph??ng Bình C?,Ph??ng,S?: 1685/NQ-UBTVQH15; Ngày: 16/06/2025,79,Thành ph? H? Chí Minh
25920,Ph??ng Tân Hi?p,Ph??ng,S?: 1685/NQ-UBTVQH15; Ngày: 16/06/2025,79,Thành ph? H? Chí Minh
25942,Ph??ng D? An,Ph??ng,S?: 1685/NQ-UBTVQH15; Ngày: 16/06/2025,79,Thành ph? H? Chí Minh
25945,Ph??ng Tân ?ông Hi?p,Ph??ng,S?: 1685/NQ-UBTVQH15; Ngày: 16/06/2025,79,Thành ph? H? Chí Minh
25951,Ph??ng ?ông Hòa,Ph??ng,S?: 1685/NQ-UBTVQH15; Ngày: 16/06/2025,79,Thành ph? H? Chí Minh
25966,Ph??ng Lái Thiêu,Ph??ng,S?: 1685/NQ-UBTVQH15; Ngày: 16/06/2025,79,Thành ph? H? Chí Minh
25969,Ph??ng Thu?n Giao,Ph??ng,S?: 1685/NQ-UBTVQH15; Ngày: 16/06/2025,79,Thành ph? H? Chí Minh
25975,Ph??ng An Phú,Ph??ng,S?: 1685/NQ-UBTVQH15; Ngày: 16/06/2025,79,Thành ph? H? Chí Minh
25978,Ph??ng Thu?n An,Ph??ng,S?: 1685/NQ-UBTVQH15; Ngày: 16/06/2025,79,Thành ph? H? Chí Minh
25987,Ph??ng Bình Hòa,Ph??ng,S?: 1685/NQ-UBTVQH15; Ngày: 16/06/2025,79,Thành ph? H? Chí Minh
26506,Ph??ng V?ng Tàu,Ph??ng,S?: 1685/NQ-UBTVQH15; Ngày: 16/06/2025,79,Thành ph? H? Chí Minh
26526,Ph??ng Tam Th?ng,Ph??ng,S?: 1685/NQ-UBTVQH15; Ngày: 16/06/2025,79,Thành ph? H? Chí Minh
26536,Ph??ng R?ch D?a,Ph??ng,S?: 1685/NQ-UBTVQH15; Ngày: 16/06/2025,79,Thành ph? H? Chí Minh
26542,Ph??ng Ph??c Th?ng,Ph??ng,S?: 1685/NQ-UBTVQH15; Ngày: 16/06/2025,79,Thành ph? H? Chí Minh
26545,Xã Long S?n,Xã,S?: 1685/NQ-UBTVQH15; Ngày: 16/06/2025,79,Thành ph? H? Chí Minh
26560,Ph??ng Bà R?a,Ph??ng,S?: 1685/NQ-UBTVQH15; Ngày: 16/06/2025,79,Thành ph? H? Chí Minh
26566,Ph??ng Long H??ng,Ph??ng,S?: 1685/NQ-UBTVQH15; Ngày: 16/06/2025,79,Thành ph? H? Chí Minh
26572,Ph??ng Tam Long,Ph??ng,S?: 1685/NQ-UBTVQH15; Ngày: 16/06/2025,79,Thành ph? H? Chí Minh
26575,Xã Ngãi Giao,Xã,S?: 1685/NQ-UBTVQH15; Ngày: 16/06/2025,79,Thành ph? H? Chí Minh
26584,Xã Xuân S?n,Xã,S?: 1685/NQ-UBTVQH15; Ngày: 16/06/2025,79,Thành ph? H? Chí Minh
26590,Xã Bình Giã,Xã,S?: 1685/NQ-UBTVQH15; Ngày: 16/06/2025,79,Thành ph? H? Chí Minh
26596,Xã Châu ??c,Xã,S?: 1685/NQ-UBTVQH15; Ngày: 16/06/2025,79,Thành ph? H? Chí Minh
26608,Xã Kim Long,Xã,S?: 1685/NQ-UBTVQH15; Ngày: 16/06/2025,79,Thành ph? H? Chí Minh
26617,Xã Ngh?a Thành,Xã,S?: 1685/NQ-UBTVQH15; Ngày: 16/06/2025,79,Thành ph? H? Chí Minh
26620,Xã H? Tràm,Xã,S?: 1685/NQ-UBTVQH15; Ngày: 16/06/2025,79,Thành ph? H? Chí Minh
26632,Xã Xuyên M?c,Xã,S?: 1685/NQ-UBTVQH15; Ngày: 16/06/2025,79,Thành ph? H? Chí Minh
26638,Xã Bàu Lâm,Xã,S?: 1685/NQ-UBTVQH15; Ngày: 16/06/2025,79,Thành ph? H? Chí Minh
26641,Xã Hòa H?i,Xã,S?: 1685/NQ-UBTVQH15; Ngày: 16/06/2025,79,Thành ph? H? Chí Minh
26647,Xã Hòa Hi?p,Xã,S?: 1685/NQ-UBTVQH15; Ngày: 16/06/2025,79,Thành ph? H? Chí Minh
26656,Xã Bình Châu,Xã,S?: 1685/NQ-UBTVQH15; Ngày: 16/06/2025,79,Thành ph? H? Chí Minh
26659,Xã Long ?i?n,Xã,S?: 1685/NQ-UBTVQH15; Ngày: 16/06/2025,79,Thành ph? H? Chí Minh
26662,Xã Long H?i,Xã,S?: 1685/NQ-UBTVQH15; Ngày: 16/06/2025,79,Thành ph? H? Chí Minh
26680,Xã ??t ??,Xã,S?: 1685/NQ-UBTVQH15; Ngày: 16/06/2025,79,Thành ph? H? Chí Minh
26686,Xã Ph??c H?i,Xã,S?: 1685/NQ-UBTVQH15; Ngày: 16/06/2025,79,Thành ph? H? Chí Minh
26704,Ph??ng Phú M?,Ph??ng,S?: 1685/NQ-UBTVQH15; Ngày: 16/06/2025,79,Thành ph? H? Chí Minh
26710,Ph??ng Tân H?i,Ph??ng,S?: 1685/NQ-UBTVQH15; Ngày: 16/06/2025,79,Thành ph? H? Chí Minh
26713,Ph??ng Tân Ph??c,Ph??ng,S?: 1685/NQ-UBTVQH15; Ngày: 16/06/2025,79,Thành ph? H? Chí Minh
26725,Ph??ng Tân Thành,Ph??ng,S?: 1685/NQ-UBTVQH15; Ngày: 16/06/2025,79,Thành ph? H? Chí Minh
26728,Xã Châu Pha,Xã,S?: 1685/NQ-UBTVQH15; Ngày: 16/06/2025,79,Thành ph? H? Chí Minh
26732,??c khu Côn ??o,??c khu,S?: 1685/NQ-UBTVQH15; Ngày: 16/06/2025,79,Thành ph? H? Chí Minh
26737,Ph??ng Tân ??nh,Ph??ng,S?: 1685/NQ-UBTVQH15; Ngày: 16/06/2025,79,Thành ph? H? Chí Minh
26740,Ph??ng Sài Gòn,Ph??ng,S?: 1685/NQ-UBTVQH15; Ngày: 16/06/2025,79,Thành ph? H? Chí Minh
26743,Ph??ng B?n Thành,Ph??ng,S?: 1685/NQ-UBTVQH15; Ngày: 16/06/2025,79,Thành ph? H? Chí Minh
26758,Ph??ng C?u Ông Lãnh,Ph??ng,S?: 1685/NQ-UBTVQH15; Ngày: 16/06/2025,79,Thành ph? H? Chí Minh
26767,Ph??ng An Phú ?ông,Ph??ng,S?: 1685/NQ-UBTVQH15; Ngày: 16/06/2025,79,Thành ph? H? Chí Minh
26773,Ph??ng Th?i An,Ph??ng,S?: 1685/NQ-UBTVQH15; Ngày: 16/06/2025,79,Thành ph? H? Chí Minh
26782,Ph??ng Tân Th?i Hi?p,Ph??ng,S?: 1685/NQ-UBTVQH15; Ngày: 16/06/2025,79,Thành ph? H? Chí Minh
26785,Ph??ng Trung M? Tây,Ph??ng,S?: 1685/NQ-UBTVQH15; Ngày: 16/06/2025,79,Thành ph? H? Chí Minh
26791,Ph??ng ?ông H?ng Thu?n,Ph??ng,S?: 1685/NQ-UBTVQH15; Ngày: 16/06/2025,79,Thành ph? H? Chí Minh
26800,Ph??ng Linh Xuân,Ph??ng,S?: 1685/NQ-UBTVQH15; Ngày: 16/06/2025,79,Thành ph? H? Chí Minh
26803,Ph??ng Tam Bình,Ph??ng,S?: 1685/NQ-UBTVQH15; Ngày: 16/06/2025,79,Thành ph? H? Chí Minh
26809,Ph??ng Hi?p Bình,Ph??ng,S?: 1685/NQ-UBTVQH15; Ngày: 16/06/2025,79,Thành ph? H? Chí Minh
26824,Ph??ng Th? ??c,Ph??ng,S?: 1685/NQ-UBTVQH15; Ngày: 16/06/2025,79,Thành ph? H? Chí Minh
26833,Ph??ng Long Bình,Ph??ng,S?: 1685/NQ-UBTVQH15; Ngày: 16/06/2025,79,Thành ph? H? Chí Minh
26842,Ph??ng T?ng Nh?n Phú,Ph??ng,S?: 1685/NQ-UBTVQH15; Ngày: 16/06/2025,79,Thành ph? H? Chí Minh
26848,Ph??ng Ph??c Long,Ph??ng,S?: 1685/NQ-UBTVQH15; Ngày: 16/06/2025,79,Thành ph? H? Chí Minh
26857,Ph??ng Long Ph??c,Ph??ng,S?: 1685/NQ-UBTVQH15; Ngày: 16/06/2025,79,Thành ph? H? Chí Minh
26860,Ph??ng Long Tr??ng,Ph??ng,S?: 1685/NQ-UBTVQH15; Ngày: 16/06/2025,79,Thành ph? H? Chí Minh
26876,Ph??ng An Nh?n,Ph??ng,S?: 1685/NQ-UBTVQH15; Ngày: 16/06/2025,79,Thành ph? H? Chí Minh
26878,Ph??ng An H?i ?ông,Ph??ng,S?: 1685/NQ-UBTVQH15; Ngày: 16/06/2025,79,Thành ph? H? Chí Minh
26882,Ph??ng An H?i Tây,Ph??ng,S?: 1685/NQ-UBTVQH15; Ngày: 16/06/2025,79,Thành ph? H? Chí Minh
26884,Ph??ng Gò V?p,Ph??ng,S?: 1685/NQ-UBTVQH15; Ngày: 16/06/2025,79,Thành ph? H? Chí Minh
26890,Ph??ng H?nh Thông,Ph??ng,S?: 1685/NQ-UBTVQH15; Ngày: 16/06/2025,79,Thành ph? H? Chí Minh
26898,Ph??ng Thông Tây H?i,Ph??ng,S?: 1685/NQ-UBTVQH15; Ngày: 16/06/2025,79,Thành ph? H? Chí Minh
26905,Ph??ng Bình L?i Trung,Ph??ng,S?: 1685/NQ-UBTVQH15; Ngày: 16/06/2025,79,Thành ph? H? Chí Minh
26911,Ph??ng Bình Qu?i,Ph??ng,S?: 1685/NQ-UBTVQH15; Ngày: 16/06/2025,79,Thành ph? H? Chí Minh
26929,Ph??ng Bình Th?nh,Ph??ng,S?: 1685/NQ-UBTVQH15; Ngày: 16/06/2025,79,Thành ph? H? Chí Minh
26944,Ph??ng Gia ??nh,Ph??ng,S?: 1685/NQ-UBTVQH15; Ngày: 16/06/2025,79,Thành ph? H? Chí Minh
26956,Ph??ng Th?nh M? Tây,Ph??ng,S?: 1685/NQ-UBTVQH15; Ngày: 16/06/2025,79,Thành ph? H? Chí Minh
26968,Ph??ng Tân S?n Nh?t,Ph??ng,S?: 1685/NQ-UBTVQH15; Ngày: 16/06/2025,79,Thành ph? H? Chí Minh
26977,Ph??ng Tân S?n Hòa,Ph??ng,S?: 1685/NQ-UBTVQH15; Ngày: 16/06/2025,79,Thành ph? H? Chí Minh
26983,Ph??ng B?y Hi?n,Ph??ng,S?: 1685/NQ-UBTVQH15; Ngày: 16/06/2025,79,Thành ph? H? Chí Minh
26995,Ph??ng Tân Hòa,Ph??ng,S?: 1685/NQ-UBTVQH15; Ngày: 16/06/2025,79,Thành ph? H? Chí Minh
27004,Ph??ng Tân Bình,Ph??ng,S?: 1685/NQ-UBTVQH15; Ngày: 16/06/2025,79,Thành ph? H? Chí Minh
27007,Ph??ng Tân S?n,Ph??ng,S?: 1685/NQ-UBTVQH15; Ngày: 16/06/2025,79,Thành ph? H? Chí Minh
27013,Ph??ng Tây Th?nh,Ph??ng,S?: 1685/NQ-UBTVQH15; Ngày: 16/06/2025,79,Thành ph? H? Chí Minh
27019,Ph??ng Tân S?n Nhì,Ph??ng,S?: 1685/NQ-UBTVQH15; Ngày: 16/06/2025,79,Thành ph? H? Chí Minh
27022,Ph??ng Phú Th? Hòa,Ph??ng,S?: 1685/NQ-UBTVQH15; Ngày: 16/06/2025,79,Thành ph? H? Chí Minh
27028,Ph??ng Phú Th?nh,Ph??ng,S?: 1685/NQ-UBTVQH15; Ngày: 16/06/2025,79,Thành ph? H? Chí Minh
27031,Ph??ng Tân Phú,Ph??ng,S?: 1685/NQ-UBTVQH15; Ngày: 16/06/2025,79,Thành ph? H? Chí Minh
27043,Ph??ng ??c Nhu?n,Ph??ng,S?: 1685/NQ-UBTVQH15; Ngày: 16/06/2025,79,Thành ph? H? Chí Minh
27058,Ph??ng C?u Ki?u,Ph??ng,S?: 1685/NQ-UBTVQH15; Ngày: 16/06/2025,79,Thành ph? H? Chí Minh
27073,Ph??ng Phú Nhu?n,Ph??ng,S?: 1685/NQ-UBTVQH15; Ngày: 16/06/2025,79,Thành ph? H? Chí Minh
27094,Ph??ng An Khánh,Ph??ng,S?: 1685/NQ-UBTVQH15; Ngày: 16/06/2025,79,Thành ph? H? Chí Minh
27097,Ph??ng Bình Tr?ng,Ph??ng,S?: 1685/NQ-UBTVQH15; Ngày: 16/06/2025,79,Thành ph? H? Chí Minh
27112,Ph??ng Cát Lái,Ph??ng,S?: 1685/NQ-UBTVQH15; Ngày: 16/06/2025,79,Thành ph? H? Chí Minh
27139,Ph??ng Xuân Hòa,Ph??ng,S?: 1685/NQ-UBTVQH15; Ngày: 16/06/2025,79,Thành ph? H? Chí Minh
27142,Ph??ng Nhiêu L?c,Ph??ng,S?: 1685/NQ-UBTVQH15; Ngày: 16/06/2025,79,Thành ph? H? Chí Minh
27154,Ph??ng Bàn C?,Ph??ng,S?: 1685/NQ-UBTVQH15; Ngày: 16/06/2025,79,Thành ph? H? Chí Minh
27163,Ph??ng Hòa H?ng,Ph??ng,S?: 1685/NQ-UBTVQH15; Ngày: 16/06/2025,79,Thành ph? H? Chí Minh
27169,Ph??ng Diên H?ng,Ph??ng,S?: 1685/NQ-UBTVQH15; Ngày: 16/06/2025,79,Thành ph? H? Chí Minh
27190,Ph??ng V??n Lài,Ph??ng,S?: 1685/NQ-UBTVQH15; Ngày: 16/06/2025,79,Thành ph? H? Chí Minh
27211,Ph??ng Hòa Bình,Ph??ng,S?: 1685/NQ-UBTVQH15; Ngày: 16/06/2025,79,Thành ph? H? Chí Minh
27226,Ph??ng Phú Th?,Ph??ng,S?: 1685/NQ-UBTVQH15; Ngày: 16/06/2025,79,Thành ph? H? Chí Minh
27232,Ph??ng Bình Th?i,Ph??ng,S?: 1685/NQ-UBTVQH15; Ngày: 16/06/2025,79,Thành ph? H? Chí Minh
27238,Ph??ng Minh Ph?ng,Ph??ng,S?: 1685/NQ-UBTVQH15; Ngày: 16/06/2025,79,Thành ph? H? Chí Minh
27259,Ph??ng Xóm Chi?u,Ph??ng,S?: 1685/NQ-UBTVQH15; Ngày: 16/06/2025,79,Thành ph? H? Chí Minh
27265,Ph??ng Khánh H?i,Ph??ng,S?: 1685/NQ-UBTVQH15; Ngày: 16/06/2025,79,Thành ph? H? Chí Minh
27286,Ph??ng V?nh H?i,Ph??ng,S?: 1685/NQ-UBTVQH15; Ngày: 16/06/2025,79,Thành ph? H? Chí Minh
27301,Ph??ng Ch? Quán,Ph??ng,S?: 1685/NQ-UBTVQH15; Ngày: 16/06/2025,79,Thành ph? H? Chí Minh
27316,Ph??ng An ?ông,Ph??ng,S?: 1685/NQ-UBTVQH15; Ngày: 16/06/2025,79,Thành ph? H? Chí Minh
27343,Ph??ng Ch? L?n,Ph??ng,S?: 1685/NQ-UBTVQH15; Ngày: 16/06/2025,79,Thành ph? H? Chí Minh
27349,Ph??ng Phú Lâm,Ph??ng,S?: 1685/NQ-UBTVQH15; Ngày: 16/06/2025,79,Thành ph? H? Chí Minh
27364,Ph??ng Bình Phú,Ph??ng,S?: 1685/NQ-UBTVQH15; Ngày: 16/06/2025,79,Thành ph? H? Chí Minh
27367,Ph??ng Bình Tây,Ph??ng,S?: 1685/NQ-UBTVQH15; Ngày: 16/06/2025,79,Thành ph? H? Chí Minh
27373,Ph??ng Bình Tiên,Ph??ng,S?: 1685/NQ-UBTVQH15; Ngày: 16/06/2025,79,Thành ph? H? Chí Minh
27418,Ph??ng Chánh H?ng,Ph??ng,S?: 1685/NQ-UBTVQH15; Ngày: 16/06/2025,79,Thành ph? H? Chí Minh
27424,Ph??ng Bình ?ông,Ph??ng,S?: 1685/NQ-UBTVQH15; Ngày: 16/06/2025,79,Thành ph? H? Chí Minh
27427,Ph??ng Phú ??nh,Ph??ng,S?: 1685/NQ-UBTVQH15; Ngày: 16/06/2025,79,Thành ph? H? Chí Minh
27439,Ph??ng Bình H?ng Hòa,Ph??ng,S?: 1685/NQ-UBTVQH15; Ngày: 16/06/2025,79,Thành ph? H? Chí Minh
27442,Ph??ng Bình Tân,Ph??ng,S?: 1685/NQ-UBTVQH15; Ngày: 16/06/2025,79,Thành ph? H? Chí Minh
27448,Ph??ng Bình Tr? ?ông,Ph??ng,S?: 1685/NQ-UBTVQH15; Ngày: 16/06/2025,79,Thành ph? H? Chí Minh
27457,Ph??ng Tân T?o,Ph??ng,S?: 1685/NQ-UBTVQH15; Ngày: 16/06/2025,79,Thành ph? H? Chí Minh
27460,Ph??ng An L?c,Ph??ng,S?: 1685/NQ-UBTVQH15; Ngày: 16/06/2025,79,Thành ph? H? Chí Minh
27475,Ph??ng Tân H?ng,Ph??ng,S?: 1685/NQ-UBTVQH15; Ngày: 16/06/2025,79,Thành ph? H? Chí Minh
27478,Ph??ng Tân Thu?n,Ph??ng,S?: 1685/NQ-UBTVQH15; Ngày: 16/06/2025,79,Thành ph? H? Chí Minh
27484,Ph??ng Phú Thu?n,Ph??ng,S?: 1685/NQ-UBTVQH15; Ngày: 16/06/2025,79,Thành ph? H? Chí Minh
27487,Ph??ng Tân M?,Ph??ng,S?: 1685/NQ-UBTVQH15; Ngày: 16/06/2025,79,Thành ph? H? Chí Minh
27496,Xã Tân An H?i,Xã,S?: 1685/NQ-UBTVQH15; Ngày: 16/06/2025,79,Thành ph? H? Chí Minh
27508,Xã An Nh?n Tây,Xã,S?: 1685/NQ-UBTVQH15; Ngày: 16/06/2025,79,Thành ph? H? Chí Minh
27511,Xã Nhu?n ??c,Xã,S?: 1685/NQ-UBTVQH15; Ngày: 16/06/2025,79,Thành ph? H? Chí Minh
27526,Xã Thái M?,Xã,S?: 1685/NQ-UBTVQH15; Ngày: 16/06/2025,79,Thành ph? H? Chí Minh
27541,Xã Phú Hòa ?ông,Xã,S?: 1685/NQ-UBTVQH15; Ngày: 16/06/2025,79,Thành ph? H? Chí Minh
27544,Xã Bình M?,Xã,S?: 1685/NQ-UBTVQH15; Ngày: 16/06/2025,79,Thành ph? H? Chí Minh
27553,Xã C? Chi,Xã,S?: 1685/NQ-UBTVQH15; Ngày: 16/06/2025,79,Thành ph? H? Chí Minh
27559,Xã Hóc Môn,Xã,S?: 1685/NQ-UBTVQH15; Ngày: 16/06/2025,79,Thành ph? H? Chí Minh
27568,Xã ?ông Th?nh,Xã,S?: 1685/NQ-UBTVQH15; Ngày: 16/06/2025,79,Thành ph? H? Chí Minh
27577,Xã Xuân Th?i S?n,Xã,S?: 1685/NQ-UBTVQH15; Ngày: 16/06/2025,79,Thành ph? H? Chí Minh
27592,Xã Bà ?i?m,Xã,S?: 1685/NQ-UBTVQH15; Ngày: 16/06/2025,79,Thành ph? H? Chí Minh
27595,Xã Tân Nh?t,Xã,S?: 1685/NQ-UBTVQH15; Ngày: 16/06/2025,79,Thành ph? H? Chí Minh
27601,Xã V?nh L?c,Xã,S?: 1685/NQ-UBTVQH15; Ngày: 16/06/2025,79,Thành ph? H? Chí Minh
27604,Xã Tân V?nh L?c,Xã,S?: 1685/NQ-UBTVQH15; Ngày: 16/06/2025,79,Thành ph? H? Chí Minh
27610,Xã Bình L?i,Xã,S?: 1685/NQ-UBTVQH15; Ngày: 16/06/2025,79,Thành ph? H? Chí Minh
27619,Xã Bình H?ng,Xã,S?: 1685/NQ-UBTVQH15; Ngày: 16/06/2025,79,Thành ph? H? Chí Minh
27628,Xã H?ng Long,Xã,S?: 1685/NQ-UBTVQH15; Ngày: 16/06/2025,79,Thành ph? H? Chí Minh
27637,Xã Bình Chánh,Xã,S?: 1685/NQ-UBTVQH15; Ngày: 16/06/2025,79,Thành ph? H? Chí Minh
27655,Xã Nhà Bè,Xã,S?: 1685/NQ-UBTVQH15; Ngày: 16/06/2025,79,Thành ph? H? Chí Minh
27658,Xã Hi?p Ph??c,Xã,S?: 1685/NQ-UBTVQH15; Ngày: 16/06/2025,79,Thành ph? H? Chí Minh
27664,Xã C?n Gi?,Xã,S?: 1685/NQ-UBTVQH15; Ngày: 16/06/2025,79,Thành ph? H? Chí Minh
27667,Xã Bình Khánh,Xã,S?: 1685/NQ-UBTVQH15; Ngày: 16/06/2025,79,Thành ph? H? Chí Minh
27673,Xã An Th?i ?ông,Xã,S?: 1685/NQ-UBTVQH15; Ngày: 16/06/2025,79,Thành ph? H? Chí Minh
27676,Xã Th?nh An,Xã,S?: 1685/NQ-UBTVQH15; Ngày: 16/06/2025,79,Thành ph? H? Chí Minh
25459,Ph??ng Tân Ninh,Ph??ng,S?: 1682/NQ-UBTVQH15; Ngày: 16/06/2025,80,T?nh Tây Ninh
25480,Ph??ng Bình Minh,Ph??ng,S?: 1682/NQ-UBTVQH15; Ngày: 16/06/2025,80,T?nh Tây Ninh
25486,Xã Tân Biên,Xã,S?: 1682/NQ-UBTVQH15; Ngày: 16/06/2025,80,T?nh Tây Ninh
25489,Xã Tân L?p,Xã,S?: 1682/NQ-UBTVQH15; Ngày: 16/06/2025,80,T?nh Tây Ninh
25498,Xã Th?nh Bình,Xã,S?: 1682/NQ-UBTVQH15; Ngày: 16/06/2025,80,T?nh Tây Ninh
25510,Xã Trà Vong,Xã,S?: 1682/NQ-UBTVQH15; Ngày: 16/06/2025,80,T?nh Tây Ninh
25516,Xã Tân Châu,Xã,S?: 1682/NQ-UBTVQH15; Ngày: 16/06/2025,80,T?nh Tây Ninh
25522,Xã Tân ?ông,Xã,S?: 1682/NQ-UBTVQH15; Ngày: 16/06/2025,80,T?nh Tây Ninh
25525,Xã Tân H?i,Xã,S?: 1682/NQ-UBTVQH15; Ngày: 16/06/2025,80,T?nh Tây Ninh
25531,Xã Tân Hòa,Xã,S?: 1682/NQ-UBTVQH15; Ngày: 16/06/2025,80,T?nh Tây Ninh
25534,Xã Tân Thành,Xã,S?: 1682/NQ-UBTVQH15; Ngày: 16/06/2025,80,T?nh Tây Ninh
25549,Xã Tân Phú,Xã,S?: 1682/NQ-UBTVQH15; Ngày: 16/06/2025,80,T?nh Tây Ninh
25552,Xã D??ng Minh Châu,Xã,S?: 1682/NQ-UBTVQH15; Ngày: 16/06/2025,80,T?nh Tây Ninh
25567,Ph??ng Ninh Th?nh,Ph??ng,S?: 1682/NQ-UBTVQH15; Ngày: 16/06/2025,80,T?nh Tây Ninh
25573,Xã C?u Kh?i,Xã,S?: 1682/NQ-UBTVQH15; Ngày: 16/06/2025,80,T?nh Tây Ninh
25579,Xã L?c Ninh,Xã,S?: 1682/NQ-UBTVQH15; Ngày: 16/06/2025,80,T?nh Tây Ninh
25585,Xã Châu Thành,Xã,S?: 1682/NQ-UBTVQH15; Ngày: 16/06/2025,80,T?nh Tây Ninh
25588,Xã H?o ???c  ,Xã,S?: 1682/NQ-UBTVQH15; Ngày: 16/06/2025,80,T?nh Tây Ninh
25591,Xã Ph??c Vinh,Xã,S?: 1682/NQ-UBTVQH15; Ngày: 16/06/2025,80,T?nh Tây Ninh
25606,Xã Hòa H?i,Xã,S?: 1682/NQ-UBTVQH15; Ngày: 16/06/2025,80,T?nh Tây Ninh
25621,Xã Ninh ?i?n,Xã,S?: 1682/NQ-UBTVQH15; Ngày: 16/06/2025,80,T?nh Tây Ninh
25630,Ph??ng Long Hoa,Ph??ng,S?: 1682/NQ-UBTVQH15; Ngày: 16/06/2025,80,T?nh Tây Ninh
25633,Ph??ng Thanh ?i?n,Ph??ng,S?: 1682/NQ-UBTVQH15; Ngày: 16/06/2025,80,T?nh Tây Ninh
25645,Ph??ng Hòa Thành,Ph??ng,S?: 1682/NQ-UBTVQH15; Ngày: 16/06/2025,80,T?nh Tây Ninh
25654,Ph??ng Gò D?u,Ph??ng,S?: 1682/NQ-UBTVQH15; Ngày: 16/06/2025,80,T?nh Tây Ninh
25657,Xã Th?nh ??c,Xã,S?: 1682/NQ-UBTVQH15; Ngày: 16/06/2025,80,T?nh Tây Ninh
25663,Xã Ph??c Th?nh,Xã,S?: 1682/NQ-UBTVQH15; Ngày: 16/06/2025,80,T?nh Tây Ninh
25666,Xã Truông Mít,Xã,S?: 1682/NQ-UBTVQH15; Ngày: 16/06/2025,80,T?nh Tây Ninh
25672,Ph??ng Gia L?c,Ph??ng,S?: 1682/NQ-UBTVQH15; Ngày: 16/06/2025,80,T?nh Tây Ninh
25681,Xã B?n C?u,Xã,S?: 1682/NQ-UBTVQH15; Ngày: 16/06/2025,80,T?nh Tây Ninh
25684,Xã Long Ch?,Xã,S?: 1682/NQ-UBTVQH15; Ngày: 16/06/2025,80,T?nh Tây Ninh
25702,Xã Long Thu?n,Xã,S?: 1682/NQ-UBTVQH15; Ngày: 16/06/2025,80,T?nh Tây Ninh
25708,Ph??ng Tr?ng Bàng,Ph??ng,S?: 1682/NQ-UBTVQH15; Ngày: 16/06/2025,80,T?nh Tây Ninh
25711,Xã H?ng Thu?n,Xã,S?: 1682/NQ-UBTVQH15; Ngày: 16/06/2025,80,T?nh Tây Ninh
25729,Xã Ph??c Ch?,Xã,S?: 1682/NQ-UBTVQH15; Ngày: 16/06/2025,80,T?nh Tây Ninh
25732,Ph??ng An T?nh,Ph??ng,S?: 1682/NQ-UBTVQH15; Ngày: 16/06/2025,80,T?nh Tây Ninh
27694,Ph??ng Long An,Ph??ng,S?: 1682/NQ-UBTVQH15; Ngày: 16/06/2025,80,T?nh Tây Ninh
27712,Ph??ng Tân An,Ph??ng,S?: 1682/NQ-UBTVQH15; Ngày: 16/06/2025,80,T?nh Tây Ninh
27715,Ph??ng Khánh H?u ,Ph??ng,S?: 1682/NQ-UBTVQH15; Ngày: 16/06/2025,80,T?nh Tây Ninh
27721,Xã Tân H?ng,Xã,S?: 1682/NQ-UBTVQH15; Ngày: 16/06/2025,80,T?nh Tây Ninh
27727,Xã H?ng ?i?n,Xã,S?: 1682/NQ-UBTVQH15; Ngày: 16/06/2025,80,T?nh Tây Ninh
27736,Xã V?nh Th?nh,Xã,S?: 1682/NQ-UBTVQH15; Ngày: 16/06/2025,80,T?nh Tây Ninh
27748,Xã V?nh Châu,Xã,S?: 1682/NQ-UBTVQH15; Ngày: 16/06/2025,80,T?nh Tây Ninh
27757,Xã V?nh H?ng,Xã,S?: 1682/NQ-UBTVQH15; Ngày: 16/06/2025,80,T?nh Tây Ninh
27763,Xã Khánh H?ng,Xã,S?: 1682/NQ-UBTVQH15; Ngày: 16/06/2025,80,T?nh Tây Ninh
27775,Xã Tuyên Bình,Xã,S?: 1682/NQ-UBTVQH15; Ngày: 16/06/2025,80,T?nh Tây Ninh
27787,Ph??ng Ki?n T??ng,Ph??ng,S?: 1682/NQ-UBTVQH15; Ngày: 16/06/2025,80,T?nh Tây Ninh
27793,Xã Bình Hi?p,Xã,S?: 1682/NQ-UBTVQH15; Ngày: 16/06/2025,80,T?nh Tây Ninh
27811,Xã Bình Hòa,Xã,S?: 1682/NQ-UBTVQH15; Ngày: 16/06/2025,80,T?nh Tây Ninh
27817,Xã Tuyên Th?nh,Xã,S?: 1682/NQ-UBTVQH15; Ngày: 16/06/2025,80,T?nh Tây Ninh
27823,Xã M?c Hóa,Xã,S?: 1682/NQ-UBTVQH15; Ngày: 16/06/2025,80,T?nh Tây Ninh
27826,Xã Tân Th?nh,Xã,S?: 1682/NQ-UBTVQH15; Ngày: 16/06/2025,80,T?nh Tây Ninh
27838,Xã Nh?n Hòa L?p,Xã,S?: 1682/NQ-UBTVQH15; Ngày: 16/06/2025,80,T?nh Tây Ninh
27841,Xã H?u Th?nh,Xã,S?: 1682/NQ-UBTVQH15; Ngày: 16/06/2025,80,T?nh Tây Ninh
27856,Xã Nh?n Ninh,Xã,S?: 1682/NQ-UBTVQH15; Ngày: 16/06/2025,80,T?nh Tây Ninh
27865,Xã Th?nh Hóa,Xã,S?: 1682/NQ-UBTVQH15; Ngày: 16/06/2025,80,T?nh Tây Ninh
27868,Xã Bình Thành,Xã,S?: 1682/NQ-UBTVQH15; Ngày: 16/06/2025,80,T?nh Tây Ninh
27877,Xã Th?nh Ph??c,Xã,S?: 1682/NQ-UBTVQH15; Ngày: 16/06/2025,80,T?nh Tây Ninh
27889,Xã Tân Tây,Xã,S?: 1682/NQ-UBTVQH15; Ngày: 16/06/2025,80,T?nh Tây Ninh
27898,Xã ?ông Thành,Xã,S?: 1682/NQ-UBTVQH15; Ngày: 16/06/2025,80,T?nh Tây Ninh
27907,Xã M? Quý,Xã,S?: 1682/NQ-UBTVQH15; Ngày: 16/06/2025,80,T?nh Tây Ninh
27925,Xã ??c Hu?,Xã,S?: 1682/NQ-UBTVQH15; Ngày: 16/06/2025,80,T?nh Tây Ninh
27931,Xã H?u Ngh?a,Xã,S?: 1682/NQ-UBTVQH15; Ngày: 16/06/2025,80,T?nh Tây Ninh
27937,Xã ??c Hòa,Xã,S?: 1682/NQ-UBTVQH15; Ngày: 16/06/2025,80,T?nh Tây Ninh
27943,Xã An Ninh,Xã,S?: 1682/NQ-UBTVQH15; Ngày: 16/06/2025,80,T?nh Tây Ninh
27952,Xã Hi?p Hòa,Xã,S?: 1682/NQ-UBTVQH15; Ngày: 16/06/2025,80,T?nh Tây Ninh
27964,Xã ??c L?p,Xã,S?: 1682/NQ-UBTVQH15; Ngày: 16/06/2025,80,T?nh Tây Ninh
27976,Xã M? H?nh,Xã,S?: 1682/NQ-UBTVQH15; Ngày: 16/06/2025,80,T?nh Tây Ninh
27979,Xã Hòa Khánh,Xã,S?: 1682/NQ-UBTVQH15; Ngày: 16/06/2025,80,T?nh Tây Ninh
27991,Xã B?n L?c,Xã,S?: 1682/NQ-UBTVQH15; Ngày: 16/06/2025,80,T?nh Tây Ninh
27994,Xã Th?nh L?i,Xã,S?: 1682/NQ-UBTVQH15; Ngày: 16/06/2025,80,T?nh Tây Ninh
28003,Xã L??ng Hòa,Xã,S?: 1682/NQ-UBTVQH15; Ngày: 16/06/2025,80,T?nh Tây Ninh
28015,Xã Bình ??c,Xã,S?: 1682/NQ-UBTVQH15; Ngày: 16/06/2025,80,T?nh Tây Ninh
28018,Xã M? Yên,Xã,S?: 1682/NQ-UBTVQH15; Ngày: 16/06/2025,80,T?nh Tây Ninh
28036,Xã Th? Th?a,Xã,S?: 1682/NQ-UBTVQH15; Ngày: 16/06/2025,80,T?nh Tây Ninh
28051,Xã M? Th?nh,Xã,S?: 1682/NQ-UBTVQH15; Ngày: 16/06/2025,80,T?nh Tây Ninh
28066,Xã M? An,Xã,S?: 1682/NQ-UBTVQH15; Ngày: 16/06/2025,80,T?nh Tây Ninh
28072,Xã Tân Long,Xã,S?: 1682/NQ-UBTVQH15; Ngày: 16/06/2025,80,T?nh Tây Ninh
28075,Xã Tân Tr?,Xã,S?: 1682/NQ-UBTVQH15; Ngày: 16/06/2025,80,T?nh Tây Ninh
28087,Xã Nh?t T?o,Xã,S?: 1682/NQ-UBTVQH15; Ngày: 16/06/2025,80,T?nh Tây Ninh
28093,Xã Vàm C?,Xã,S?: 1682/NQ-UBTVQH15; Ngày: 16/06/2025,80,T?nh Tây Ninh
28108,Xã C?n ???c,Xã,S?: 1682/NQ-UBTVQH15; Ngày: 16/06/2025,80,T?nh Tây Ninh
28114,Xã R?ch Ki?n,Xã,S?: 1682/NQ-UBTVQH15; Ngày: 16/06/2025,80,T?nh Tây Ninh
28126,Xã Long Cang,Xã,S?: 1682/NQ-UBTVQH15; Ngày: 16/06/2025,80,T?nh Tây Ninh
28132,Xã M? L?,Xã,S?: 1682/NQ-UBTVQH15; Ngày: 16/06/2025,80,T?nh Tây Ninh
28138,Xã Tân Lân,Xã,S?: 1682/NQ-UBTVQH15; Ngày: 16/06/2025,80,T?nh Tây Ninh
28144,Xã Long H?u,Xã,S?: 1682/NQ-UBTVQH15; Ngày: 16/06/2025,80,T?nh Tây Ninh
28159,Xã C?n Giu?c,Xã,S?: 1682/NQ-UBTVQH15; Ngày: 16/06/2025,80,T?nh Tây Ninh
28165,Xã Ph??c Lý,Xã,S?: 1682/NQ-UBTVQH15; Ngày: 16/06/2025,80,T?nh Tây Ninh
28177,Xã M? L?c,Xã,S?: 1682/NQ-UBTVQH15; Ngày: 16/06/2025,80,T?nh Tây Ninh
28201,Xã Ph??c V?nh Tây,Xã,S?: 1682/NQ-UBTVQH15; Ngày: 16/06/2025,80,T?nh Tây Ninh
28207,Xã Tân T?p,Xã,S?: 1682/NQ-UBTVQH15; Ngày: 16/06/2025,80,T?nh Tây Ninh
28210,Xã T?m Vu,Xã,S?: 1682/NQ-UBTVQH15; Ngày: 16/06/2025,80,T?nh Tây Ninh
28222,Xã V?nh Công,Xã,S?: 1682/NQ-UBTVQH15; Ngày: 16/06/2025,80,T?nh Tây Ninh
28225,Xã Thu?n M?,Xã,S?: 1682/NQ-UBTVQH15; Ngày: 16/06/2025,80,T?nh Tây Ninh
28243,Xã An L?c Long,Xã,S?: 1682/NQ-UBTVQH15; Ngày: 16/06/2025,80,T?nh Tây Ninh
28249,Ph??ng ??o Th?nh,Ph??ng,S?: 1663/NQ-UBTVQH15; Ngày: 16/06/2025,82,T?nh ??ng Tháp
28261,Ph??ng M? Tho,Ph??ng,S?: 1663/NQ-UBTVQH15; Ngày: 16/06/2025,82,T?nh ??ng Tháp
28270,Ph??ng Th?i S?n,Ph??ng,S?: 1663/NQ-UBTVQH15; Ngày: 16/06/2025,82,T?nh ??ng Tháp
28273,Ph??ng M? Phong,Ph??ng,S?: 1663/NQ-UBTVQH15; Ngày: 16/06/2025,82,T?nh ??ng Tháp
28285,Ph??ng Trung An,Ph??ng,S?: 1663/NQ-UBTVQH15; Ngày: 16/06/2025,82,T?nh ??ng Tháp
28297,Ph??ng Long Thu?n,Ph??ng,S?: 1663/NQ-UBTVQH15; Ngày: 16/06/2025,82,T?nh ??ng Tháp
28306,Ph??ng Gò Công,Ph??ng,S?: 1663/NQ-UBTVQH15; Ngày: 16/06/2025,82,T?nh ??ng Tháp
28315,Ph??ng Bình Xuân,Ph??ng,S?: 1663/NQ-UBTVQH15; Ngày: 16/06/2025,82,T?nh ??ng Tháp
28321,Xã Tân Ph??c 1,Xã,S?: 1663/NQ-UBTVQH15; Ngày: 16/06/2025,82,T?nh ??ng Tháp
28327,Xã Tân Ph??c 2,Xã,S?: 1663/NQ-UBTVQH15; Ngày: 16/06/2025,82,T?nh ??ng Tháp
28336,Xã H?ng Th?nh,Xã,S?: 1663/NQ-UBTVQH15; Ngày: 16/06/2025,82,T?nh ??ng Tháp
28345,Xã Tân Ph??c 3,Xã,S?: 1663/NQ-UBTVQH15; Ngày: 16/06/2025,82,T?nh ??ng Tháp
28360,Xã Cái Bè,Xã,S?: 1663/NQ-UBTVQH15; Ngày: 16/06/2025,82,T?nh ??ng Tháp
28366,Xã H?u M?,Xã,S?: 1663/NQ-UBTVQH15; Ngày: 16/06/2025,82,T?nh ??ng Tháp
28378,Xã M? Thi?n,Xã,S?: 1663/NQ-UBTVQH15; Ngày: 16/06/2025,82,T?nh ??ng Tháp
28393,Xã H?i C?,Xã,S?: 1663/NQ-UBTVQH15; Ngày: 16/06/2025,82,T?nh ??ng Tháp
28405,Xã M? ??c Tây,Xã,S?: 1663/NQ-UBTVQH15; Ngày: 16/06/2025,82,T?nh ??ng Tháp
28414,Xã M? L?i,Xã,S?: 1663/NQ-UBTVQH15; Ngày: 16/06/2025,82,T?nh ??ng Tháp
28426,Xã Thanh H?ng,Xã,S?: 1663/NQ-UBTVQH15; Ngày: 16/06/2025,82,T?nh ??ng Tháp
28429,Xã An H?u,Xã,S?: 1663/NQ-UBTVQH15; Ngày: 16/06/2025,82,T?nh ??ng Tháp
28435,Ph??ng M? Ph??c Tây,Ph??ng,S?: 1663/NQ-UBTVQH15; Ngày: 16/06/2025,82,T?nh ??ng Tháp
28436,Ph??ng Thanh Hòa,Ph??ng,S?: 1663/NQ-UBTVQH15; Ngày: 16/06/2025,82,T?nh ??ng Tháp
28439,Ph??ng Cai L?y,Ph??ng,S?: 1663/NQ-UBTVQH15; Ngày: 16/06/2025,82,T?nh ??ng Tháp
28444,Xã Th?nh Phú,Xã,S?: 1663/NQ-UBTVQH15; Ngày: 16/06/2025,82,T?nh ??ng Tháp
28456,Xã M? Thành,Xã,S?: 1663/NQ-UBTVQH15; Ngày: 16/06/2025,82,T?nh ??ng Tháp
28468,Xã Tân Phú,Xã,S?: 1663/NQ-UBTVQH15; Ngày: 16/06/2025,82,T?nh ??ng Tháp
28471,Xã Bình Phú,Xã,S?: 1663/NQ-UBTVQH15; Ngày: 16/06/2025,82,T?nh ??ng Tháp
28477,Ph??ng Nh? Quý,Ph??ng,S?: 1663/NQ-UBTVQH15; Ngày: 16/06/2025,82,T?nh ??ng Tháp
28501,Xã Hi?p ??c,Xã,S?: 1663/NQ-UBTVQH15; Ngày: 16/06/2025,82,T?nh ??ng Tháp
28504,Xã Long Tiên,Xã,S?: 1663/NQ-UBTVQH15; Ngày: 16/06/2025,82,T?nh ??ng Tháp
28516,Xã Ng? Hi?p,Xã,S?: 1663/NQ-UBTVQH15; Ngày: 16/06/2025,82,T?nh ??ng Tháp
28519,Xã Châu Thành,Xã,S?: 1663/NQ-UBTVQH15; Ngày: 16/06/2025,82,T?nh ??ng Tháp
28525,Xã Tân H??ng,Xã,S?: 1663/NQ-UBTVQH15; Ngày: 16/06/2025,82,T?nh ??ng Tháp
28537,Xã Long H?ng,Xã,S?: 1663/NQ-UBTVQH15; Ngày: 16/06/2025,82,T?nh ??ng Tháp
28543,Xã Long ??nh,Xã,S?: 1663/NQ-UBTVQH15; Ngày: 16/06/2025,82,T?nh ??ng Tháp
28564,Xã Bình Tr?ng,Xã,S?: 1663/NQ-UBTVQH15; Ngày: 16/06/2025,82,T?nh ??ng Tháp
28576,Xã V?nh Kim,Xã,S?: 1663/NQ-UBTVQH15; Ngày: 16/06/2025,82,T?nh ??ng Tháp
28582,Xã Kim S?n,Xã,S?: 1663/NQ-UBTVQH15; Ngày: 16/06/2025,82,T?nh ??ng Tháp
28594,Xã Ch? G?o,Xã,S?: 1663/NQ-UBTVQH15; Ngày: 16/06/2025,82,T?nh ??ng Tháp
28603,Xã M? T?nh An,Xã,S?: 1663/NQ-UBTVQH15; Ngày: 16/06/2025,82,T?nh ??ng Tháp
28615,Xã L??ng Hòa L?c,Xã,S?: 1663/NQ-UBTVQH15; Ngày: 16/06/2025,82,T?nh ??ng Tháp
28627,Xã Tân Thu?n Bình,Xã,S?: 1663/NQ-UBTVQH15; Ngày: 16/06/2025,82,T?nh ??ng Tháp
28633,Xã An Th?nh Th?y,Xã,S?: 1663/NQ-UBTVQH15; Ngày: 16/06/2025,82,T?nh ??ng Tháp
28648,Xã Bình Ninh,Xã,S?: 1663/NQ-UBTVQH15; Ngày: 16/06/2025,82,T?nh ??ng Tháp
28651,Xã V?nh Bình,Xã,S?: 1663/NQ-UBTVQH15; Ngày: 16/06/2025,82,T?nh ??ng Tháp
28660,Xã ??ng S?n,Xã,S?: 1663/NQ-UBTVQH15; Ngày: 16/06/2025,82,T?nh ??ng Tháp
28663,Xã Phú Thành,Xã,S?: 1663/NQ-UBTVQH15; Ngày: 16/06/2025,82,T?nh ??ng Tháp
28678,Xã V?nh H?u,Xã,S?: 1663/NQ-UBTVQH15; Ngày: 16/06/2025,82,T?nh ??ng Tháp
28687,Xã Long Bình,Xã,S?: 1663/NQ-UBTVQH15; Ngày: 16/06/2025,82,T?nh ??ng Tháp
28693,Xã Tân Th?i,Xã,S?: 1663/NQ-UBTVQH15; Ngày: 16/06/2025,82,T?nh ??ng Tháp
28696,Xã Tân Phú ?ông,Xã,S?: 1663/NQ-UBTVQH15; Ngày: 16/06/2025,82,T?nh ??ng Tháp
28702,Xã Tân Hòa,Xã,S?: 1663/NQ-UBTVQH15; Ngày: 16/06/2025,82,T?nh ??ng Tháp
28720,Xã Gia Thu?n,Xã,S?: 1663/NQ-UBTVQH15; Ngày: 16/06/2025,82,T?nh ??ng Tháp
28723,Xã Tân ?ông,Xã,S?: 1663/NQ-UBTVQH15; Ngày: 16/06/2025,82,T?nh ??ng Tháp
28729,Ph??ng S?n Qui,Ph??ng,S?: 1663/NQ-UBTVQH15; Ngày: 16/06/2025,82,T?nh ??ng Tháp
28738,Xã Tân ?i?n,Xã,S?: 1663/NQ-UBTVQH15; Ngày: 16/06/2025,82,T?nh ??ng Tháp
28747,Xã Gò Công ?ông,Xã,S?: 1663/NQ-UBTVQH15; Ngày: 16/06/2025,82,T?nh ??ng Tháp
29869,Ph??ng Cao Lãnh,Ph??ng,S?: 1663/NQ-UBTVQH15; Ngày: 16/06/2025,82,T?nh ??ng Tháp
29884,Ph??ng M? Ngãi,Ph??ng,S?: 1663/NQ-UBTVQH15; Ngày: 16/06/2025,82,T?nh ??ng Tháp
29888,Ph??ng M? Trà,Ph??ng,S?: 1663/NQ-UBTVQH15; Ngày: 16/06/2025,82,T?nh ??ng Tháp
29905,Ph??ng Sa ?éc,Ph??ng,S?: 1663/NQ-UBTVQH15; Ngày: 16/06/2025,82,T?nh ??ng Tháp
29926,Xã Tân H?ng,Xã,S?: 1663/NQ-UBTVQH15; Ngày: 16/06/2025,82,T?nh ??ng Tháp
29929,Xã Tân H? C?,Xã,S?: 1663/NQ-UBTVQH15; Ngày: 16/06/2025,82,T?nh ??ng Tháp
29938,Xã Tân Thành,Xã,S?: 1663/NQ-UBTVQH15; Ngày: 16/06/2025,82,T?nh ??ng Tháp
29944,Xã An Ph??c,Xã,S?: 1663/NQ-UBTVQH15; Ngày: 16/06/2025,82,T?nh ??ng Tháp
29954,Ph??ng An Bình,Ph??ng,S?: 1663/NQ-UBTVQH15; Ngày: 16/06/2025,82,T?nh ??ng Tháp
29955,Ph??ng H?ng Ng?,Ph??ng,S?: 1663/NQ-UBTVQH15; Ngày: 16/06/2025,82,T?nh ??ng Tháp
29971,Xã Th??ng Ph??c,Xã,S?: 1663/NQ-UBTVQH15; Ngày: 16/06/2025,82,T?nh ??ng Tháp
29978,Ph??ng Th??ng L?c,Ph??ng,S?: 1663/NQ-UBTVQH15; Ngày: 16/06/2025,82,T?nh ??ng Tháp
29983,Xã Long Khánh,Xã,S?: 1663/NQ-UBTVQH15; Ngày: 16/06/2025,82,T?nh ??ng Tháp
29992,Xã Long Phú Thu?n,Xã,S?: 1663/NQ-UBTVQH15; Ngày: 16/06/2025,82,T?nh ??ng Tháp
30001,Xã Tràm Chim,Xã,S?: 1663/NQ-UBTVQH15; Ngày: 16/06/2025,82,T?nh ??ng Tháp
30010,Xã Tam Nông,Xã,S?: 1663/NQ-UBTVQH15; Ngày: 16/06/2025,82,T?nh ??ng Tháp
30019,Xã An Hòa,Xã,S?: 1663/NQ-UBTVQH15; Ngày: 16/06/2025,82,T?nh ??ng Tháp
30025,Xã Phú C??ng,Xã,S?: 1663/NQ-UBTVQH15; Ngày: 16/06/2025,82,T?nh ??ng Tháp
30028,Xã An Long,Xã,S?: 1663/NQ-UBTVQH15; Ngày: 16/06/2025,82,T?nh ??ng Tháp
30034,Xã Phú Th?,Xã,S?: 1663/NQ-UBTVQH15; Ngày: 16/06/2025,82,T?nh ??ng Tháp
30037,Xã Tháp M??i,Xã,S?: 1663/NQ-UBTVQH15; Ngày: 16/06/2025,82,T?nh ??ng Tháp
30043,Xã Ph??ng Th?nh,Xã,S?: 1663/NQ-UBTVQH15; Ngày: 16/06/2025,82,T?nh ??ng Tháp
30046,Xã Tr??ng Xuân,Xã,S?: 1663/NQ-UBTVQH15; Ngày: 16/06/2025,82,T?nh ??ng Tháp
30055,Xã M? Quí,Xã,S?: 1663/NQ-UBTVQH15; Ngày: 16/06/2025,82,T?nh ??ng Tháp
30061,Xã ??c Binh Ki?u,Xã,S?: 1663/NQ-UBTVQH15; Ngày: 16/06/2025,82,T?nh ??ng Tháp
30073,Xã Thanh M?,Xã,S?: 1663/NQ-UBTVQH15; Ngày: 16/06/2025,82,T?nh ??ng Tháp
30076,Xã M? Th?,Xã,S?: 1663/NQ-UBTVQH15; Ngày: 16/06/2025,82,T?nh ??ng Tháp
30085,Xã Ba Sao,Xã,S?: 1663/NQ-UBTVQH15; Ngày: 16/06/2025,82,T?nh ??ng Tháp
30088,Xã Phong M?,Xã,S?: 1663/NQ-UBTVQH15; Ngày: 16/06/2025,82,T?nh ??ng Tháp
30112,Xã M? Hi?p,Xã,S?: 1663/NQ-UBTVQH15; Ngày: 16/06/2025,82,T?nh ??ng Tháp
30118,Xã Bình Hàng Trung,Xã,S?: 1663/NQ-UBTVQH15; Ngày: 16/06/2025,82,T?nh ??ng Tháp
30130,Xã Thanh Bình,Xã,S?: 1663/NQ-UBTVQH15; Ngày: 16/06/2025,82,T?nh ??ng Tháp
30154,Xã Tân Long,Xã,S?: 1663/NQ-UBTVQH15; Ngày: 16/06/2025,82,T?nh ??ng Tháp
30157,Xã Tân Th?nh,Xã,S?: 1663/NQ-UBTVQH15; Ngày: 16/06/2025,82,T?nh ??ng Tháp
30163,Xã Bình Thành,Xã,S?: 1663/NQ-UBTVQH15; Ngày: 16/06/2025,82,T?nh ??ng Tháp
30169,Xã L?p Vò,Xã,S?: 1663/NQ-UBTVQH15; Ngày: 16/06/2025,82,T?nh ??ng Tháp
30178,Xã M? An H?ng,Xã,S?: 1663/NQ-UBTVQH15; Ngày: 16/06/2025,82,T?nh ??ng Tháp
30184,Xã Tân Khánh Trung,Xã,S?: 1663/NQ-UBTVQH15; Ngày: 16/06/2025,82,T?nh ??ng Tháp
30208,Xã Hòa Long,Xã,S?: 1663/NQ-UBTVQH15; Ngày: 16/06/2025,82,T?nh ??ng Tháp
30214,Xã Tân D??ng,Xã,S?: 1663/NQ-UBTVQH15; Ngày: 16/06/2025,82,T?nh ??ng Tháp
30226,Xã Lai Vung,Xã,S?: 1663/NQ-UBTVQH15; Ngày: 16/06/2025,82,T?nh ??ng Tháp
30235,Xã Phong Hòa,Xã,S?: 1663/NQ-UBTVQH15; Ngày: 16/06/2025,82,T?nh ??ng Tháp
30244,Xã Phú H?u,Xã,S?: 1663/NQ-UBTVQH15; Ngày: 16/06/2025,82,T?nh ??ng Tháp
30253,Xã Tân Nhu?n ?ông,Xã,S?: 1663/NQ-UBTVQH15; Ngày: 16/06/2025,82,T?nh ??ng Tháp
30259,Xã Tân Phú Trung,Xã,S?: 1663/NQ-UBTVQH15; Ngày: 16/06/2025,82,T?nh ??ng Tháp
28756,Ph??ng Phú Kh??ng,Ph??ng,S?: 1687/NQ-UBTVQH15; Ngày: 16/06/2025,86,T?nh V?nh Long
28777,Ph??ng An H?i,Ph??ng,S?: 1687/NQ-UBTVQH15; Ngày: 16/06/2025,86,T?nh V?nh Long
28783,Ph??ng S?n ?ông,Ph??ng,S?: 1687/NQ-UBTVQH15; Ngày: 16/06/2025,86,T?nh V?nh Long
28789,Ph??ng B?n Tre,Ph??ng,S?: 1687/NQ-UBTVQH15; Ngày: 16/06/2025,86,T?nh V?nh Long
28807,Xã Giao Long,Xã,S?: 1687/NQ-UBTVQH15; Ngày: 16/06/2025,86,T?nh V?nh Long
28810,Xã Phú Túc,Xã,S?: 1687/NQ-UBTVQH15; Ngày: 16/06/2025,86,T?nh V?nh Long
28840,Xã Tân Phú,Xã,S?: 1687/NQ-UBTVQH15; Ngày: 16/06/2025,86,T?nh V?nh Long
28858,Ph??ng Phú Tân,Ph??ng,S?: 1687/NQ-UBTVQH15; Ngày: 16/06/2025,86,T?nh V?nh Long
28861,Xã Tiên Th?y,Xã,S?: 1687/NQ-UBTVQH15; Ngày: 16/06/2025,86,T?nh V?nh Long
28870,Xã Ch? Lách,Xã,S?: 1687/NQ-UBTVQH15; Ngày: 16/06/2025,86,T?nh V?nh Long
28879,Xã Phú Ph?ng,Xã,S?: 1687/NQ-UBTVQH15; Ngày: 16/06/2025,86,T?nh V?nh Long
28894,Xã V?nh Thành,Xã,S?: 1687/NQ-UBTVQH15; Ngày: 16/06/2025,86,T?nh V?nh Long
28901,Xã H?ng Khánh Trung,Xã,S?: 1687/NQ-UBTVQH15; Ngày: 16/06/2025,86,T?nh V?nh Long
28903,Xã M? Cày,Xã,S?: 1687/NQ-UBTVQH15; Ngày: 16/06/2025,86,T?nh V?nh Long
28915,Xã Ph??c M? Trung,Xã,S?: 1687/NQ-UBTVQH15; Ngày: 16/06/2025,86,T?nh V?nh Long
28921,Xã Tân Thành Bình,Xã,S?: 1687/NQ-UBTVQH15; Ngày: 16/06/2025,86,T?nh V?nh Long
28945,Xã ??ng Kh?i,Xã,S?: 1687/NQ-UBTVQH15; Ngày: 16/06/2025,86,T?nh V?nh Long
28948,Xã Nhu?n Phú Tân,Xã,S?: 1687/NQ-UBTVQH15; Ngày: 16/06/2025,86,T?nh V?nh Long
28957,Xã An ??nh,Xã,S?: 1687/NQ-UBTVQH15; Ngày: 16/06/2025,86,T?nh V?nh Long
28969,Xã Thành Th?i,Xã,S?: 1687/NQ-UBTVQH15; Ngày: 16/06/2025,86,T?nh V?nh Long
28981,Xã H??ng M?,Xã,S?: 1687/NQ-UBTVQH15; Ngày: 16/06/2025,86,T?nh V?nh Long
28984,Xã Gi?ng Trôm,Xã,S?: 1687/NQ-UBTVQH15; Ngày: 16/06/2025,86,T?nh V?nh Long
28987,Xã L??ng Hòa,Xã,S?: 1687/NQ-UBTVQH15; Ngày: 16/06/2025,86,T?nh V?nh Long
28993,Xã L??ng Phú,Xã,S?: 1687/NQ-UBTVQH15; Ngày: 16/06/2025,86,T?nh V?nh Long
28996,Xã Châu Hòa,Xã,S?: 1687/NQ-UBTVQH15; Ngày: 16/06/2025,86,T?nh V?nh Long
29020,Xã Ph??c Long,Xã,S?: 1687/NQ-UBTVQH15; Ngày: 16/06/2025,86,T?nh V?nh Long
29029,Xã Tân Hào,Xã,S?: 1687/NQ-UBTVQH15; Ngày: 16/06/2025,86,T?nh V?nh Long
29044,Xã H?ng Nh??ng,Xã,S?: 1687/NQ-UBTVQH15; Ngày: 16/06/2025,86,T?nh V?nh Long
29050,Xã Bình ??i,Xã,S?: 1687/NQ-UBTVQH15; Ngày: 16/06/2025,86,T?nh V?nh Long
29062,Xã Phú Thu?n,Xã,S?: 1687/NQ-UBTVQH15; Ngày: 16/06/2025,86,T?nh V?nh Long
29077,Xã L?c Thu?n,Xã,S?: 1687/NQ-UBTVQH15; Ngày: 16/06/2025,86,T?nh V?nh Long
29083,Xã Châu H?ng,Xã,S?: 1687/NQ-UBTVQH15; Ngày: 16/06/2025,86,T?nh V?nh Long
29089,Xã Th?nh Tr?,Xã,S?: 1687/NQ-UBTVQH15; Ngày: 16/06/2025,86,T?nh V?nh Long
29104,Xã Th?nh Ph??c,Xã,S?: 1687/NQ-UBTVQH15; Ngày: 16/06/2025,86,T?nh V?nh Long
29107,Xã Th?i Thu?n,Xã,S?: 1687/NQ-UBTVQH15; Ngày: 16/06/2025,86,T?nh V?nh Long
29110,Xã Ba Tri,Xã,S?: 1687/NQ-UBTVQH15; Ngày: 16/06/2025,86,T?nh V?nh Long
29122,Xã M? Chánh Hòa,Xã,S?: 1687/NQ-UBTVQH15; Ngày: 16/06/2025,86,T?nh V?nh Long
29125,Xã B?o Th?nh,Xã,S?: 1687/NQ-UBTVQH15; Ngày: 16/06/2025,86,T?nh V?nh Long
29137,Xã Tân Xuân,Xã,S?: 1687/NQ-UBTVQH15; Ngày: 16/06/2025,86,T?nh V?nh Long
29143,Xã An Ngãi Trung,Xã,S?: 1687/NQ-UBTVQH15; Ngày: 16/06/2025,86,T?nh V?nh Long
29158,Xã An Hi?p,Xã,S?: 1687/NQ-UBTVQH15; Ngày: 16/06/2025,86,T?nh V?nh Long
29167,Xã Tân Th?y,Xã,S?: 1687/NQ-UBTVQH15; Ngày: 16/06/2025,86,T?nh V?nh Long
29182,Xã Th?nh Phú,Xã,S?: 1687/NQ-UBTVQH15; Ngày: 16/06/2025,86,T?nh V?nh Long
29191,Xã Qu?i ?i?n,Xã,S?: 1687/NQ-UBTVQH15; Ngày: 16/06/2025,86,T?nh V?nh Long
29194,Xã ??i ?i?n,Xã,S?: 1687/NQ-UBTVQH15; Ngày: 16/06/2025,86,T?nh V?nh Long
29221,Xã Th?nh H?i,Xã,S?: 1687/NQ-UBTVQH15; Ngày: 16/06/2025,86,T?nh V?nh Long
29224,Xã An Qui,Xã,S?: 1687/NQ-UBTVQH15; Ngày: 16/06/2025,86,T?nh V?nh Long
29227,Xã Th?nh Phong,Xã,S?: 1687/NQ-UBTVQH15; Ngày: 16/06/2025,86,T?nh V?nh Long
29242,Ph??ng Trà Vinh,Ph??ng,S?: 1687/NQ-UBTVQH15; Ngày: 16/06/2025,86,T?nh V?nh Long
29254,Ph??ng Nguy?t Hóa,Ph??ng,S?: 1687/NQ-UBTVQH15; Ngày: 16/06/2025,86,T?nh V?nh Long
29263,Ph??ng Long ??c,Ph??ng,S?: 1687/NQ-UBTVQH15; Ngày: 16/06/2025,86,T?nh V?nh Long
29266,Xã Càng Long,Xã,S?: 1687/NQ-UBTVQH15; Ngày: 16/06/2025,86,T?nh V?nh Long
29275,Xã An Tr??ng,Xã,S?: 1687/NQ-UBTVQH15; Ngày: 16/06/2025,86,T?nh V?nh Long
29278,Xã Tân An,Xã,S?: 1687/NQ-UBTVQH15; Ngày: 16/06/2025,86,T?nh V?nh Long
29287,Xã Bình Phú,Xã,S?: 1687/NQ-UBTVQH15; Ngày: 16/06/2025,86,T?nh V?nh Long
29302,Xã Nh? Long,Xã,S?: 1687/NQ-UBTVQH15; Ngày: 16/06/2025,86,T?nh V?nh Long
29308,Xã C?u Kè,Xã,S?: 1687/NQ-UBTVQH15; Ngày: 16/06/2025,86,T?nh V?nh Long
29317,Xã An Phú Tân,Xã,S?: 1687/NQ-UBTVQH15; Ngày: 16/06/2025,86,T?nh V?nh Long
29329,Xã Phong Th?nh,Xã,S?: 1687/NQ-UBTVQH15; Ngày: 16/06/2025,86,T?nh V?nh Long
29335,Xã Tam Ngãi,Xã,S?: 1687/NQ-UBTVQH15; Ngày: 16/06/2025,86,T?nh V?nh Long
29341,Xã Ti?u C?n,Xã,S?: 1687/NQ-UBTVQH15; Ngày: 16/06/2025,86,T?nh V?nh Long
29362,Xã Hùng Hòa,Xã,S?: 1687/NQ-UBTVQH15; Ngày: 16/06/2025,86,T?nh V?nh Long
29365,Xã T?p Ngãi,Xã,S?: 1687/NQ-UBTVQH15; Ngày: 16/06/2025,86,T?nh V?nh Long
29371,Xã Tân Hòa,Xã,S?: 1687/NQ-UBTVQH15; Ngày: 16/06/2025,86,T?nh V?nh Long
29374,Xã Châu Thành,Xã,S?: 1687/NQ-UBTVQH15; Ngày: 16/06/2025,86,T?nh V?nh Long
29386,Xã Song L?c,Xã,S?: 1687/NQ-UBTVQH15; Ngày: 16/06/2025,86,T?nh V?nh Long
29398,Ph??ng Hòa Thu?n,Ph??ng,S?: 1687/NQ-UBTVQH15; Ngày: 16/06/2025,86,T?nh V?nh Long
29407,Xã H?ng M?,Xã,S?: 1687/NQ-UBTVQH15; Ngày: 16/06/2025,86,T?nh V?nh Long
29410,Xã Hòa Minh,Xã,S?: 1687/NQ-UBTVQH15; Ngày: 16/06/2025,86,T?nh V?nh Long
29413,Xã Long Hòa,Xã,S?: 1687/NQ-UBTVQH15; Ngày: 16/06/2025,86,T?nh V?nh Long
29416,Xã C?u Ngang,Xã,S?: 1687/NQ-UBTVQH15; Ngày: 16/06/2025,86,T?nh V?nh Long
29419,Xã M? Long,Xã,S?: 1687/NQ-UBTVQH15; Ngày: 16/06/2025,86,T?nh V?nh Long
29431,Xã Vinh Kim,Xã,S?: 1687/NQ-UBTVQH15; Ngày: 16/06/2025,86,T?nh V?nh Long
29446,Xã Nh? Tr??ng,Xã,S?: 1687/NQ-UBTVQH15; Ngày: 16/06/2025,86,T?nh V?nh Long
29455,Xã Hi?p M?,Xã,S?: 1687/NQ-UBTVQH15; Ngày: 16/06/2025,86,T?nh V?nh Long
29461,Xã Trà Cú,Xã,S?: 1687/NQ-UBTVQH15; Ngày: 16/06/2025,86,T?nh V?nh Long
29467,Xã T?p S?n,Xã,S?: 1687/NQ-UBTVQH15; Ngày: 16/06/2025,86,T?nh V?nh Long
29476,Xã L?u Nghi?p Anh,Xã,S?: 1687/NQ-UBTVQH15; Ngày: 16/06/2025,86,T?nh V?nh Long
29489,Xã Hàm Giang,Xã,S?: 1687/NQ-UBTVQH15; Ngày: 16/06/2025,86,T?nh V?nh Long
29491,Xã ??i An,Xã,S?: 1687/NQ-UBTVQH15; Ngày: 16/06/2025,86,T?nh V?nh Long
29497,Xã ?ôn Châu,Xã,S?: 1687/NQ-UBTVQH15; Ngày: 16/06/2025,86,T?nh V?nh Long
29506,Xã Long Hi?p,Xã,S?: 1687/NQ-UBTVQH15; Ngày: 16/06/2025,86,T?nh V?nh Long
29512,Ph??ng Duyên H?i,Ph??ng,S?: 1687/NQ-UBTVQH15; Ngày: 16/06/2025,86,T?nh V?nh Long
29513,Xã Long Thành,Xã,S?: 1687/NQ-UBTVQH15; Ngày: 16/06/2025,86,T?nh V?nh Long
29516,Ph??ng Tr??ng Long Hòa,Ph??ng,S?: 1687/NQ-UBTVQH15; Ngày: 16/06/2025,86,T?nh V?nh Long
29518,Xã Long H?u,Xã,S?: 1687/NQ-UBTVQH15; Ngày: 16/06/2025,86,T?nh V?nh Long
29530,Xã Ng? L?c,Xã,S?: 1687/NQ-UBTVQH15; Ngày: 16/06/2025,86,T?nh V?nh Long
29533,Xã Long V?nh,Xã,S?: 1687/NQ-UBTVQH15; Ngày: 16/06/2025,86,T?nh V?nh Long
29536,Xã ?ông H?i,Xã,S?: 1687/NQ-UBTVQH15; Ngày: 16/06/2025,86,T?nh V?nh Long
29551,Ph??ng Long Châu,Ph??ng,S?: 1687/NQ-UBTVQH15; Ngày: 16/06/2025,86,T?nh V?nh Long
29557,Ph??ng Ph??c H?u,Ph??ng,S?: 1687/NQ-UBTVQH15; Ngày: 16/06/2025,86,T?nh V?nh Long
29566,Ph??ng Tân Ngãi,Ph??ng,S?: 1687/NQ-UBTVQH15; Ngày: 16/06/2025,86,T?nh V?nh Long
29584,Xã An Bình,Xã,S?: 1687/NQ-UBTVQH15; Ngày: 16/06/2025,86,T?nh V?nh Long
29590,Ph??ng Thanh ??c,Ph??ng,S?: 1687/NQ-UBTVQH15; Ngày: 16/06/2025,86,T?nh V?nh Long
29593,Ph??ng Tân H?nh,Ph??ng,S?: 1687/NQ-UBTVQH15; Ngày: 16/06/2025,86,T?nh V?nh Long
29602,Xã Long H?,Xã,S?: 1687/NQ-UBTVQH15; Ngày: 16/06/2025,86,T?nh V?nh Long
29611,Xã Phú Qu?i,Xã,S?: 1687/NQ-UBTVQH15; Ngày: 16/06/2025,86,T?nh V?nh Long
29623,Xã Nh?n Phú,Xã,S?: 1687/NQ-UBTVQH15; Ngày: 16/06/2025,86,T?nh V?nh Long
29638,Xã Bình Ph??c,Xã,S?: 1687/NQ-UBTVQH15; Ngày: 16/06/2025,86,T?nh V?nh Long
29641,Xã Cái Nhum,Xã,S?: 1687/NQ-UBTVQH15; Ngày: 16/06/2025,86,T?nh V?nh Long
29653,Xã Tân Long H?i,Xã,S?: 1687/NQ-UBTVQH15; Ngày: 16/06/2025,86,T?nh V?nh Long
29659,Xã Trung Thành,Xã,S?: 1687/NQ-UBTVQH15; Ngày: 16/06/2025,86,T?nh V?nh Long
29668,Xã Qu?i An,Xã,S?: 1687/NQ-UBTVQH15; Ngày: 16/06/2025,86,T?nh V?nh Long
29677,Xã Qu?i Thi?n,Xã,S?: 1687/NQ-UBTVQH15; Ngày: 16/06/2025,86,T?nh V?nh Long
29683,Xã Trung Hi?p,Xã,S?: 1687/NQ-UBTVQH15; Ngày: 16/06/2025,86,T?nh V?nh Long
29698,Xã Trung Ngãi,Xã,S?: 1687/NQ-UBTVQH15; Ngày: 16/06/2025,86,T?nh V?nh Long
29701,Xã Hi?u Ph?ng,Xã,S?: 1687/NQ-UBTVQH15; Ngày: 16/06/2025,86,T?nh V?nh Long
29713,Xã Hi?u Thành,Xã,S?: 1687/NQ-UBTVQH15; Ngày: 16/06/2025,86,T?nh V?nh Long
29719,Xã Tam Bình,Xã,S?: 1687/NQ-UBTVQH15; Ngày: 16/06/2025,86,T?nh V?nh Long
29728,Xã Cái Ngang,Xã,S?: 1687/NQ-UBTVQH15; Ngày: 16/06/2025,86,T?nh V?nh Long
29734,Xã Hòa Hi?p,Xã,S?: 1687/NQ-UBTVQH15; Ngày: 16/06/2025,86,T?nh V?nh Long
29740,Xã Song Phú,Xã,S?: 1687/NQ-UBTVQH15; Ngày: 16/06/2025,86,T?nh V?nh Long
29767,Xã Ngãi T?,Xã,S?: 1687/NQ-UBTVQH15; Ngày: 16/06/2025,86,T?nh V?nh Long
29770,Ph??ng Cái V?n,Ph??ng,S?: 1687/NQ-UBTVQH15; Ngày: 16/06/2025,86,T?nh V?nh Long
29771,Ph??ng Bình Minh,Ph??ng,S?: 1687/NQ-UBTVQH15; Ngày: 16/06/2025,86,T?nh V?nh Long
29785,Xã Tân L??c,Xã,S?: 1687/NQ-UBTVQH15; Ngày: 16/06/2025,86,T?nh V?nh Long
29788,Xã M? Thu?n,Xã,S?: 1687/NQ-UBTVQH15; Ngày: 16/06/2025,86,T?nh V?nh Long
29800,Xã Tân Qu?i,Xã,S?: 1687/NQ-UBTVQH15; Ngày: 16/06/2025,86,T?nh V?nh Long
29812,Ph??ng ?ông Thành,Ph??ng,S?: 1687/NQ-UBTVQH15; Ngày: 16/06/2025,86,T?nh V?nh Long
29821,Xã Trà Ôn,Xã,S?: 1687/NQ-UBTVQH15; Ngày: 16/06/2025,86,T?nh V?nh Long
29830,Xã Hòa Bình,Xã,S?: 1687/NQ-UBTVQH15; Ngày: 16/06/2025,86,T?nh V?nh Long
29836,Xã Trà Côn,Xã,S?: 1687/NQ-UBTVQH15; Ngày: 16/06/2025,86,T?nh V?nh Long
29845,Xã V?nh Xuân,Xã,S?: 1687/NQ-UBTVQH15; Ngày: 16/06/2025,86,T?nh V?nh Long
29857,Xã L?c S? Thành,Xã,S?: 1687/NQ-UBTVQH15; Ngày: 16/06/2025,86,T?nh V?nh Long
30292,Ph??ng Bình ??c,Ph??ng,S?: 1654/NQ-UBTVQH15; Ngày: 16/06/2025,91,T?nh An Giang
30301,Ph??ng M? Th?i,Ph??ng,S?: 1654/NQ-UBTVQH15; Ngày: 16/06/2025,91,T?nh An Giang
30307,Ph??ng Long Xuyên,Ph??ng,S?: 1654/NQ-UBTVQH15; Ngày: 16/06/2025,91,T?nh An Giang
30313,Xã M? Hòa H?ng,Xã,S?: 1654/NQ-UBTVQH15; Ngày: 16/06/2025,91,T?nh An Giang
30316,Ph??ng Châu ??c,Ph??ng,S?: 1654/NQ-UBTVQH15; Ngày: 16/06/2025,91,T?nh An Giang
30325,Ph??ng V?nh T?,Ph??ng,S?: 1654/NQ-UBTVQH15; Ngày: 16/06/2025,91,T?nh An Giang
30337,Xã An Phú,Xã,S?: 1654/NQ-UBTVQH15; Ngày: 16/06/2025,91,T?nh An Giang
30341,Xã Khánh Bình,Xã,S?: 1654/NQ-UBTVQH15; Ngày: 16/06/2025,91,T?nh An Giang
30346,Xã Nh?n H?i,Xã,S?: 1654/NQ-UBTVQH15; Ngày: 16/06/2025,91,T?nh An Giang
30352,Xã Phú H?u,Xã,S?: 1654/NQ-UBTVQH15; Ngày: 16/06/2025,91,T?nh An Giang
30367,Xã V?nh H?u,Xã,S?: 1654/NQ-UBTVQH15; Ngày: 16/06/2025,91,T?nh An Giang
30376,Ph??ng Tân Châu,Ph??ng,S?: 1654/NQ-UBTVQH15; Ngày: 16/06/2025,91,T?nh An Giang
30377,Ph??ng Long Phú,Ph??ng,S?: 1654/NQ-UBTVQH15; Ngày: 16/06/2025,91,T?nh An Giang
30385,Xã V?nh X??ng,Xã,S?: 1654/NQ-UBTVQH15; Ngày: 16/06/2025,91,T?nh An Giang
30388,Xã Tân An,Xã,S?: 1654/NQ-UBTVQH15; Ngày: 16/06/2025,91,T?nh An Giang
30403,Xã Châu Phong,Xã,S?: 1654/NQ-UBTVQH15; Ngày: 16/06/2025,91,T?nh An Giang
30406,Xã Phú Tân,Xã,S?: 1654/NQ-UBTVQH15; Ngày: 16/06/2025,91,T?nh An Giang
30409,Xã Ch? Vàm,Xã,S?: 1654/NQ-UBTVQH15; Ngày: 16/06/2025,91,T?nh An Giang
30421,Xã Phú Lâm,Xã,S?: 1654/NQ-UBTVQH15; Ngày: 16/06/2025,91,T?nh An Giang
30430,Xã Hòa L?c,Xã,S?: 1654/NQ-UBTVQH15; Ngày: 16/06/2025,91,T?nh An Giang
30436,Xã Phú An,Xã,S?: 1654/NQ-UBTVQH15; Ngày: 16/06/2025,91,T?nh An Giang
30445,Xã Bình Th?nh ?ông,Xã,S?: 1654/NQ-UBTVQH15; Ngày: 16/06/2025,91,T?nh An Giang
30463,Xã Châu Phú,Xã,S?: 1654/NQ-UBTVQH15; Ngày: 16/06/2025,91,T?nh An Giang
30469,Xã M? ??c,Xã,S?: 1654/NQ-UBTVQH15; Ngày: 16/06/2025,91,T?nh An Giang
30478,Xã V?nh Th?nh Trung,Xã,S?: 1654/NQ-UBTVQH15; Ngày: 16/06/2025,91,T?nh An Giang
30481,Xã Th?nh M? Tây,Xã,S?: 1654/NQ-UBTVQH15; Ngày: 16/06/2025,91,T?nh An Giang
30487,Xã Bình M?,Xã,S?: 1654/NQ-UBTVQH15; Ngày: 16/06/2025,91,T?nh An Giang
30502,Ph??ng Th?i S?n,Ph??ng,S?: 1654/NQ-UBTVQH15; Ngày: 16/06/2025,91,T?nh An Giang
30505,Ph??ng Chi L?ng,Ph??ng,S?: 1654/NQ-UBTVQH15; Ngày: 16/06/2025,91,T?nh An Giang
30520,Ph??ng T?nh Biên,Ph??ng,S?: 1654/NQ-UBTVQH15; Ngày: 16/06/2025,91,T?nh An Giang
30526,Xã An C?,Xã,S?: 1654/NQ-UBTVQH15; Ngày: 16/06/2025,91,T?nh An Giang
30538,Xã Núi C?m,Xã,S?: 1654/NQ-UBTVQH15; Ngày: 16/06/2025,91,T?nh An Giang
30544,Xã Tri Tôn,Xã,S?: 1654/NQ-UBTVQH15; Ngày: 16/06/2025,91,T?nh An Giang
30547,Xã Ba Chúc,Xã,S?: 1654/NQ-UBTVQH15; Ngày: 16/06/2025,91,T?nh An Giang
30568,Xã V?nh Gia,Xã,S?: 1654/NQ-UBTVQH15; Ngày: 16/06/2025,91,T?nh An Giang
30577,Xã Ô Lâm,Xã,S?: 1654/NQ-UBTVQH15; Ngày: 16/06/2025,91,T?nh An Giang
30580,Xã Cô Tô,Xã,S?: 1654/NQ-UBTVQH15; Ngày: 16/06/2025,91,T?nh An Giang
30589,Xã An Châu,Xã,S?: 1654/NQ-UBTVQH15; Ngày: 16/06/2025,91,T?nh An Giang
30595,Xã C?n ??ng,Xã,S?: 1654/NQ-UBTVQH15; Ngày: 16/06/2025,91,T?nh An Giang
30604,Xã V?nh An,Xã,S?: 1654/NQ-UBTVQH15; Ngày: 16/06/2025,91,T?nh An Giang
30607,Xã Bình Hòa,Xã,S?: 1654/NQ-UBTVQH15; Ngày: 16/06/2025,91,T?nh An Giang
30619,Xã V?nh Hanh,Xã,S?: 1654/NQ-UBTVQH15; Ngày: 16/06/2025,91,T?nh An Giang
30628,Xã Ch? M?i,Xã,S?: 1654/NQ-UBTVQH15; Ngày: 16/06/2025,91,T?nh An Giang
30631,Xã Long ?i?n,Xã,S?: 1654/NQ-UBTVQH15; Ngày: 16/06/2025,91,T?nh An Giang
30643,Xã Cù Lao Giêng,Xã,S?: 1654/NQ-UBTVQH15; Ngày: 16/06/2025,91,T?nh An Giang
30658,Xã Nh?n M?,Xã,S?: 1654/NQ-UBTVQH15; Ngày: 16/06/2025,91,T?nh An Giang
30664,Xã Long Ki?n,Xã,S?: 1654/NQ-UBTVQH15; Ngày: 16/06/2025,91,T?nh An Giang
30673,Xã H?i An,Xã,S?: 1654/NQ-UBTVQH15; Ngày: 16/06/2025,91,T?nh An Giang
30682,Xã Tho?i S?n,Xã,S?: 1654/NQ-UBTVQH15; Ngày: 16/06/2025,91,T?nh An Giang
30685,Xã Phú Hòa,Xã,S?: 1654/NQ-UBTVQH15; Ngày: 16/06/2025,91,T?nh An Giang
30688,Xã Óc Eo,Xã,S?: 1654/NQ-UBTVQH15; Ngày: 16/06/2025,91,T?nh An Giang
30691,Xã Tây Phú,Xã,S?: 1654/NQ-UBTVQH15; Ngày: 16/06/2025,91,T?nh An Giang
30697,Xã V?nh Tr?ch,Xã,S?: 1654/NQ-UBTVQH15; Ngày: 16/06/2025,91,T?nh An Giang
30709,Xã ??nh M?,Xã,S?: 1654/NQ-UBTVQH15; Ngày: 16/06/2025,91,T?nh An Giang
30742,Ph??ng R?ch Giá,Ph??ng,S?: 1654/NQ-UBTVQH15; Ngày: 16/06/2025,91,T?nh An Giang
30760,Ph??ng V?nh Thông,Ph??ng,S?: 1654/NQ-UBTVQH15; Ngày: 16/06/2025,91,T?nh An Giang
30766,Ph??ng Tô Châu,Ph??ng,S?: 1654/NQ-UBTVQH15; Ngày: 16/06/2025,91,T?nh An Giang
30769,Ph??ng Hà Tiên,Ph??ng,S?: 1654/NQ-UBTVQH15; Ngày: 16/06/2025,91,T?nh An Giang
30781,Xã Tiên H?i,Xã,S?: 1654/NQ-UBTVQH15; Ngày: 16/06/2025,91,T?nh An Giang
30787,Xã Kiên L??ng,Xã,S?: 1654/NQ-UBTVQH15; Ngày: 16/06/2025,91,T?nh An Giang
30790,Xã Hòa ?i?n,Xã,S?: 1654/NQ-UBTVQH15; Ngày: 16/06/2025,91,T?nh An Giang
30793,Xã V?nh ?i?u,Xã,S?: 1654/NQ-UBTVQH15; Ngày: 16/06/2025,91,T?nh An Giang
30796,Xã Giang Thành,Xã,S?: 1654/NQ-UBTVQH15; Ngày: 16/06/2025,91,T?nh An Giang
30811,Xã S?n H?i,Xã,S?: 1654/NQ-UBTVQH15; Ngày: 16/06/2025,91,T?nh An Giang
30814,Xã Hòn Ngh?,Xã,S?: 1654/NQ-UBTVQH15; Ngày: 16/06/2025,91,T?nh An Giang
30817,Xã Hòn ??t,Xã,S?: 1654/NQ-UBTVQH15; Ngày: 16/06/2025,91,T?nh An Giang
30823,Xã Bình S?n,Xã,S?: 1654/NQ-UBTVQH15; Ngày: 16/06/2025,91,T?nh An Giang
30826,Xã Bình Giang,Xã,S?: 1654/NQ-UBTVQH15; Ngày: 16/06/2025,91,T?nh An Giang
30835,Xã S?n Kiên,Xã,S?: 1654/NQ-UBTVQH15; Ngày: 16/06/2025,91,T?nh An Giang
30838,Xã M? Thu?n,Xã,S?: 1654/NQ-UBTVQH15; Ngày: 16/06/2025,91,T?nh An Giang
30850,Xã Tân Hi?p,Xã,S?: 1654/NQ-UBTVQH15; Ngày: 16/06/2025,91,T?nh An Giang
30856,Xã Tân H?i,Xã,S?: 1654/NQ-UBTVQH15; Ngày: 16/06/2025,91,T?nh An Giang
30874,Xã Th?nh ?ông,Xã,S?: 1654/NQ-UBTVQH15; Ngày: 16/06/2025,91,T?nh An Giang
30880,Xã Châu Thành,Xã,S?: 1654/NQ-UBTVQH15; Ngày: 16/06/2025,91,T?nh An Giang
30886,Xã Th?nh L?c,Xã,S?: 1654/NQ-UBTVQH15; Ngày: 16/06/2025,91,T?nh An Giang
30898,Xã Bình An,Xã,S?: 1654/NQ-UBTVQH15; Ngày: 16/06/2025,91,T?nh An Giang
30904,Xã Gi?ng Ri?ng,Xã,S?: 1654/NQ-UBTVQH15; Ngày: 16/06/2025,91,T?nh An Giang
30910,Xã Th?nh H?ng,Xã,S?: 1654/NQ-UBTVQH15; Ngày: 16/06/2025,91,T?nh An Giang
30928,Xã Ng?c Chúc,Xã,S?: 1654/NQ-UBTVQH15; Ngày: 16/06/2025,91,T?nh An Giang
30934,Xã Hòa H?ng,Xã,S?: 1654/NQ-UBTVQH15; Ngày: 16/06/2025,91,T?nh An Giang
30943,Xã Long Th?nh,Xã,S?: 1654/NQ-UBTVQH15; Ngày: 16/06/2025,91,T?nh An Giang
30949,Xã Hòa Thu?n,Xã,S?: 1654/NQ-UBTVQH15; Ngày: 16/06/2025,91,T?nh An Giang
30952,Xã Gò Quao,Xã,S?: 1654/NQ-UBTVQH15; Ngày: 16/06/2025,91,T?nh An Giang
30958,Xã ??nh Hòa,Xã,S?: 1654/NQ-UBTVQH15; Ngày: 16/06/2025,91,T?nh An Giang
30970,Xã V?nh Hòa H?ng,Xã,S?: 1654/NQ-UBTVQH15; Ngày: 16/06/2025,91,T?nh An Giang
30982,Xã V?nh Tuy,Xã,S?: 1654/NQ-UBTVQH15; Ngày: 16/06/2025,91,T?nh An Giang
30985,Xã An Biên,Xã,S?: 1654/NQ-UBTVQH15; Ngày: 16/06/2025,91,T?nh An Giang
30988,Xã Tây Yên,Xã,S?: 1654/NQ-UBTVQH15; Ngày: 16/06/2025,91,T?nh An Giang
31006,Xã ?ông Thái,Xã,S?: 1654/NQ-UBTVQH15; Ngày: 16/06/2025,91,T?nh An Giang
31012,Xã V?nh Hòa,Xã,S?: 1654/NQ-UBTVQH15; Ngày: 16/06/2025,91,T?nh An Giang
31018,Xã An Minh,Xã,S?: 1654/NQ-UBTVQH15; Ngày: 16/06/2025,91,T?nh An Giang
31024,Xã ?ông Hòa,Xã,S?: 1654/NQ-UBTVQH15; Ngày: 16/06/2025,91,T?nh An Giang
31027,Xã U Minh Th??ng,Xã,S?: 1654/NQ-UBTVQH15; Ngày: 16/06/2025,91,T?nh An Giang
31031,Xã Tân Th?nh,Xã,S?: 1654/NQ-UBTVQH15; Ngày: 16/06/2025,91,T?nh An Giang
31036,Xã ?ông H?ng,Xã,S?: 1654/NQ-UBTVQH15; Ngày: 16/06/2025,91,T?nh An Giang
31042,Xã Vân Khánh,Xã,S?: 1654/NQ-UBTVQH15; Ngày: 16/06/2025,91,T?nh An Giang
31051,Xã V?nh Phong,Xã,S?: 1654/NQ-UBTVQH15; Ngày: 16/06/2025,91,T?nh An Giang
31064,Xã V?nh Bình,Xã,S?: 1654/NQ-UBTVQH15; Ngày: 16/06/2025,91,T?nh An Giang
31069,Xã V?nh Thu?n,Xã,S?: 1654/NQ-UBTVQH15; Ngày: 16/06/2025,91,T?nh An Giang
31078,??c khu Phú Qu?c,??c khu,S?: 1654/NQ-UBTVQH15; Ngày: 16/06/2025,91,T?nh An Giang
31105,??c khu Th? Châu,??c khu,S?: 1654/NQ-UBTVQH15; Ngày: 16/06/2025,91,T?nh An Giang
31108,??c khu Kiên H?i,??c khu,S?: 1654/NQ-UBTVQH15; Ngày: 16/06/2025,91,T?nh An Giang
31120,Ph??ng Cái Kh?,Ph??ng,S?: 1668/NQ-UBTVQH15; Ngày: 16/06/2025,92,Thành ph? C?n Th?
31135,Ph??ng Ninh Ki?u,Ph??ng,S?: 1668/NQ-UBTVQH15; Ngày: 16/06/2025,92,Thành ph? C?n Th?
31147,Ph??ng Tân An,Ph??ng,S?: 1668/NQ-UBTVQH15; Ngày: 16/06/2025,92,Thành ph? C?n Th?
31150,Ph??ng An Bình,Ph??ng,S?: 1668/NQ-UBTVQH15; Ngày: 16/06/2025,92,Thành ph? C?n Th?
31153,Ph??ng Ô Môn,Ph??ng,S?: 1668/NQ-UBTVQH15; Ngày: 16/06/2025,92,Thành ph? C?n Th?
31157,Ph??ng Th?i Long,Ph??ng,S?: 1668/NQ-UBTVQH15; Ngày: 16/06/2025,92,Thành ph? C?n Th?
31162,Ph??ng Ph??c Th?i,Ph??ng,S?: 1668/NQ-UBTVQH15; Ngày: 16/06/2025,92,Thành ph? C?n Th?
31168,Ph??ng Bình Th?y,Ph??ng,S?: 1668/NQ-UBTVQH15; Ngày: 16/06/2025,92,Thành ph? C?n Th?
31174,Ph??ng Th?i An ?ông,Ph??ng,S?: 1668/NQ-UBTVQH15; Ngày: 16/06/2025,92,Thành ph? C?n Th?
31183,Ph??ng Long Tuy?n,Ph??ng,S?: 1668/NQ-UBTVQH15; Ngày: 16/06/2025,92,Thành ph? C?n Th?
31186,Ph??ng Cái R?ng,Ph??ng,S?: 1668/NQ-UBTVQH15; Ngày: 16/06/2025,92,Thành ph? C?n Th?
31201,Ph??ng H?ng Phú,Ph??ng,S?: 1668/NQ-UBTVQH15; Ngày: 16/06/2025,92,Thành ph? C?n Th?
31207,Ph??ng Th?t N?t,Ph??ng,S?: 1668/NQ-UBTVQH15; Ngày: 16/06/2025,92,Thành ph? C?n Th?
31213,Ph??ng Tân L?c,Ph??ng,S?: 1668/NQ-UBTVQH15; Ngày: 16/06/2025,92,Thành ph? C?n Th?
31217,Ph??ng Trung Nh?t,Ph??ng,S?: 1668/NQ-UBTVQH15; Ngày: 16/06/2025,92,Thành ph? C?n Th?
31228,Ph??ng Thu?n H?ng,Ph??ng,S?: 1668/NQ-UBTVQH15; Ngày: 16/06/2025,92,Thành ph? C?n Th?
31231,Xã Th?nh An,Xã,S?: 1668/NQ-UBTVQH15; Ngày: 16/06/2025,92,Thành ph? C?n Th?
31232,Xã V?nh Th?nh,Xã,S?: 1668/NQ-UBTVQH15; Ngày: 16/06/2025,92,Thành ph? C?n Th?
31237,Xã V?nh Trinh,Xã,S?: 1668/NQ-UBTVQH15; Ngày: 16/06/2025,92,Thành ph? C?n Th?
31246,Xã Th?nh Qu?i,Xã,S?: 1668/NQ-UBTVQH15; Ngày: 16/06/2025,92,Thành ph? C?n Th?
31249,Xã Th?nh Phú,Xã,S?: 1668/NQ-UBTVQH15; Ngày: 16/06/2025,92,Thành ph? C?n Th?
31255,Xã Trung H?ng,Xã,S?: 1668/NQ-UBTVQH15; Ngày: 16/06/2025,92,Thành ph? C?n Th?
31258,Xã Th?i Lai,Xã,S?: 1668/NQ-UBTVQH15; Ngày: 16/06/2025,92,Thành ph? C?n Th?
31261,Xã C? ??,Xã,S?: 1668/NQ-UBTVQH15; Ngày: 16/06/2025,92,Thành ph? C?n Th?
31264,Xã Th?i H?ng,Xã,S?: 1668/NQ-UBTVQH15; Ngày: 16/06/2025,92,Thành ph? C?n Th?
31273,Xã ?ông Hi?p,Xã,S?: 1668/NQ-UBTVQH15; Ngày: 16/06/2025,92,Thành ph? C?n Th?
31282,Xã ?ông Thu?n,Xã,S?: 1668/NQ-UBTVQH15; Ngày: 16/06/2025,92,Thành ph? C?n Th?
31288,Xã Tr??ng Thành,Xã,S?: 1668/NQ-UBTVQH15; Ngày: 16/06/2025,92,Thành ph? C?n Th?
31294,Xã Tr??ng Xuân,Xã,S?: 1668/NQ-UBTVQH15; Ngày: 16/06/2025,92,Thành ph? C?n Th?
31299,Xã Phong ?i?n,Xã,S?: 1668/NQ-UBTVQH15; Ngày: 16/06/2025,92,Thành ph? C?n Th?
31309,Xã Tr??ng Long,Xã,S?: 1668/NQ-UBTVQH15; Ngày: 16/06/2025,92,Thành ph? C?n Th?
31315,Xã Nh?n Ái,Xã,S?: 1668/NQ-UBTVQH15; Ngày: 16/06/2025,92,Thành ph? C?n Th?
31321,Ph??ng V? Thanh,Ph??ng,S?: 1668/NQ-UBTVQH15; Ngày: 16/06/2025,92,Thành ph? C?n Th?
31333,Ph??ng V? Tân,Ph??ng,S?: 1668/NQ-UBTVQH15; Ngày: 16/06/2025,92,Thành ph? C?n Th?
31338,Xã H?a L?u,Xã,S?: 1668/NQ-UBTVQH15; Ngày: 16/06/2025,92,Thành ph? C?n Th?
31340,Ph??ng Ngã B?y,Ph??ng,S?: 1668/NQ-UBTVQH15; Ngày: 16/06/2025,92,Thành ph? C?n Th?
31342,Xã Tân Hòa,Xã,S?: 1668/NQ-UBTVQH15; Ngày: 16/06/2025,92,Thành ph? C?n Th?
31348,Xã Tr??ng Long Tây,Xã,S?: 1668/NQ-UBTVQH15; Ngày: 16/06/2025,92,Thành ph? C?n Th?
31360,Xã Th?nh Xuân,Xã,S?: 1668/NQ-UBTVQH15; Ngày: 16/06/2025,92,Thành ph? C?n Th?
31366,Xã Châu Thành,Xã,S?: 1668/NQ-UBTVQH15; Ngày: 16/06/2025,92,Thành ph? C?n Th?
31369,Xã ?ông Ph??c,Xã,S?: 1668/NQ-UBTVQH15; Ngày: 16/06/2025,92,Thành ph? C?n Th?
31378,Xã Phú H?u,Xã,S?: 1668/NQ-UBTVQH15; Ngày: 16/06/2025,92,Thành ph? C?n Th?
31393,Xã Hòa An,Xã,S?: 1668/NQ-UBTVQH15; Ngày: 16/06/2025,92,Thành ph? C?n Th?
31396,Xã Hi?p H?ng,Xã,S?: 1668/NQ-UBTVQH15; Ngày: 16/06/2025,92,Thành ph? C?n Th?
31399,Xã Tân Bình,Xã,S?: 1668/NQ-UBTVQH15; Ngày: 16/06/2025,92,Thành ph? C?n Th?
31408,Xã Th?nh Hòa,Xã,S?: 1668/NQ-UBTVQH15; Ngày: 16/06/2025,92,Thành ph? C?n Th?
31411,Ph??ng ??i Thành,Ph??ng,S?: 1668/NQ-UBTVQH15; Ngày: 16/06/2025,92,Thành ph? C?n Th?
31420,Xã Ph?ng Hi?p,Xã,S?: 1668/NQ-UBTVQH15; Ngày: 16/06/2025,92,Thành ph? C?n Th?
31426,Xã Ph??ng Bình,Xã,S?: 1668/NQ-UBTVQH15; Ngày: 16/06/2025,92,Thành ph? C?n Th?
31432,Xã Tân Ph??c H?ng,Xã,S?: 1668/NQ-UBTVQH15; Ngày: 16/06/2025,92,Thành ph? C?n Th?
31441,Xã V? Th?y,Xã,S?: 1668/NQ-UBTVQH15; Ngày: 16/06/2025,92,Thành ph? C?n Th?
31453,Xã V?nh Thu?n ?ông,Xã,S?: 1668/NQ-UBTVQH15; Ngày: 16/06/2025,92,Thành ph? C?n Th?
31459,Xã  V?nh T??ng,Xã,S?: 1668/NQ-UBTVQH15; Ngày: 16/06/2025,92,Thành ph? C?n Th?
31465,Xã V? Thanh 1,Xã,S?: 1668/NQ-UBTVQH15; Ngày: 16/06/2025,92,Thành ph? C?n Th?
31471,Ph??ng Long M?  ,Ph??ng,S?: 1668/NQ-UBTVQH15; Ngày: 16/06/2025,92,Thành ph? C?n Th?
31473,Ph??ng Long Bình,Ph??ng,S?: 1668/NQ-UBTVQH15; Ngày: 16/06/2025,92,Thành ph? C?n Th?
31480,Ph??ng Long Phú 1,Ph??ng,S?: 1668/NQ-UBTVQH15; Ngày: 16/06/2025,92,Thành ph? C?n Th?
31489,Xã V?nh Vi?n,Xã,S?: 1668/NQ-UBTVQH15; Ngày: 16/06/2025,92,Thành ph? C?n Th?
31492,Xã L??ng Tâm,Xã,S?: 1668/NQ-UBTVQH15; Ngày: 16/06/2025,92,Thành ph? C?n Th?
31495,Xã Xà Phiên,Xã,S?: 1668/NQ-UBTVQH15; Ngày: 16/06/2025,92,Thành ph? C?n Th?
31507,Ph??ng Sóc Tr?ng,Ph??ng,S?: 1668/NQ-UBTVQH15; Ngày: 16/06/2025,92,Thành ph? C?n Th?
31510,Ph??ng Phú L?i,Ph??ng,S?: 1668/NQ-UBTVQH15; Ngày: 16/06/2025,92,Thành ph? C?n Th?
31528,Xã K? Sách,Xã,S?: 1668/NQ-UBTVQH15; Ngày: 16/06/2025,92,Thành ph? C?n Th?
31531,Xã An L?c Thôn,Xã,S?: 1668/NQ-UBTVQH15; Ngày: 16/06/2025,92,Thành ph? C?n Th?
31537,Xã Phong N?m,Xã,S?: 1668/NQ-UBTVQH15; Ngày: 16/06/2025,92,Thành ph? C?n Th?
31540,Xã Th?i An H?i,Xã,S?: 1668/NQ-UBTVQH15; Ngày: 16/06/2025,92,Thành ph? C?n Th?
31552,Xã Nh?n M?,Xã,S?: 1668/NQ-UBTVQH15; Ngày: 16/06/2025,92,Thành ph? C?n Th?
31561,Xã ??i H?i,Xã,S?: 1668/NQ-UBTVQH15; Ngày: 16/06/2025,92,Thành ph? C?n Th?
31567,Xã M? Tú,Xã,S?: 1668/NQ-UBTVQH15; Ngày: 16/06/2025,92,Thành ph? C?n Th?
31569,Xã Phú Tâm,Xã,S?: 1668/NQ-UBTVQH15; Ngày: 16/06/2025,92,Thành ph? C?n Th?
31570,Xã H? ??c Ki?n,Xã,S?: 1668/NQ-UBTVQH15; Ngày: 16/06/2025,92,Thành ph? C?n Th?
31579,Xã Long H?ng,Xã,S?: 1668/NQ-UBTVQH15; Ngày: 16/06/2025,92,Thành ph? C?n Th?
31582,Xã Thu?n Hòa,Xã,S?: 1668/NQ-UBTVQH15; Ngày: 16/06/2025,92,Thành ph? C?n Th?
31591,Xã M? H??ng,Xã,S?: 1668/NQ-UBTVQH15; Ngày: 16/06/2025,92,Thành ph? C?n Th?
31594,Xã An Ninh,Xã,S?: 1668/NQ-UBTVQH15; Ngày: 16/06/2025,92,Thành ph? C?n Th?
31603,Xã M? Ph??c,Xã,S?: 1668/NQ-UBTVQH15; Ngày: 16/06/2025,92,Thành ph? C?n Th?
31615,Xã An Th?nh,Xã,S?: 1668/NQ-UBTVQH15; Ngày: 16/06/2025,92,Thành ph? C?n Th?
31633,Xã Cù Lao Dung,Xã,S?: 1668/NQ-UBTVQH15; Ngày: 16/06/2025,92,Thành ph? C?n Th?
31639,Xã Long Phú,Xã,S?: 1668/NQ-UBTVQH15; Ngày: 16/06/2025,92,Thành ph? C?n Th?
31645,Xã ??i Ngãi,Xã,S?: 1668/NQ-UBTVQH15; Ngày: 16/06/2025,92,Thành ph? C?n Th?
31654,Xã Tr??ng Khánh,Xã,S?: 1668/NQ-UBTVQH15; Ngày: 16/06/2025,92,Thành ph? C?n Th?
31666,Xã Tân Th?nh,Xã,S?: 1668/NQ-UBTVQH15; Ngày: 16/06/2025,92,Thành ph? C?n Th?
31673,Xã Tr?n ??,Xã,S?: 1668/NQ-UBTVQH15; Ngày: 16/06/2025,92,Thành ph? C?n Th?
31675,Xã Liêu Tú,Xã,S?: 1668/NQ-UBTVQH15; Ngày: 16/06/2025,92,Thành ph? C?n Th?
31679,Xã L?ch H?i Th??ng,Xã,S?: 1668/NQ-UBTVQH15; Ngày: 16/06/2025,92,Thành ph? C?n Th?
31684,Ph??ng M? Xuyên,Ph??ng,S?: 1668/NQ-UBTVQH15; Ngày: 16/06/2025,92,Thành ph? C?n Th?
31687,Xã Tài V?n,Xã,S?: 1668/NQ-UBTVQH15; Ngày: 16/06/2025,92,Thành ph? C?n Th?
31699,Xã Th?nh Th?i An,Xã,S?: 1668/NQ-UBTVQH15; Ngày: 16/06/2025,92,Thành ph? C?n Th?
31708,Xã Nhu Gia,Xã,S?: 1668/NQ-UBTVQH15; Ngày: 16/06/2025,92,Thành ph? C?n Th?
31717,Xã Hòa Tú,Xã,S?: 1668/NQ-UBTVQH15; Ngày: 16/06/2025,92,Thành ph? C?n Th?
31723,Xã Ng?c T?,Xã,S?: 1668/NQ-UBTVQH15; Ngày: 16/06/2025,92,Thành ph? C?n Th?
31726,Xã Gia Hòa,Xã,S?: 1668/NQ-UBTVQH15; Ngày: 16/06/2025,92,Thành ph? C?n Th?
31732,Ph??ng Ngã N?m,Ph??ng,S?: 1668/NQ-UBTVQH15; Ngày: 16/06/2025,92,Thành ph? C?n Th?
31741,Xã Tân Long,Xã,S?: 1668/NQ-UBTVQH15; Ngày: 16/06/2025,92,Thành ph? C?n Th?
31753,Ph??ng M? Qu?i,Ph??ng,S?: 1668/NQ-UBTVQH15; Ngày: 16/06/2025,92,Thành ph? C?n Th?
31756,Xã Phú L?c,Xã,S?: 1668/NQ-UBTVQH15; Ngày: 16/06/2025,92,Thành ph? C?n Th?
31759,Xã Lâm Tân,Xã,S?: 1668/NQ-UBTVQH15; Ngày: 16/06/2025,92,Thành ph? C?n Th?
31777,Xã V?nh L?i,Xã,S?: 1668/NQ-UBTVQH15; Ngày: 16/06/2025,92,Thành ph? C?n Th?
31783,Ph??ng V?nh Châu,Ph??ng,S?: 1668/NQ-UBTVQH15; Ngày: 16/06/2025,92,Thành ph? C?n Th?
31789,Ph??ng Khánh Hòa,Ph??ng,S?: 1668/NQ-UBTVQH15; Ngày: 16/06/2025,92,Thành ph? C?n Th?
31795,Xã V?nh H?i,Xã,S?: 1668/NQ-UBTVQH15; Ngày: 16/06/2025,92,Thành ph? C?n Th?
31804,Ph??ng V?nh Ph??c,Ph??ng,S?: 1668/NQ-UBTVQH15; Ngày: 16/06/2025,92,Thành ph? C?n Th?
31810,Xã Lai Hòa,Xã,S?: 1668/NQ-UBTVQH15; Ngày: 16/06/2025,92,Thành ph? C?n Th?
31825,Ph??ng B?c Liêu,Ph??ng,S?: 1655/NQ-UBTVQH15; Ngày: 16/06/2025,96,T?nh Cà Mau
31834,Ph??ng V?nh Tr?ch,Ph??ng,S?: 1655/NQ-UBTVQH15; Ngày: 16/06/2025,96,T?nh Cà Mau
31840,Ph??ng Hi?p Thành,Ph??ng,S?: 1655/NQ-UBTVQH15; Ngày: 16/06/2025,96,T?nh Cà Mau
31843,Xã H?ng Dân,Xã,S?: 1655/NQ-UBTVQH15; Ngày: 16/06/2025,96,T?nh Cà Mau
31849,Xã Ninh Qu?i,Xã,S?: 1655/NQ-UBTVQH15; Ngày: 16/06/2025,96,T?nh Cà Mau
31858,Xã V?nh L?c,Xã,S?: 1655/NQ-UBTVQH15; Ngày: 16/06/2025,96,T?nh Cà Mau
31864,Xã Ninh Th?nh L?i,Xã,S?: 1655/NQ-UBTVQH15; Ngày: 16/06/2025,96,T?nh Cà Mau
31867,Xã Ph??c Long,Xã,S?: 1655/NQ-UBTVQH15; Ngày: 16/06/2025,96,T?nh Cà Mau
31876,Xã V?nh Ph??c,Xã,S?: 1655/NQ-UBTVQH15; Ngày: 16/06/2025,96,T?nh Cà Mau
31882,Xã V?nh Thanh,Xã,S?: 1655/NQ-UBTVQH15; Ngày: 16/06/2025,96,T?nh Cà Mau
31885,Xã Phong Hi?p,Xã,S?: 1655/NQ-UBTVQH15; Ngày: 16/06/2025,96,T?nh Cà Mau
31891,Xã Hòa Bình,Xã,S?: 1655/NQ-UBTVQH15; Ngày: 16/06/2025,96,T?nh Cà Mau
31894,Xã Châu Th?i,Xã,S?: 1655/NQ-UBTVQH15; Ngày: 16/06/2025,96,T?nh Cà Mau
31900,Xã V?nh L?i,Xã,S?: 1655/NQ-UBTVQH15; Ngày: 16/06/2025,96,T?nh Cà Mau
31906,Xã H?ng H?i,Xã,S?: 1655/NQ-UBTVQH15; Ngày: 16/06/2025,96,T?nh Cà Mau
31918,Xã V?nh M?,Xã,S?: 1655/NQ-UBTVQH15; Ngày: 16/06/2025,96,T?nh Cà Mau
31927,Xã V?nh H?u  ,Xã,S?: 1655/NQ-UBTVQH15; Ngày: 16/06/2025,96,T?nh Cà Mau
31942,Ph??ng Giá Rai,Ph??ng,S?: 1655/NQ-UBTVQH15; Ngày: 16/06/2025,96,T?nh Cà Mau
31951,Ph??ng Láng Tròn,Ph??ng,S?: 1655/NQ-UBTVQH15; Ngày: 16/06/2025,96,T?nh Cà Mau
31957,Xã Phong Th?nh,Xã,S?: 1655/NQ-UBTVQH15; Ngày: 16/06/2025,96,T?nh Cà Mau
31972,Xã Gành Hào,Xã,S?: 1655/NQ-UBTVQH15; Ngày: 16/06/2025,96,T?nh Cà Mau
31975,Xã ?ông H?i,Xã,S?: 1655/NQ-UBTVQH15; Ngày: 16/06/2025,96,T?nh Cà Mau
31985,Xã Long ?i?n,Xã,S?: 1655/NQ-UBTVQH15; Ngày: 16/06/2025,96,T?nh Cà Mau
31988,Xã An Tr?ch,Xã,S?: 1655/NQ-UBTVQH15; Ngày: 16/06/2025,96,T?nh Cà Mau
31993,Xã ??nh Thành,Xã,S?: 1655/NQ-UBTVQH15; Ngày: 16/06/2025,96,T?nh Cà Mau
32002,Ph??ng An Xuyên,Ph??ng,S?: 1655/NQ-UBTVQH15; Ngày: 16/06/2025,96,T?nh Cà Mau
32014,Ph??ng Lý V?n Lâm,Ph??ng,S?: 1655/NQ-UBTVQH15; Ngày: 16/06/2025,96,T?nh Cà Mau
32025,Ph??ng Tân Thành,Ph??ng,S?: 1655/NQ-UBTVQH15; Ngày: 16/06/2025,96,T?nh Cà Mau
32041,Ph??ng Hòa Thành,Ph??ng,S?: 1655/NQ-UBTVQH15; Ngày: 16/06/2025,96,T?nh Cà Mau
32044,Xã Nguy?n Phích,Xã,S?: 1655/NQ-UBTVQH15; Ngày: 16/06/2025,96,T?nh Cà Mau
32047,Xã U Minh,Xã,S?: 1655/NQ-UBTVQH15; Ngày: 16/06/2025,96,T?nh Cà Mau
32059,Xã Khánh An,Xã,S?: 1655/NQ-UBTVQH15; Ngày: 16/06/2025,96,T?nh Cà Mau
32062,Xã Khánh Lâm,Xã,S?: 1655/NQ-UBTVQH15; Ngày: 16/06/2025,96,T?nh Cà Mau
32065,Xã Th?i Bình,Xã,S?: 1655/NQ-UBTVQH15; Ngày: 16/06/2025,96,T?nh Cà Mau
32069,Xã Bi?n B?ch,Xã,S?: 1655/NQ-UBTVQH15; Ngày: 16/06/2025,96,T?nh Cà Mau
32071,Xã Trí Ph?i,Xã,S?: 1655/NQ-UBTVQH15; Ngày: 16/06/2025,96,T?nh Cà Mau
32083,Xã Tân L?c,Xã,S?: 1655/NQ-UBTVQH15; Ngày: 16/06/2025,96,T?nh Cà Mau
32092,Xã H? Th? K?,Xã,S?: 1655/NQ-UBTVQH15; Ngày: 16/06/2025,96,T?nh Cà Mau
32095,Xã Tr?n V?n Th?i,Xã,S?: 1655/NQ-UBTVQH15; Ngày: 16/06/2025,96,T?nh Cà Mau
32098,Xã Sông ??c,Xã,S?: 1655/NQ-UBTVQH15; Ngày: 16/06/2025,96,T?nh Cà Mau
32104,Xã ?á B?c,Xã,S?: 1655/NQ-UBTVQH15; Ngày: 16/06/2025,96,T?nh Cà Mau
32110,Xã Khánh Bình,Xã,S?: 1655/NQ-UBTVQH15; Ngày: 16/06/2025,96,T?nh Cà Mau
32119,Xã Khánh H?ng,Xã,S?: 1655/NQ-UBTVQH15; Ngày: 16/06/2025,96,T?nh Cà Mau
32128,Xã Cái N??c,Xã,S?: 1655/NQ-UBTVQH15; Ngày: 16/06/2025,96,T?nh Cà Mau
32134,Xã L??ng Th? Trân,Xã,S?: 1655/NQ-UBTVQH15; Ngày: 16/06/2025,96,T?nh Cà Mau
32137,Xã Tân H?ng,Xã,S?: 1655/NQ-UBTVQH15; Ngày: 16/06/2025,96,T?nh Cà Mau
32140,Xã H?ng M?,Xã,S?: 1655/NQ-UBTVQH15; Ngày: 16/06/2025,96,T?nh Cà Mau
32152,Xã ??m D?i,Xã,S?: 1655/NQ-UBTVQH15; Ngày: 16/06/2025,96,T?nh Cà Mau
32155,Xã T? An Kh??ng,Xã,S?: 1655/NQ-UBTVQH15; Ngày: 16/06/2025,96,T?nh Cà Mau
32161,Xã Tr?n Phán,Xã,S?: 1655/NQ-UBTVQH15; Ngày: 16/06/2025,96,T?nh Cà Mau
32167,Xã Tân Thu?n,Xã,S?: 1655/NQ-UBTVQH15; Ngày: 16/06/2025,96,T?nh Cà Mau
32182,Xã Quách Ph?m,Xã,S?: 1655/NQ-UBTVQH15; Ngày: 16/06/2025,96,T?nh Cà Mau
32185,Xã Thanh Tùng,Xã,S?: 1655/NQ-UBTVQH15; Ngày: 16/06/2025,96,T?nh Cà Mau
32188,Xã Tân Ti?n,Xã,S?: 1655/NQ-UBTVQH15; Ngày: 16/06/2025,96,T?nh Cà Mau
32191,Xã N?m C?n,Xã,S?: 1655/NQ-UBTVQH15; Ngày: 16/06/2025,96,T?nh Cà Mau
32201,Xã ??t M?i,Xã,S?: 1655/NQ-UBTVQH15; Ngày: 16/06/2025,96,T?nh Cà Mau
32206,Xã Tam Giang,Xã,S?: 1655/NQ-UBTVQH15; Ngày: 16/06/2025,96,T?nh Cà Mau
32212,Xã Cái ?ôi Vàm,Xã,S?: 1655/NQ-UBTVQH15; Ngày: 16/06/2025,96,T?nh Cà Mau
32214,Xã Phú M?,Xã,S?: 1655/NQ-UBTVQH15; Ngày: 16/06/2025,96,T?nh Cà Mau
32218,Xã Phú Tân,Xã,S?: 1655/NQ-UBTVQH15; Ngày: 16/06/2025,96,T?nh Cà Mau
32227,Xã Nguy?n Vi?t Khái,Xã,S?: 1655/NQ-UBTVQH15; Ngày: 16/06/2025,96,T?nh Cà Mau
32236,Xã Tân Ân,Xã,S?: 1655/NQ-UBTVQH15; Ngày: 16/06/2025,96,T?nh Cà Mau
32244,Xã Phan Ng?c Hi?n,Xã,S?: 1655/NQ-UBTVQH15; Ngày: 16/06/2025,96,T?nh Cà Mau
32248,Xã ??t M?i,Xã,S?: 1655/NQ-UBTVQH15; Ngày: 16/06/2025,96,T?nh Cà Mau
